split,image_path,label,source_class_id,left_ear,right_ear,mean_ear,ear_diff,mar,mar_to_ear,pitch_degrees,yaw_degrees,roll_degrees
train,data\train\images\10000_jpg.rf.48eb73960468fe13ce49fc0dd86bb72f.jpg,0,0,0.49672264725575244,0.6604406635270399,0.5785816553913962,0.16371801627128746,0.0579321556780685,0.10012788193030218,177.92207328995931,-40.4780637473375,8.165062631620765
train,data\train\images\10001_jpg.rf.4a5291f85ab53655852250031c61ca8b.jpg,0,0,0.49047512392518494,0.6689241639845199,0.5796996439548524,0.17844904005933498,0.14168849945206177,0.24441708896943296,179.86557651152893,-43.224143588080906,8.158492742383759
train,data\train\images\10002_jpg.rf.f6f026df26674e7f7c49cd67f5e32336.jpg,0,0,0.4751937042926938,0.58453019626423,0.5298619502784618,0.10933649197153616,0.05605801659761389,0.10579739980980585,179.36942766181258,-39.26310385508034,7.340855644736898
train,data\train\images\10003_jpg.rf.2f88781a5d589e289c6e36e250c1e3f4.jpg,0,0,0.48016030778974383,0.6126369128370144,0.5463986103133791,0.13247660504727055,0.03484721001251539,0.06377616881662504,179.3877564040757,-39.54926987907642,5.470200779634238
train,data\train\images\10004_jpg.rf.a24911caa3f551b6101d7ecf56cf5f5c.jpg,0,0,0.4544257415506628,0.5913569844929916,0.5228913630218271,0.13693124294232878,0.06636563550999086,0.1269205043404409,179.02148827104756,-40.53233836803522,7.142740836057978
train,data\train\images\10005_jpg.rf.ff716690064aadc6f75862a66348b0ea.jpg,0,0,0.47846454148305445,0.6351260283178798,0.5567952849004671,0.15666148683482534,0.06891732974062706,0.12377498806037256,-178.89761130075502,-41.51603070769054,6.5059969783310025
train,data\train\images\10006_jpg.rf.e4107adbec658af6e8835a70a5417bf7.jpg,0,0,0.4342613377825667,0.5210896104710527,0.4776754741268097,0.08682827268848603,0.22575162433815,0.47260459572646835,-179.07749528290003,-34.57557899848526,5.257703823172511
train,data\train\images\10007_jpg.rf.eb420640342c6b897001b438bab6d932.jpg,0,0,0.3926535458584111,0.4606852718741641,0.42666940886628757,0.06803172601575297,0.20049793277023356,0.4699140097786268,-156.88739877677412,-49.28972762684582,168.13703250371805
train,data\train\images\10008_jpg.rf.bee66e2003229a86bc35ff926321ddea.jpg,0,0,0.2517844750016414,0.3344840146407927,0.2931342448212171,0.08269953963915128,0.2109130813115704,0.7195102074826042,-178.05770946514392,-31.241426897272273,5.161062803734566
train,data\train\images\10009_jpg.rf.bef82eea1bd99626dc70655866795661.jpg,0,0,0.4012950515017912,0.47190061199372424,0.4365978317477577,0.07060556049193306,0.11511080487229651,0.2636540919396989,-178.57680475853925,-33.62777756319102,4.287537062542775
train,data\train\images\10011_jpg.rf.9a3e08dd06a77a28d5ea136953d96c86.jpg,0,0,0.37801135479290415,0.45553831427634034,0.4167748345346223,0.07752695948343619,0.21254543010514268,0.5099766408460685,-176.60987354161574,-34.07184745155315,1.6061807329400886
train,data\train\images\10015_jpg.rf.7075721d40f69d95bd3a8ebb0bc1cd27.jpg,0,0,0.44774397152268186,0.5718174161562276,0.5097806938394547,0.12407344463354575,0.1793194234455295,0.35175797281566457,179.408213566954,-39.14159994812041,6.767920990424054
train,data\train\images\10016_jpg.rf.cafac5f77dd842bc91654d1d5f49301a.jpg,0,0,0.4495602744247478,0.5490719339898198,0.4993161042072838,0.09951165956507202,0.25392716886089256,0.5085499280341225,-178.4380844795635,-36.98354204945698,3.661350297341439
train,data\train\images\10017_jpg.rf.2d939885b99557e95f5e57607f7c140c.jpg,0,0,0.4389135149333333,0.5506266462204327,0.494770080576883,0.11171313128709937,0.3814245073885571,0.770912636721749,-178.47340467884928,-40.23256164267967,7.337316071054774
train,data\train\images\10020_jpg.rf.606a0d16e7f29179eb55fc976c97dd4a.jpg,0,0,0.49267219421792646,0.6154807585522144,0.5540764763850704,0.12280856433428794,0.36848350794685597,0.6650408809103969,-178.85148499779092,-40.58089801621915,6.053537106875489
train,data\train\images\10021_jpg.rf.7166a066ff500855064f69c903987cb3.jpg,0,0,0.45476384014885624,0.594047172493178,0.5244055063210171,0.13928333234432172,0.0762441590974333,0.1453916066448778,-176.83404974927853,-37.00207368265183,4.318207707791056
train,data\train\images\10022_jpg.rf.67d8d070a4664fab8ea347d4f7951d3d.jpg,0,0,0.4517696282506881,0.587604383348328,0.519687005799508,0.13583475509763987,0.193989170768444,0.37328077978398366,-177.8806993247068,-34.45499945685303,4.367594217660031
train,data\train\images\10023_jpg.rf.eb4cab61a868f03da413e14299cc8ab4.jpg,0,0,0.3716535203229798,0.4167580096251268,0.39420576497405335,0.045104489302147,0.007656747483615954,0.01942322554344156,171.23573598194366,-10.966038917413139,3.579484088760304
train,data\train\images\10024_jpg.rf.2fa56658cd970594bf4ac93317f4018d.jpg,0,0,0.4411876853691353,0.36245118653960007,0.40181943595436764,0.0787364988295352,0.18920025928423265,0.470858904161418,179.37404824557194,30.077868102923517,-2.144206255612188
train,data\train\images\10026_jpg.rf.2441ede06d9aef3787e32d9bbdcadf82.jpg,0,0,0.34441801796970783,0.3290222583612128,0.3367201381654603,0.015395759608495041,0.11585272678568267,0.34406236412493396,170.6987945198896,2.419644527980493,-0.4201913165924676
train,data\train\images\10027_jpg.rf.10ed9188dafae72b8db68fadb13936d2.jpg,0,0,0.3407458694504944,0.32684668126733274,0.33379627535891354,0.01389918818316166,0.158019612811365,0.47340136627185203,169.57511217665137,2.464835044596327,0.4186824976758579
train,data\train\images\10029_jpg.rf.46967584d9077a8d49cbf9d6f72ba7f4.jpg,0,0,0.3510045407971701,0.3486227667924913,0.3498136537948307,0.0023817740046787605,0.009602956330352956,0.027451633823261767,171.71321157115543,1.9951745333043078,-0.024589026131771188
train,data\train\images\10030_jpg.rf.c4ff074d73204d627b1136cdd5359acc.jpg,0,0,0.36345898650995634,0.35691218711802714,0.3601855868139917,0.006546799391929203,0.14822121324654675,0.41151344937933804,172.35684810220576,-1.0708452708138887,0.9762059770734439
train,data\train\images\10033_jpg.rf.0c622dab6dca5d45f8edee17bf9c0671.jpg,0,0,0.37619964557767366,0.3699362798431444,0.37306796271040904,0.006263365734529236,0.21112432478510001,0.5659138438241709,170.51407238952035,-0.2408530071255962,1.4392431937284038
train,data\train\images\10034_jpg.rf.e0b502da857c02272b6be3d598cd5c47.jpg,0,0,0.3682509880882131,0.35643086456167833,0.36234092632494574,0.011820123526534776,0.01363251572142684,0.03762344999140743,170.61551001008354,3.1551757574886894,0.32489006883996807
train,data\train\images\10035_jpg.rf.1a779132aea42c4740ec0b7ecd1b67fb.jpg,0,0,0.37435042002764485,0.3590735100479086,0.3667119650377767,0.015276909979736242,0.004587070453294003,0.012508646814459594,170.34916449732074,5.332383757435005,-0.2785430356285547
train,data\train\images\10036_jpg.rf.cbc83cb0350a133e782a09afd8c31ba3.jpg,0,0,0.36290046507523477,0.3653758485203413,0.36413815679778805,0.002475383445106505,0.013955322226618385,0.038324251293357335,170.22899743407885,3.9396360402305617,-0.32521908417770296
train,data\train\images\10037_jpg.rf.8cc3a67a9bcd818dcd71f2577b9e93c0.jpg,0,0,0.38397802408232246,0.38193040311275267,0.38295421359753756,0.0020476209695697856,0.0040965609503711845,0.01069726041629726,172.63040835350316,4.396921597192675,-0.6882101425725115
train,data\train\images\10038_jpg.rf.4d42f6ac75a8541513308979216c71b4.jpg,0,0,0.37608282069776594,0.3664024133184717,0.3712426170081188,0.009680407379294265,0.18690056958174897,0.5034458896125646,168.24606803521522,0.9919855743421012,1.6049214723114675
train,data\train\images\10039_jpg.rf.d646a57dc35380859f7b64393505f949.jpg,0,0,0.1344606562441721,0.0842275548329444,0.10934410553855825,0.05023310141122771,0.17822694356258725,1.6299638895462791,169.72815379543582,8.868797687141479,3.7435430149096067
train,data\train\images\10040_jpg.rf.d1eb7a59c4fac0f4519b75cf595bd715.jpg,0,0,0.41752474331166217,0.36789280530904317,0.39270877431035267,0.049631938002619,0.13652035643738392,0.3476376525508789,173.59404534279864,22.235348426604602,-2.7306485985732496
train,data\train\images\10043_jpg.rf.6e6a63ebd4c3f7b79e02abef8adac9f7.jpg,0,0,0.4796996245316495,0.38898006920688555,0.4343398468692675,0.09071955532476395,0.013322967962702915,0.03067406331409656,178.61051213745878,30.027508201460872,-1.4646930961546933
train,data\train\images\10044_jpg.rf.1208f00a26ff7d8aa86812855bb92b1f.jpg,0,0,0.5165045270864159,0.40152760389074615,0.45901606548858104,0.11497692319566977,0.09505848843577215,0.2070918549105487,178.0445566413769,31.879752962386448,-1.177177471837831
train,data\train\images\10045_jpg.rf.959f0a37b650705c48d36e56a0033953.jpg,0,0,0.4823423310493582,0.39221106675643747,0.43727669890289783,0.09013126429292073,0.014170586242101503,0.03240645174475267,178.68781970661752,30.396858490823394,-0.8692178715149484
train,data\train\images\10046_jpg.rf.ee06472b98f24ac6bd96e44c87f548e0.jpg,0,0,0.48038819872617167,0.37901016298568596,0.42969918085592884,0.1013780357404857,0.04299413552138343,0.10005635904574524,176.7582259915842,29.89285473322,-1.986787158581987
train,data\train\images\10048_jpg.rf.a5e1b9f441d7ae19a5eca59699f029dd.jpg,0,0,0.4392602109897205,0.35101454584765074,0.3951373784186856,0.08824566514206977,0.007119362333746686,0.018017435764335725,178.50434584286805,30.025905672452144,-1.0557830115022235
train,data\train\images\10049_jpg.rf.71b459d8be16fb21f7527129b86ca074.jpg,0,0,0.43941161085019753,0.3521079283340454,0.39575976959212145,0.08730368251615211,0.010165998468771094,0.02568729630919381,176.20818227017503,28.519266241230344,-3.128857531743426
train,data\train\images\10050_jpg.rf.3840b5cac4931e6162a764cfa88a895c.jpg,0,0,0.4651133528770593,0.3658217042346989,0.4154675285558791,0.0992916486423604,0.012423546737859864,0.029902569717163673,176.65786556140708,30.139920436923436,-2.8409647611915756
train,data\train\images\10053_jpg.rf.ebfd1f41c9dd2b141762bdd9a1c52515.jpg,0,0,0.36145893049215155,0.4382842725703121,0.3998716015312318,0.07682534207816055,0.0055047279196000064,0.013766238708927325,169.3592350482077,-23.385261198549873,8.81097310345024
train,data\train\images\10054_jpg.rf.baa77f5e05ac1a5527b081e16e3b91ed.jpg,0,0,0.38927961738902334,0.3179189787712354,0.35359929808012935,0.07136063861778791,0.3231282853725382,0.9138261504673968,168.9634276809456,18.241019619829775,-3.002718610233432
train,data\train\images\10055_jpg.rf.61e072ab7d2ce2ac7c4c847521843248.jpg,0,0,0.353630520514901,0.4303013645619024,0.39196594253840167,0.07667084404700136,0.0050075199518786915,0.012775395534238527,169.46052917201186,-24.404487112245462,8.73841429173188
train,data\train\images\10056_jpg.rf.2aa1268e3dc11931c3ea4a0562953e64.jpg,0,0,0.19415130946225767,0.2051025105818188,0.19962691002203825,0.010951201119561133,0.006511242522341787,0.032617058099145876,167.0178201418554,-18.73475988255463,7.9235626377979465
train,data\train\images\10057_jpg.rf.dec1f80393754472ac4e19d56ce44fb6.jpg,0,0,0.17687508483974337,0.08196111962856169,0.12941810223415254,0.09491396521118169,0.00704092388958514,0.054404474861223004,170.8578598094806,15.372677624578708,-2.245190800241394
train,data\train\images\10059_jpg.rf.0302b82e1c6443552752976970bcfaf7.jpg,0,0,0.6922177315422753,0.3075819982477328,0.49989986489500404,0.3846357332945425,0.015380700951197717,0.030767563728844347,168.97380686958127,41.68226166624599,-12.666600488179213
train,data\train\images\10062_jpg.rf.ea589157ccde7a6670d3a2f5935ac597.jpg,0,0,0.35573799238552756,0.41512666093689615,0.38543232666121185,0.059388668551368595,0.009999644351974124,0.025943969045345884,168.88057118264925,-8.647443275134194,4.577935352814452
train,data\train\images\10063_jpg.rf.5006fa3e88c62a98246a6b3438588976.jpg,0,0,0.41547135190437606,0.35906310087764953,0.3872672263910128,0.05640825102672653,0.1829162205321348,0.47232558829403615,-172.13463741855955,31.568672292217244,0.8491391664645782
train,data\train\images\10064_jpg.rf.b3755e65a36cb7347ae26c9f66a68801.jpg,0,0,0.41234069733876266,0.3407487939113909,0.3765447456250768,0.07159190342737176,0.17362177264091122,0.46109200741254086,-175.44665164047865,29.75964728023332,-0.04823578040591725
train,data\train\images\10065_jpg.rf.30fb11f0f406c72042249e55d8777491.jpg,0,0,0.42576534187423565,0.36345493010045715,0.3946101359873464,0.062310411773778496,0.18542115741109624,0.4698844264280175,-174.02471172342854,30.587070317514776,1.6587794359535613
train,data\train\images\10068_jpg.rf.e0a905b389adaf3fda6c0f255f1d44a8.jpg,0,0,0.46011800412207854,0.5500607081602448,0.5050893561411617,0.08994270403816623,0.015844461581917404,0.03136962081911149,177.94363306302694,-36.87399075045827,4.603523153250246
train,data\train\images\10069_jpg.rf.2bfc858bda4bc48bf53bc01a779a3c0a.jpg,0,0,0.44169448220155544,0.5295597385220296,0.4856271103617925,0.0878652563204742,0.01709878996925128,0.03520971050506771,178.4986101311271,-33.429574807089054,4.495629924606531
train,data\train\images\10070_jpg.rf.5e576304d7d53d57b6c25ffcbde1a23b.jpg,0,0,0.43563548886429265,0.546103038002236,0.4908692634332643,0.11046754913794338,0.016214514734758757,0.03303224695991418,179.89187629185363,-39.04558878346578,4.633379900175193
train,data\train\images\10071_jpg.rf.3d2a02810dc58d47c527c2b09de1a65c.jpg,0,0,0.4419286523736086,0.5406129347119408,0.4912707935427747,0.09868428233833221,0.011709095273366943,0.02383429959051176,-159.98764780471245,-44.25599342481538,168.33551884524198
train,data\train\images\10072_jpg.rf.075037bde9ae294ede5553f0d3a31609.jpg,0,0,0.17638447454795264,0.31954246252326596,0.2479634685356093,0.14315798797531332,0.04120927573275755,0.1661909150413405,-177.4995503084055,-41.70499603695974,3.0156576101599017
train,data\train\images\10073_jpg.rf.c122ec9828e155871d5663b3908a1c93.jpg,0,0,0.4642133702881802,0.5727812835681032,0.5184973269281417,0.10856791327992299,0.019768369109295192,0.03812627005507182,-178.04618708059718,-38.03252349974947,2.9288426939805072
train,data\train\images\10074_jpg.rf.c82c1b3e3360bdfdf895e4448513bea0.jpg,0,0,0.43796175013690297,0.5646087569453965,0.5012852535411497,0.1266470068084935,0.015532376807207983,0.03098510617953567,-179.81440645956758,-39.15339559985264,4.348117785551187
train,data\train\images\10075_jpg.rf.86538d5f7da03beadca23a5a22982808.jpg,0,0,0.4272598327352567,0.523477810473836,0.47536882160454635,0.09621797773857932,0.01749469353815677,0.03680235796513891,177.0180429824504,-33.26660174940026,4.366259950357824
train,data\train\images\10076_jpg.rf.ca86d8d7832944dac2af0c770a93ae18.jpg,0,0,0.4704711894963219,0.5548175489674444,0.5126443692318832,0.08434635947112251,0.022082284560634578,0.04307525038014443,179.67149907846988,-38.44210366519151,5.233679698075947
train,data\train\images\10077_jpg.rf.ac4fd47cdfd1576234048d63a992477c.jpg,0,0,0.47966243512542456,0.5659257098166033,0.522794072471014,0.08626327469117873,0.019899937406082556,0.03806458116868932,177.22875002850364,-37.80319793497375,3.766882720989194
train,data\train\images\10081_jpg.rf.42a78c56d423b98e9db06582a4c61d55.jpg,0,0,0.34462634922069485,0.43707428328959347,0.39085031625514416,0.09244793406889862,0.24860160227211928,0.6360532202047241,-153.2185041759059,-43.95614924663081,163.4368115362397
train,data\train\images\10082_jpg.rf.92ed3545e1d7d3a2b37a7c940c44fd08.jpg,0,0,0.3693851729075274,0.4629092350334441,0.41614720397048577,0.09352406212591668,0.17077174470168296,0.410363792120527,-147.77319149393912,-41.66000654924404,160.89842037568692
train,data\train\images\10083_jpg.rf.0f3208b2af1e16002ba1263c46edb3ac.jpg,0,0,0.3987696588185409,0.4280453741246191,0.41340751647158,0.029275715306078254,0.1832577055049776,0.44328585766673106,-178.6237693246022,-37.086684547950426,2.656686964336678
train,data\train\images\10084_jpg.rf.e4ea27e80efb87bb79badeee5e02cc35.jpg,0,0,0.4042588685636397,0.4982013973145311,0.4512301329390854,0.09394252875089143,0.2824838881378677,0.6260306382863,179.75927125130497,-36.24145163865781,4.654194597843024
train,data\train\images\10086_jpg.rf.770e1081bace95df88eb74c1b4b8c520.jpg,0,0,0.4011446885098135,0.46079984975708643,0.43097226913345,0.059655161247272936,0.01619387973327586,0.03757522442415303,-178.2638437515218,-36.539620715434616,1.7877119405145716
train,data\train\images\10087_jpg.rf.1172afa2d0836526558f5d4e5a6fd2f5.jpg,0,0,0.4574694149875041,0.5355121093717456,0.49649076217962484,0.07804269438424155,0.037706523711409264,0.0759460730867888,-174.6327761471121,-37.656092330872575,1.1102076729431147
train,data\train\images\10088_jpg.rf.a9a964ab47c51c784fa0e0126b989482.jpg,0,0,0.3179134849439878,0.4258272452686196,0.37187036510630367,0.10791376032463179,0.3628773645333323,0.9758168399076366,-178.2038492807449,-41.918108934679815,3.3165788982474877
train,data\train\images\10091_jpg.rf.641bd08ad31d10b0fc6fa15486300e84.jpg,0,0,0.14962282405768346,0.19319990253098623,0.17141136329433485,0.04357707847330278,0.16328931257856275,0.9526166144433171,177.66493503277488,-32.0548705396878,5.061465924779636
train,data\train\images\10092_jpg.rf.bb0e41246a23420e0c169cb5c5681418.jpg,0,0,0.42791085023990066,0.5555267983222162,0.4917188242810584,0.12761594808231552,0.04916288077405689,0.09998169349310124,-178.34885609608082,-41.92733615282483,3.8991929742317373
train,data\train\images\10093_jpg.rf.f2b4353c2f9dad8a12c97e267d8c96f3.jpg,0,0,0.4104951780653404,0.4721093331115649,0.44130225558845265,0.06161415504622447,0.2484552307057237,0.5630046698366001,179.8361973950766,-35.99150295558356,4.802114434622421
train,data\train\images\10094_jpg.rf.e45ebd2eacfb68dfbac0d14325d24a04.jpg,0,0,0.38133766804066094,0.45524128951515724,0.4182894787779091,0.0739036214744963,0.19468300959379356,0.4654265035845201,-179.33010503583887,-23.681305125978547,1.885038795684921
train,data\train\images\10095_jpg.rf.839c09454e9ed8eed5fd21d18d6fe3ed.jpg,0,0,0.3532785198800116,0.4206808372924608,0.38697967858623616,0.06740231741244923,0.2524200028595765,0.6522823208230201,-177.62985098070035,-36.23998139422395,2.0729771707674214
train,data\train\images\10096_jpg.rf.25feea2b80e0de6894ffeb3010de53f8.jpg,0,0,0.39488121547828386,0.5019305704876664,0.4484058929829752,0.10704935500938256,0.263460516553974,0.5875491840692132,-178.44484858535026,-39.93611107122656,6.308082759490181
train,data\train\images\10098_jpg.rf.59da385587b22f5dc0c851bbeac19d35.jpg,0,0,0.20391216811406798,0.5206879093260937,0.3623000387200808,0.3167757412120257,0.02592651067549882,0.0715608829827647,128.5367831589852,70.38562832415298,-65.92033932701477
train,data\train\images\10100_jpg.rf.b38017b366bcc9ff529c52fbe9cf902d.jpg,0,0,0.32848178081562296,0.4614390850383359,0.39496043292697947,0.13295730422271296,0.04720861127767642,0.11952744462988873,163.37909165266632,-46.88838780060113,13.239594680417799
train,data\train\images\10101_jpg.rf.35c410910e736790cc0c5b13e3b76b46.jpg,0,0,0.2843022320086269,0.35339213682930865,0.31884718441896776,0.06908990482068172,0.03237450240484632,0.10153610879093092,170.34408953874583,-30.03657317454041,6.3296968429488
train,data\train\images\10102_jpg.rf.68a54e9c29408942a59a095904ef4e5f.jpg,0,0,0.24846645269755308,0.32194897203435807,0.28520771236595555,0.073482519336805,0.06770153858848528,0.23737625475434593,172.39575957572416,-25.085807081120837,9.226097566241846
train,data\train\images\10104_jpg.rf.7dcceb176773e0c68c1c52daafab632f.jpg,0,0,0.307744045002743,0.4363329949759987,0.3720385199893709,0.1285889499732557,0.02390226460802631,0.06424674683876604,168.634457912639,-37.395218575782515,9.573830147655784
train,data\train\images\10106_jpg.rf.73d1b6777428e1f0faecb9799e441180.jpg,0,0,0.30149907545174265,0.42339490401674884,0.3624469897342457,0.12189582856500619,0.03254398481794217,0.0897896402500243,172.2952067493753,-41.98416810675449,12.631574669224053
train,data\train\images\10107_jpg.rf.112be17e8101bfedeee3e005fe68d6dc.jpg,0,0,0.3257346198843545,0.5126776991164829,0.4192061595004187,0.18694307923212838,0.020082882463069766,0.0479069355445616,164.98934731324056,-42.42069482711895,16.142576397948897
train,data\train\images\10108_jpg.rf.bbe9c364ca0b0c9eb8711cfb24b5387f.jpg,0,0,0.3068558206045696,0.5789834647463087,0.44291964267543915,0.27212764414173907,0.21726261292233212,0.49052376997769986,127.0970999631149,69.48492561366771,-57.1587414271352
train,data\train\images\10110_jpg.rf.e6cf9ccab67b5b933d82e21acff633ec.jpg,0,0,0.25972527691363234,0.341821033799689,0.30077315535666066,0.08209575688605664,0.016993576711415697,0.056499645692330805,175.11033790850257,-32.96214281440332,9.205510452010898
train,data\train\images\10112_jpg.rf.a0eb62a52d70435872c1076049ea92fd.jpg,0,0,0.36055775298072407,0.41212031207044886,0.38633903252558643,0.05156255908972479,0.17374615085128692,0.44972455854503923,176.6425372938685,-22.6772846524933,9.524967331884369
train,data\train\images\10113_jpg.rf.e9889caa4e4de5b46ef20a52c5115571.jpg,0,0,0.22798013053878188,0.2718668438016542,0.24992348717021806,0.04388671326287233,0.018448561607339695,0.07381683817005456,172.83265462651397,-24.548264011340933,11.586332914497799
train,data\train\images\10114_jpg.rf.80519da456db4d6526c66b1cdbd8cb79.jpg,0,0,0.27798944950280896,0.39000305057707874,0.3339962500399438,0.11201360107426978,0.2490322618696345,0.7456139457848758,164.12626438810858,-40.643513119403664,19.69383745097578
train,data\train\images\10115_jpg.rf.d12dc82d71494b0d989dbc3c69ae8ee4.jpg,0,0,0.5972632272052519,0.3996983375016423,0.4984807823534471,0.19756488970360964,0.0808034699305158,0.16209946860744215,-172.6442964201222,41.189961874027794,5.009016582523263
train,data\train\images\10116_jpg.rf.128b75feb693ba5eae7c14bad801e4fd.jpg,0,0,0.2376017781077158,0.33481077373205265,0.28620627591988423,0.09720899562433685,0.29498516434991523,1.0306732911492424,177.26306708583238,-28.065769551940097,8.425523403937145
train,data\train\images\10117_jpg.rf.7da566da75e00312cecd35d3a8dd0a1d.jpg,0,0,0.38997467296606425,0.4138557907906289,0.40191523187834655,0.023881117824564646,0.10565565707273904,0.26288045013611067,176.52428220697152,-24.560578154180273,10.69488430648126
train,data\train\images\10118_jpg.rf.3a38700392357c8e686d90c674444b28.jpg,0,0,0.2818588980557393,0.2983311576821537,0.2900950278689465,0.016472259626414354,0.15008519025113898,0.5173656072414367,176.90238724757674,-20.061062817368242,12.051413532964109
train,data\train\images\10119_jpg.rf.99adcd05c202a42acf4e9be6116236a1.jpg,0,0,0.25309965762074127,0.2984094911957591,0.2757545744082502,0.04530983357501783,0.18380626569432237,0.6665574490967471,173.95505777308335,-25.450079201033983,11.0014687746914
train,data\train\images\10122_jpg.rf.f9c2cafc2caadfa2ffa1ea4def7f7227.jpg,0,0,0.2898628294662956,0.4198957498290294,0.35487928964766247,0.13003292036273378,0.25035753087829626,0.7054723625232137,175.99557846044223,-37.406505075772216,11.597080769391711
train,data\train\images\10123_jpg.rf.c505306a6571a6a5f9890d1a10e22038.jpg,0,0,0.21346325285498444,0.3002813143630023,0.2568722836089934,0.08681806150801788,0.2514648008702359,0.978948749694659,172.9882808433676,-33.04157909474742,13.320526341308517
train,data\train\images\10124_jpg.rf.693cf33b90c219e6b589d7b8bf6d2abc.jpg,0,0,0.3593444201545181,0.3719820007735027,0.3656632104640104,0.012637580618984567,0.17855114515957196,0.4882939821400093,178.4435239478074,15.019737479450061,7.109550931498479
train,data\train\images\10125_jpg.rf.cf432138c6ed705a7f9f51ae79474c4a.jpg,0,0,0.4084306062299558,0.4598460767883233,0.43413834150913955,0.05141547055836748,0.011744299943728585,0.027051975881474503,-175.98567364152143,-32.23233359168592,-1.2797145048790803
train,data\train\images\10126_jpg.rf.7de58a51334db9200aa58ec9d2900f04.jpg,0,0,0.22115260769427408,0.29763775864616043,0.25939518317021726,0.07648515095188635,0.032504361493725875,0.12530826939988413,172.62708220140544,-31.57908042985154,7.859027416512182
train,data\train\images\10127_jpg.rf.530d7fbdff5ae031ac092a57c2c887c6.jpg,0,0,0.3156229288737812,0.3746810896883043,0.3451520092810427,0.05905816081452314,0.31719970948504067,0.9190145239072282,171.9323633014944,-34.58058984012353,11.31050325880022
train,data\train\images\10128_jpg.rf.e1a37dda2cbcac4af272781966189713.jpg,0,0,0.24237491227377012,0.34871733704542685,0.2955461246595985,0.10634242477165673,0.16522532378184968,0.5590508891705193,174.23247455670318,-28.844119910112685,11.524532121859165
train,data\train\images\10129_jpg.rf.90571c8ad8b0a837f6dc9fb3703bdf74.jpg,0,0,0.4118768680818978,0.39116798226147564,0.4015224251716867,0.02070888582042213,0.0058872774320406236,0.014662387610164704,-177.63875787978813,-3.7026620968255823,6.876111762948056
train,data\train\images\10130_jpg.rf.7f68d9d7a540d0f04ae6627d093a96ff.jpg,0,0,0.25369421394086744,0.27454798010986975,0.26412109702536857,0.020853766169002308,0.15116908907958926,0.5723476495520902,172.49840092507665,-28.729958968213484,10.931849747442259
train,data\train\images\10132_jpg.rf.5ff175416cf8645a85caf6e8493975bf.jpg,0,0,0.040844490964851106,0.03983487574985994,0.04033968335735552,0.0010096152149911691,0.25992409765600805,6.44338467789717,176.7912005010306,-4.033900892612469,-5.40468320086604
train,data\train\images\10133_jpg.rf.3f78abd6778647e7a164daa3790fe7ac.jpg,0,0,0.8444615704034977,0.3656305648917,0.6050460676475988,0.4788310055117977,0.481889250380234,0.7964505120309353,177.30522822720536,48.38911565103559,-1.540234844934895
train,data\train\images\10134_jpg.rf.a809de1a7be7c7a490739b79cc6edc16.jpg,0,0,0.6998916897825702,0.38365515598147937,0.5417734228820248,0.31623653380109085,0.34178791418944493,0.6308687354415903,173.7018637611688,42.949574740236194,-0.49733266722197006
train,data\train\images\10136_jpg.rf.2e8ac593baebb7dcc33d2403744a62ba.jpg,0,0,0.6064071492301922,0.38094677784109465,0.49367696353564344,0.22546037138909758,0.2973435680545261,0.6023039153477898,171.71636091560444,38.90620788679673,-3.1577180084252725
train,data\train\images\10137_jpg.rf.a42a660ca391c1dff807e1961e2a8744.jpg,0,0,0.5857975076893371,0.38950719801964606,0.4876523528544916,0.19629030966969108,0.2933165459339019,0.6014869901005548,168.807963170144,37.12994722805138,-5.747621692410694
train,data\train\images\10138_jpg.rf.6c81724cb3593b9204aa9c1968bfdc57.jpg,0,0,0.5230065496881202,0.4056119041566309,0.46430922692237553,0.11739464553148932,0.2521344630359603,0.5430313429418727,173.2262249769053,37.214062322611895,-4.812542241471818
train,data\train\images\10142_jpg.rf.2da72a432f8a3caef38da03e3eb0ddb5.jpg,0,0,0.5396646503484203,0.40391821795641697,0.47179143415241864,0.1357464323920033,0.18056161382755104,0.3827149048433511,173.23085279597868,38.934896961202675,-3.7399865771251277
train,data\train\images\10144_jpg.rf.76a6832cb3707d33530544a93dfe0459.jpg,0,0,0.47449106618740833,0.36441156684394344,0.4194513165156759,0.11007949934346489,0.15237914976166914,0.36328208724545596,170.054777725828,32.05262222119851,-7.35086579456845
train,data\train\images\10145_jpg.rf.df9d417b2c5cfec9b04b82c4185e6f02.jpg,0,0,0.36958958109608586,0.33201384171849263,0.3508017114072892,0.03757573937759323,0.17678607423015144,0.5039487222595062,165.65811925481705,19.003497008217792,-7.378486062029776
train,data\train\images\10146_jpg.rf.39baf4e9c2610eca231051999bf3a442.jpg,0,0,0.39769728509534047,0.3803644664512837,0.3890308757733121,0.01733281864405678,0.17314461299839512,0.445066507007239,168.64900891588795,16.049986404637167,-6.75685143177847
train,data\train\images\10148_jpg.rf.6470317f864014b050f4faf32a46af52.jpg,0,0,0.4136532141048883,0.4474476217077615,0.43055041790632487,0.03379440760287317,0.23303184339262134,0.541241707593284,169.60512316646924,-11.710907926716505,2.942981372855906
train,data\train\images\10149_jpg.rf.11afe55c85d8640fd58ec73f59fe041f.jpg,0,0,0.3501457391146014,0.37737797456275646,0.3637618568386789,0.027232235448155062,0.0811227798278779,0.22301068213387262,165.64052773835354,-5.749988549378127,0.22601066485179183
train,data\train\images\10150_jpg.rf.09a1a3cfddf2f0fede5f9797d371f3f7.jpg,0,0,0.3210873585685389,0.3349513445675658,0.3280193515680524,0.013863985999026884,0.21659636399732204,0.6603158105212764,163.95676480494325,-1.2270404940369704,-1.6341444917414338
train,data\train\images\10152_jpg.rf.7ca5a6d7b9cd4b97abb73e431489f5a1.jpg,0,0,0.32287085925998643,0.34213599523691884,0.3325034272484526,0.019265135976932413,0.12603162773665294,0.3790385824879929,168.09674844307725,3.221384946104305,-3.148458773841196
train,data\train\images\10154_jpg.rf.25e121bfdf95d753977a35790334a4b4.jpg,0,0,0.31185409539057296,0.32683136978827415,0.3193427325894236,0.01497727439770119,0.14829868457983542,0.4643872223968906,167.7264040026522,9.80789430175201,-3.2198361707145233
train,data\train\images\10155_jpg.rf.65b637377f1c207e9b2d12096bc95920.jpg,0,0,0.33221900553865213,0.3404750038405935,0.3363470046896228,0.008255998301941347,0.02515051981551847,0.07477551298168117,170.6539775217346,13.562930757404894,-4.496959451098073
train,data\train\images\10156_jpg.rf.dfa7b3dfd6eee5312130e41e042f8108.jpg,0,0,0.3319455808956309,0.31929463251303514,0.32562010670433306,0.012650948382595784,0.026909972756759545,0.0826422330891075,168.47023128597203,19.697574916429268,-5.7112271341279905
train,data\train\images\10158_jpg.rf.9e2f4da165336d7d1549fbc39da72054.jpg,0,0,0.32501209069579773,0.3217049855124512,0.32335853810412446,0.003307105183346537,0.3377827388038968,1.0446074527190237,164.57267819131607,7.608165053424492,-4.53957212064507
train,data\train\images\10164_jpg.rf.17263fd08671e43fa3d0d002e324bf7d.jpg,0,0,0.2673334731214745,0.3090299581867166,0.28818171565409556,0.041696485065242095,0.27534694446074504,0.9554629232315485,163.71968790201646,2.249409697893266,-3.658122310839459
train,data\train\images\10165_jpg.rf.2a4a4835810f2ef757d58c4a0fce5d04.jpg,0,0,0.31799725241093646,0.2963122734775159,0.30715476294422617,0.021684978933420584,0.3085094049990937,1.0044102915477613,163.49542457193212,15.815556723256499,-8.739109267143021
train,data\train\images\10167_jpg.rf.19b6d198aed0cd3782f52e5e45e5c3b3.jpg,0,0,0.4107717080138148,0.320819763753701,0.3657957358837579,0.08995194426011377,0.369836994224079,1.0110478552478406,165.19402043467633,30.057559283947988,-15.228655898915482
train,data\train\images\10168_jpg.rf.4083191543fdad1711ada146472cc6e0.jpg,0,0,0.470936593357248,0.36103286473643903,0.4159847290468435,0.109903728620809,0.3662495503974666,0.8804398931582502,169.31797199798953,31.105361623511655,-17.2822631752971
train,data\train\images\10169_jpg.rf.45374ae4fd414ade8f8aa7ec7df87340.jpg,0,0,0.29185275688307777,0.1751983163845564,0.2335255366338171,0.11665444049852136,0.015786376293355792,0.06760021418175707,167.73520473928642,26.057060941266666,-4.302206946618136
train,data\train\images\10170_jpg.rf.86a8001ad488f9ff2be39fe10da7f00c.jpg,0,0,0.6520018541726605,0.41773842676970185,0.5348701404711812,0.2342634274029587,0.30294611516932546,0.5663919001020551,171.81353026494907,40.50248461747894,-3.7260289650408733
train,data\train\images\101_jpg.rf.f169aa4dcb330c776a4b9a8e38c328f1.jpg,1,1,0.36317030385916144,0.36598190075189446,0.36457610230552795,0.002811596892733026,0.015167981028704444,0.041604430276104956,-151.83455754282403,-28.987302903575767,165.76724879145937
train,data\train\images\106_jpg.rf.90654a2d2fbb4d9fe69887b58cba77b8.jpg,1,1,0.3249774733055798,0.39353939310811636,0.3592584332068481,0.06856191980253656,0.1961475241270283,0.5459788998581242,173.34763111973484,-32.2715880822452,0.6814400953716719
train,data\train\images\10_jpg.rf.063d462021bec408eb66abac3d3e9ee1.jpg,1,1,0.418438326486998,0.5204309066545865,0.4694346165707922,0.10199258016758844,0.022151542327002508,0.047187705263022475,177.62466112631557,-30.119546930179606,9.497762179031707
train,data\train\images\113_jpg.rf.225d11813d7cbfede325bb41491d7920.jpg,1,1,0.3222035922220338,0.40192635834952345,0.36206497528577863,0.07972276612748963,0.45312820319273145,1.251510734599712,178.0317603702189,-34.12755512165554,0.15774292182310842
train,data\train\images\114_jpg.rf.32562597749ec0cfc484136f32206bf2.jpg,1,1,0.2594907360484483,0.3469711311284899,0.3032309335884691,0.08748039508004157,0.6187272324969116,2.040448925097528,179.66345342396255,-35.28487001829017,-0.5068779693727263
train,data\train\images\116_jpg.rf.29e2ff4230574ce8f42e7ee7615aeccd.jpg,1,1,0.30112103988067546,0.38081031595098463,0.34096567791583005,0.07968927607030918,0.03426442238696183,0.10049229176498012,179.69498829319934,-34.02184749530663,-3.9857514339413815
train,data\train\images\118_jpg.rf.c2c8b0402970bca266fdf4d789d926e1.jpg,1,1,0.3120237869686653,0.3490954733620856,0.33055963016537543,0.03707168639342029,0.297695161111565,0.9005793023262741,175.66262650680264,-26.45883617862645,-1.1415120974102626
train,data\train\images\119_jpg.rf.063d4989d9e9e35ff5a01c54f0f7a4fb.jpg,1,1,0.3221556534206039,0.36854974133226154,0.3453526973764327,0.04639408791165761,0.004734392545441444,0.013708862219428332,173.52911783732998,-27.631730679446395,-1.6114096633237789
train,data\train\images\120_jpg.rf.d7f15f787992869d6a526c46a1a77de8.jpg,1,1,0.3460912472079891,0.42899753560610243,0.3875443914070458,0.08290628839811331,0.018432812660785655,0.04756310004606749,174.17916579070746,-28.969184575182428,-0.2020359236003888
train,data\train\images\1247_jpg.rf.a833bf381dd1a9f64d5b82c82e96e0e5.jpg,1,1,0.3053316616357253,0.3009536260048312,0.3031426438202782,0.0043780356308940616,0.37788888625107925,1.246571190014148,167.38494331827923,-12.413841722555805,5.75534558779806
train,data\train\images\1248_jpg.rf.ec170abf37634dd49a59d0ed74e504ad.jpg,1,1,0.28937461994101527,0.28262666991087826,0.2860006449259468,0.0067479500301370066,0.43835623515183275,1.532710652681692,168.02933233458455,-11.440902252998614,5.514746697348558
train,data\train\images\1249_jpg.rf.e79a620d5b1bf56b21ef6b5c709d5e46.jpg,1,1,0.303258874523813,0.3266870632513663,0.31497296888758963,0.023428188727553312,0.441291307853119,1.4010450147885896,165.5774498417215,-10.622216666625183,5.31406466255837
train,data\train\images\1250_jpg.rf.90e71cda96acb1f4c95e24cee2dc4835.jpg,1,1,0.32473966930462006,0.3308450173154008,0.3277923433100104,0.00610534801078072,0.3743776034398289,1.1421182070923492,166.3164670334404,-7.773791532999443,4.490362458953817
train,data\train\images\1253_jpg.rf.1df73d13cf4c09cf2b6380100fa82175.jpg,1,1,0.27957207731918143,0.2967594557520408,0.2881657665356111,0.01718737843285939,0.5543194918836588,1.9236132679735114,165.4025990556609,-7.393453699791753,3.6626676652925596
train,data\train\images\1254_jpg.rf.9adde12da965d73d016044a61a9bccf9.jpg,1,1,0.39913489488528675,0.5039222064078236,0.45152855064655517,0.10478731152253684,0.06461328240992527,0.14309899632571157,179.44182467435385,-30.229697185188005,2.3386610314213834
train,data\train\images\1256_jpg.rf.71a319e90762ccdca241227b7f70b1d3.jpg,1,1,0.38048927942788674,0.4530010340675047,0.41674515674769574,0.07251175463961795,0.14990036799621875,0.35969312556875344,177.03198941479366,-28.21118689136981,1.5152361066700462
train,data\train\images\1258_jpg.rf.8b2b80ec792948875083c752f81faf6e.jpg,1,1,0.42682265164404176,0.5427238852275283,0.48477326843578505,0.11590123358348658,0.03424673414944931,0.07064484859066804,-179.27921806347575,-33.56297651550008,1.9860187018419801
train,data\train\images\1259_jpg.rf.dee61da1d96303985551675dbbd5b3da.jpg,1,1,0.4278619451481522,0.5399357068994824,0.4838988260238173,0.11207376175133027,0.010018570955018758,0.020703854641146924,177.58842125390558,-32.22203715807197,2.8757407845893534
train,data\train\images\1260_jpg.rf.573c130bf50a24e899342a923cda004b.jpg,1,1,0.4100448953402354,0.53320740252498,0.4716261489326077,0.12316250718474459,0.0182693914148045,0.03873701968423951,178.1392751346041,-32.655605408623614,2.6158313169523084
train,data\train\images\1261_jpg.rf.d15558bec10f6f71ccf02db62601dda7.jpg,1,1,0.32250122761698485,0.4013471893153921,0.36192420846618845,0.07884596169840724,0.451125258628819,1.2464633425342253,-178.3130024265783,-37.91151517159074,0.017619745704360906
train,data\train\images\1262_jpg.rf.e4157db73683fd119a35a8e46ee397af.jpg,1,1,0.4106022289993511,0.5087685299596559,0.4596853794795035,0.09816630096030482,0.1837406689542052,0.39970962131154286,178.7434242034783,-29.71329998095021,3.624140559227341
train,data\train\images\1263_jpg.rf.41bb86a7c6a3c94460347374f4212ef9.jpg,1,1,0.3727602952608363,0.4922930148155235,0.4325266550381799,0.1195327195546872,0.07914053561105304,0.18297262073725182,-179.65393016089044,-27.46257643496237,-7.115128581345653
train,data\train\images\1264_jpg.rf.228b8d30d4a6d59f9f71066ceeb6e09d.jpg,1,1,0.2694999141090157,0.3457682211528307,0.30763406763092316,0.07626830704381499,0.04713970150621812,0.1532330338744306,173.1912719008151,-26.14051817516511,-6.145255534431799
train,data\train\images\1265_jpg.rf.aca9f0f9d7ff2a5907710adfbda6ba1b.jpg,1,1,0.33155006777037865,0.4053357419953444,0.3684429048828615,0.07378567422496574,0.4263842475443549,1.1572600310485408,-176.71824640311502,-63.366566249307496,170.35624557344448
train,data\train\images\1268_jpg.rf.00c36fb07b37ccf6e6f9b4ca7031feb6.jpg,1,1,0.3761221710826344,0.477076840840564,0.42659950596159923,0.1009546697579296,0.02121505475741122,0.049730612579098755,-179.82779674909258,-31.302515871360246,1.1383116246189833
train,data\train\images\1270_jpg.rf.d7dd1de261d0b0c86f2028fbe1974693.jpg,1,1,0.387628499705963,0.5114431867424987,0.44953584322423085,0.12381468703653564,0.2780352350697237,0.618494029476173,175.7154277323214,-32.29386626230138,3.6563941972846434
train,data\train\images\1271_jpg.rf.71e78feac42665433a4f795c4d61650c.jpg,1,1,0.43161858336703973,0.5360053015636956,0.4838119424653677,0.1043867181966559,0.020443929188293693,0.04225594160432928,178.2803966934535,-32.50298441703469,1.7950029459000316
train,data\train\images\1273_jpg.rf.436d60d0eca759d20c77a44167da367c.jpg,1,1,0.3723571675804604,0.4347679104835259,0.40356253903199313,0.06241074290306553,0.2799551437232132,0.6937094418989649,-162.62961471383622,-57.222157574395915,164.15343468021214
train,data\train\images\1274_jpg.rf.71c0608fbd50bc44d6a19d2ed909d575.jpg,1,1,0.38037697595452014,0.4355929159483299,0.407984945951425,0.05521593999380975,0.01759343664589006,0.043122759357853244,177.89836536825925,-23.998213392429335,-2.9024345945033914
train,data\train\images\1275_jpg.rf.cc7603b6846b330075ca8522dff8ba43.jpg,1,1,0.3376471562644084,0.5447049822693413,0.4411760692668748,0.2070578260049329,0.45884414102746773,1.0400476657538404,171.35924815052888,-35.670104057336495,5.651526138408708
train,data\train\images\1279_jpg.rf.e4fa85414e2e8eabfb9da726d4ed3c5c.jpg,1,1,0.4003531424791099,0.5370675407495015,0.4687103416143057,0.13671439827039156,0.03333176958081538,0.07111379165651857,-151.73118161886813,-57.74899554582843,156.07581138716944
train,data\train\images\1280_jpg.rf.3d735e232f59b7853032f576befe99d5.jpg,1,1,0.36644400479663286,0.5245860396352692,0.445515022215951,0.15814203483863631,0.059567029888833486,0.1337037516547759,178.33217227513876,-36.94674325266648,1.4846352433537822
train,data\train\images\1283_jpg.rf.cdd07be86121e55583665659f90bad83.jpg,1,1,0.26154414258425607,0.48823179573987013,0.37488796916206313,0.22668765315561407,0.0270283472938032,0.07209713172235441,177.92621128676404,-38.33583388908125,2.6656122415238284
train,data\train\images\1284_jpg.rf.d124408bf44f8f5e293ddfa818ad8f56.jpg,1,1,0.3585497994260727,0.6148616048471076,0.48670570213659015,0.25631180542103493,0.10298010432936784,0.21158598281732743,173.774947990055,-39.40382510449234,2.864557058963218
train,data\train\images\1285_jpg.rf.7c2a128e49df161ca080669f30514e9c.jpg,1,1,0.3891808735497134,0.5075626273432942,0.4483717504465038,0.11838175379358074,0.03049160790586242,0.06800519407277074,177.71210156070518,-33.90384456471742,2.8040935585554654
train,data\train\images\1286_jpg.rf.10a143ef44af82a30dac89ed27fdf3ab.jpg,1,1,0.3774952324289679,0.49010921098931304,0.43380222170914046,0.11261397856034516,0.03162990327117326,0.07291318874890584,178.1013755385963,-32.6806535564258,-0.3155956652796555
train,data\train\images\1287_jpg.rf.3501e37998b053b3f83cbb43591113d2.jpg,1,1,0.39428805351073165,0.5159346802344073,0.4551113668725695,0.1216466267236756,0.03042501985977206,0.06685181270871449,178.27417239079293,-35.331991890827446,-0.34891170673747424
train,data\train\images\1290_jpg.rf.3e98ee734569b160dba5e3a3b4095f3c.jpg,1,1,0.4021916139639756,0.47961688951360276,0.4409042517387892,0.07742527554962714,0.02296399410423595,0.05208385724037158,178.68666234567365,-34.34775740985557,6.946559071594527
train,data\train\images\1291_jpg.rf.b03646760971d73462bdf7428d27ee55.jpg,1,1,0.41942721707466324,0.4914321918608018,0.4554297044677325,0.07200497478613854,0.026223103246002254,0.05757881620095375,-179.78097495525026,-33.44609585951214,4.949357540996547
train,data\train\images\1293_jpg.rf.59e98abbc0b818404ab1d1a0ab46b4b0.jpg,1,1,0.1340138021618276,0.26655932007280225,0.2002865611173149,0.13254551791097466,0.7583648805167413,3.7863992286159442,-179.87677571980427,-31.448015782808877,6.662375525933638
train,data\train\images\1294_jpg.rf.ac3e89328e784d4df380bdcd97e21765.jpg,1,1,0.15762458151481443,0.2510702311558471,0.20434740633533077,0.09344564964103266,0.5601024419668857,2.740932473827276,-177.0155642102952,-61.692937479530976,-179.46339882542185
train,data\train\images\1295_jpg.rf.ea1e22301aa7d642b59758bd7a43f2a3.jpg,1,1,0.1627429685100085,0.2664309414083679,0.21458695495918823,0.10368797289835943,0.44306756151242266,2.0647460214750173,-171.97925557288252,-37.35240171362344,-1.2793540078197858
train,data\train\images\1297_jpg.rf.09fe519e549dddfdfcf7a085b5e262a4.jpg,1,1,0.47723575189410455,0.32035306315458273,0.39879440752434364,0.15688268873952183,0.018615095980990527,0.04667842785597289,-177.89011931859287,37.77217833002711,-6.377893105659088
train,data\train\images\1299_jpg.rf.260ca1c71ad9ff1979b442f5ea4f66a0.jpg,1,1,0.7195084805074168,0.37237549938327674,0.5459419899453468,0.34713298112414004,0.14795390406762263,0.27100663951940024,-175.19807634336127,45.41882396775678,-4.792491958377197
train,data\train\images\12_jpg.rf.83ea6f812e52d14aee08661a76a24708.jpg,1,1,0.2473251179786,0.45982727856696165,0.3535761982727808,0.21250216058836166,0.7223909285412268,2.0430982969727753,-178.82748451753133,-41.40709793025184,4.7214127864928415
train,data\train\images\1300_jpg.rf.a698cdc1e1fa42ea99004841dd39f05e.jpg,1,1,0.24556027023673546,0.29889268783791423,0.27222647903732483,0.053332417601178767,0.19423020648890596,0.7134875607096074,169.87570999264298,-21.709052132383157,12.073134824709319
train,data\train\images\1303_jpg.rf.3922168e41eaccef05aaef0565e5d05d.jpg,1,1,0.15074132596266504,0.1969366178698537,0.17383897191625935,0.04619529190718866,0.02934838891647809,0.16882514083559824,179.04081923878064,-30.171859081522683,8.73800833780355
train,data\train\images\1304_jpg.rf.0cb8af58132ab36dc6e95bad6fcf7df6.jpg,1,1,0.3979675998218682,0.4877089711296006,0.4428382854757344,0.08974137130773241,0.024583084512741226,0.055512554625515256,-179.89934094397566,-33.61464199935081,7.921438015945693
train,data\train\images\1305_jpg.rf.e72901c5cea6b176faed012a3da8dcbe.jpg,1,1,0.3922319700143314,0.4738909175530521,0.43306144378369177,0.08165894753872072,0.029968958155860675,0.06920255447822725,179.8532711188353,-34.04385182457286,7.74971382628185
train,data\train\images\1308_jpg.rf.cbaf2fcd78a61661e98f7b31d469b207.jpg,1,1,0.38818096260358226,0.4717359878459481,0.42995847522476516,0.08355502524236585,0.09051608050285348,0.21052284282926456,178.6333403913857,-33.85617577910892,5.980907533366263
train,data\train\images\137_jpg.rf.1816f6e28351dd2c704e3388204c44df.jpg,1,1,0.3316340207258344,0.27732452976315547,0.3044792752444949,0.05430949096267895,0.028997315281336353,0.09523576032572888,179.02823097218015,24.418838666461777,-16.709371220570333
train,data\train\images\146_jpg.rf.4acc6cde2671b5a871b253c53231bd6c.jpg,1,1,0.27265724672783515,0.2766789265551435,0.27466808664148934,0.004021679827308333,0.13062568458369664,0.4755764900863633,177.2688480790662,15.5114191163505,-7.91520378073
train,data\train\images\147_jpg.rf.584c0cd534ff8d6b77d10c5868e71f25.jpg,1,1,0.27002516293029394,0.2909426288323598,0.28048389588132683,0.020917465902065835,0.18638791960550347,0.6645227135762707,176.92242168011003,11.820010176112833,-7.3239144227026
train,data\train\images\148_jpg.rf.12699a4845a945ec1d4b14fbe3c6c0b6.jpg,1,1,0.3156542473896712,0.3220338882895874,0.31884406783962926,0.006379640899916217,0.10337885599667607,0.32423013762537084,175.2461173341893,14.222629884476811,-8.79892834831306
train,data\train\images\149_jpg.rf.7b33471e4923b1804d353d09cf23d441.jpg,1,1,0.3079343342504742,0.30492027463298926,0.3064273044417317,0.00301405961748491,0.10399279659072776,0.3393718349616014,174.84788762626863,14.901540985642733,-11.24349320970875
train,data\train\images\150_jpg.rf.bd3a78a436e3c0c99d5e5c8a980496d8.jpg,1,1,0.3400162800882174,0.3338219433234158,0.33691911170581657,0.006194336764801578,0.025965170022226057,0.07706648011377205,178.84920392291474,12.12183968608743,-10.575970497076348
train,data\train\images\1519_jpg.rf.159d57e56c33b041ecd8f50a40a3800d.jpg,1,1,0.32425843222736567,0.305446451201075,0.31485244171422033,0.01881198102629067,0.13777187886228295,0.4375760216823514,166.4144227117588,6.752670002452943,0.4395522972365716
train,data\train\images\1521_jpg.rf.67c0b298936c4e61660c65cf9bae28b7.jpg,1,1,0.06409073011488955,0.18890502182296526,0.12649787596892742,0.1248142917080757,0.3175080580519062,2.5099872675324444,-142.30056073101267,-41.93745052011642,156.22367744397587
train,data\train\images\1525_jpg.rf.428aa63e0f3bca1fa538f958f074f495.jpg,1,1,0.10682888724137105,0.25348891391199585,0.18015890057668343,0.1466600266706248,0.08719522932804508,0.48399068294120173,-176.3693012664796,-30.147865839421787,-2.664559148691238
train,data\train\images\1527_jpg.rf.5017f0751d9dd69bd594701ec3570447.jpg,1,1,0.4361411119610895,0.5288028539680683,0.4824719829645789,0.09266174200697874,0.021009584790045416,0.04354570945436194,-170.7002010159789,-34.0019446979825,3.072126286949563
train,data\train\images\1529_jpg.rf.0e0323dabc755104b6ae8c4ccb8240da.jpg,1,1,0.3811542862974957,0.46235552258988216,0.4217549044436889,0.08120123629238646,0.01654673035526514,0.03923304786956993,-175.28592759301034,-31.64892075197015,7.022452609872072
train,data\train\images\1531_jpg.rf.c657b9c7071dbd30210168acddaf6cbc.jpg,1,1,0.3859357813574808,0.5023505908917005,0.4441431861245907,0.11641480953421973,0.02134299852799963,0.04805431940593254,-176.47324005113782,-34.417329251165846,3.922505676166068
train,data\train\images\1532_jpg.rf.f86d20dbaa0cf31de067007e9e0b8dd5.jpg,1,1,0.32443589012226265,0.3842774544556608,0.3543566722889617,0.059841564333398156,0.043246007073133634,0.1220408996218039,-175.12914630575642,-26.657627484535514,-5.347947553554085
train,data\train\images\1534_jpg.rf.71a4b6ac75d1339ed5a7bcb525dadc49.jpg,1,1,0.35341260404938574,0.425181293870187,0.3892969489597864,0.07176868982080126,0.023600204762203075,0.06062262965395326,-176.72864463712818,-32.27156159473319,-2.5528412947629935
train,data\train\images\1536_jpg.rf.a1c6cc73ee36d41a62ef95b85f88c3e5.jpg,1,1,0.34693894906494693,0.4224953721569475,0.3847171606109472,0.07555642309200056,0.015644678482462693,0.04066540327345492,-175.92034875802642,-30.001383730429154,-2.623672480664693
train,data\train\images\1538_jpg.rf.b2c9689093bb221f1bb4180a9a7cbb15.jpg,1,1,0.20934190963569024,0.3230194978308539,0.2661807037332721,0.11367758819516363,0.21058995137512518,0.7911540860082332,-177.11487561462272,-32.859230928464875,4.541862774538943
train,data\train\images\1541_jpg.rf.4ff0447eb21a88cd31059c8a6995e8ef.jpg,1,1,0.2353663322769217,0.44214604019404163,0.33875618623548165,0.20677970791711994,0.02004632123824113,0.05917625139487847,-175.5462639101331,-33.26703483257934,-3.605181548992469
train,data\train\images\1542_jpg.rf.d9688a79a918e6e6df3d52c952de5e36.jpg,1,1,0.2563637179916625,0.41977951105924355,0.33807161452545303,0.16341579306758103,0.028668429125129704,0.0847998704812033,-176.70771024543384,-34.56366485101214,-2.025853206808499
train,data\train\images\1545_jpg.rf.9a3e52adad5c75d6b71656963f0f08d4.jpg,1,1,0.1887620296221718,0.36248001606691493,0.2756210228445434,0.17371798644474312,0.6295941020931595,2.2842746013908566,-178.7028809190578,-35.97205156679718,1.8989259053527525
train,data\train\images\1546_jpg.rf.ca9cedf7b57cbf9e334b28de8bd9815a.jpg,1,1,0.21452278793854157,0.29709880364177627,0.2558107957901589,0.0825760157032347,0.39083973922756576,1.5278469308549856,-174.69740191018852,-26.670978548688627,-2.913159961010122
train,data\train\images\1548_jpg.rf.9cb5e58cfbba08827bb44c03c50b93c6.jpg,1,1,0.29750895267077915,0.4533436170776046,0.3754262848741919,0.15583466440682547,0.022614726322988502,0.06023746134495315,179.90569227951227,-36.220027839853486,1.7514812142333427
train,data\train\images\1551_jpg.rf.793116d7c1f5110a3d428bc57933349d.jpg,1,1,0.24621668473098088,0.4298223897388965,0.3380195372349387,0.18360570500791565,0.018358030776154312,0.0543105612365674,176.35424716366614,-34.3683104084679,17.05264267242838
train,data\train\images\1552_jpg.rf.ce5670bfca44d6f5604379c0f88c64d1.jpg,1,1,0.1633711316378304,0.3141582094802862,0.2387646705590583,0.15078707784245582,0.02158203130807027,0.0903903884001631,176.84035182979082,-34.75579837121628,16.14886096775848
train,data\train\images\1554_jpg.rf.e687539b5b214e8109cb7e38491aa830.jpg,1,1,0.20330972228448765,0.4200853989453394,0.31169756061491355,0.21677567666085176,0.023555087506524578,0.07557032997003685,-179.63703137955454,-38.540209009015406,18.694334150847776
train,data\train\images\1555_jpg.rf.74feecfd2a0a0e1e7098e6adb1e761fc.jpg,1,1,0.2751494094017352,0.4482978501100144,0.3617236297558748,0.17314844070827917,0.015302264121577733,0.042303744800706394,176.7778315991895,-36.59554404494341,20.69683071914848
train,data\train\images\1556_jpg.rf.47e5b81b32f0e120aff3934e77f9c4f1.jpg,1,1,0.25800036064265686,0.45843227520022656,0.3582163179214417,0.2004319145575697,0.013849213667612924,0.038661593497396486,176.10417586280352,-38.84287236019794,19.946607836805683
train,data\train\images\1558_jpg.rf.2a6bafdf34f8324db58a2aa659cde63f.jpg,1,1,0.19880862997837342,0.35956045017569316,0.2791845400770333,0.16075182019731973,0.024814056432154855,0.08888048179640641,178.03413591376827,-38.43435608108378,9.779512573450704
train,data\train\images\1559_jpg.rf.52964fa0c9f15983a009bb9176cf5895.jpg,1,1,0.2533299529942258,0.41066188560504047,0.3319959192996331,0.15733193261081468,0.019318191310300832,0.05818803842846565,-177.48140148277002,-35.05804797596444,-0.8021473673631215
train,data\train\images\1560_jpg.rf.754cb3712475c4dc57a8bee9cf156cd3.jpg,1,1,0.2331482520571455,0.37460384705605754,0.3038760495566015,0.14145559499891203,0.020535366922153638,0.06757810282224501,-178.85286957102346,-31.884411310376816,-0.5061812623895154
train,data\train\images\1563_jpg.rf.23748ec76207824d64fbc92bea334179.jpg,1,1,0.4700448065231358,0.579226552302507,0.5246356794128214,0.10918174577937118,0.03827093848035713,0.07294764725721749,-177.97031153117547,-37.94844543058271,4.888961848057588
train,data\train\images\1564_jpg.rf.8e00aca83081cd4cf107a2767cca9fc2.jpg,1,1,0.4874914632166696,0.6053681881825395,0.5464298256996045,0.11787672496586987,0.07161454276762522,0.13105899312127728,178.93911928453105,-38.57337197285397,6.484241325287852
train,data\train\images\1565_jpg.rf.1f790bdbebbb95574d7085021c8870e2.jpg,1,1,0.4736543421567972,0.6042594649300502,0.5389569035434237,0.13060512277325304,0.16446206874221841,0.30514883038132884,-177.52847690643299,-39.645111137227126,4.771018912472079
train,data\train\images\1566_jpg.rf.e04efbadc06b3208cee86696592accdd.jpg,1,1,0.2655435543633843,0.3528448393796038,0.3091941968714941,0.08730128501621953,0.34903317184454985,1.1288477448029643,178.30997956550874,-61.037017036538955,179.644772884263
train,data\train\images\1567_jpg.rf.6b3b08e4d0935edb150c6d5361aca867.jpg,1,1,0.08535800723886099,0.194410542000966,0.13988427461991348,0.10905253476210501,0.3852061115882131,2.7537485012870517,177.7303921081538,-27.891033850675633,0.6213546335916789
train,data\train\images\1568_jpg.rf.98f91411fb7be0fbcefc2a140a392f5a.jpg,1,1,0.36471480271091794,0.44177064075781636,0.40324272173436715,0.07705583804689842,0.3158923508818521,0.783380167466342,178.93366343073782,-62.58947678232013,-179.68697982835067
train,data\train\images\1569_jpg.rf.d1bcdd1694fd2af2021dcf3e8e754e2b.jpg,1,1,0.24188461924352317,0.34227291857908104,0.29207876891130213,0.10038829933555787,0.5432557984795392,1.8599633260044108,-179.3461262256941,-61.54149970695184,179.5502131698466
train,data\train\images\1570_jpg.rf.a34c1209745a8172881aa333c52ff56f.jpg,1,1,0.1405359605906232,0.2537310908711996,0.19713352573091142,0.1131951302805764,0.34177714221147454,1.733734233912108,178.7381602279835,-34.15299183454258,6.466900738964832
train,data\train\images\1572_jpg.rf.fef50a391c63fd6c0c4a82424a9b91f7.jpg,1,1,0.3883071669720906,0.5232737116924163,0.4557904393322535,0.1349665447203257,0.02134586581189799,0.04683263177518667,178.77182023958875,-35.75722457730847,7.2948460677597735
train,data\train\images\1574_jpg.rf.9a5673be17a49116bcf1b743bb7d4d92.jpg,1,1,0.43523215980203805,0.5370737423463713,0.48615295107420464,0.10184158254433323,0.04364777650987679,0.08978198407195219,179.2091227888838,-38.84448731465621,5.526435674216666
train,data\train\images\1575_jpg.rf.620c9b63512803a6fb46eea3c39ecac1.jpg,1,1,0.42485760641728476,0.5641286020788118,0.49449310424804827,0.139270995661527,0.023190967553174575,0.046898465021954064,178.5995763534762,-38.446896771068,6.6779591302877614
train,data\train\images\1576_jpg.rf.5a5557096d1e9c440aedc24b160005c7.jpg,1,1,0.41889213974432865,0.5313871315054074,0.47513963562486805,0.11249499176107874,0.04563823707257477,0.09605226264181219,-179.59316993837646,-38.64114526939237,5.097554407492169
train,data\train\images\1577_jpg.rf.27470e8a662e24547508207b449c54c8.jpg,1,1,0.45332135419437336,0.5421234540557891,0.49772240412508123,0.08880209986141574,0.05435263291066435,0.10920270508258081,-178.26460825420128,-36.87314196893439,4.509893155704342
train,data\train\images\1578_jpg.rf.5344c85b9f06dd2c675d224b22e708e5.jpg,1,1,0.4506536886742794,0.555464903961131,0.5030592963177052,0.10481121528685161,0.058607609601964865,0.11650238854735616,-179.71735931403876,-37.568834359370136,5.6024616021463185
train,data\train\images\1579_jpg.rf.f1acc35d362b59c5e7c8c824996cc39f.jpg,1,1,0.4236895420047876,0.5147032970229058,0.4691964195138467,0.09101375501811826,0.06380882662904441,0.1359959794560225,-179.06196923792498,-37.20006002094159,5.167524452610432
train,data\train\images\1580_jpg.rf.784bd760c4b8af345185281ced2069bc.jpg,1,1,0.478550319266245,0.59896328147137,0.5387568003688075,0.12041296220512504,0.07751972008345398,0.14388629531986907,179.10244980778054,-39.056666185024596,6.993671073748251
train,data\train\images\1581_jpg.rf.eac9b1d05751134d6233857645e5d298.jpg,1,1,0.46344386430351797,0.5890420366805728,0.5262429504920454,0.12559817237705478,0.04884210027321993,0.09281283526468488,179.71482504951464,-40.07712125161337,6.031748994845793
train,data\train\images\1582_jpg.rf.ed6a4d6254a5376ccec0771d58610078.jpg,1,1,0.38977881260894653,0.35765502617705597,0.3737169193930012,0.032123786431890566,0.005333749104888281,0.01427216384409747,169.2597482652886,7.255841835585753,-1.0282751254945852
train,data\train\images\1583_jpg.rf.34d055fb2a1dd9e5bbf8d2c9032cc02e.jpg,1,1,0.386419758961561,0.3546322310850487,0.37052599502330485,0.03178752787651229,0.0038510781875820653,0.010393543878992472,171.0161075628691,6.994120249247458,0.4584363656390226
train,data\train\images\1584_jpg.rf.2de82b3a5326b19b665e47a74b8f6323.jpg,1,1,0.3741940358826269,0.4326529765945612,0.403423506238594,0.058458940711934304,0.16659698420016894,0.4129580493548128,169.167453143346,-19.373025390716485,6.575182704939256
train,data\train\images\1586_jpg.rf.5b11e9599c915d8749c4cf18576b50bc.jpg,1,1,0.3629175068825343,0.39557148353090743,0.3792444952067209,0.032653976648373106,0.10126373462705635,0.2670143822967263,169.62450369650279,-14.96234244856258,6.090549924586111
train,data\train\images\1589_jpg.rf.03952453a4ebf0a6f97243ba0c2207a9.jpg,1,1,0.37930682405219124,0.3890102787008014,0.38415855137649635,0.009703454648610166,0.2854355862093126,0.7430150524739202,168.17644299243503,-11.416309310101086,5.468796238057368
train,data\train\images\1590_jpg.rf.5ea9f7872fff20af35f029754c3cbc0b.jpg,1,1,0.3760851355421541,0.38520754701288595,0.38064634127752006,0.00912241147073184,0.26641398855357323,0.6998989867062382,167.686505247437,-9.509667723672361,4.728645384436276
train,data\train\images\1591_jpg.rf.9b7e86b061c41b0f1b6b3a305c7340e5.jpg,1,1,0.3805458832952025,0.3854962490174206,0.38302106615631154,0.004950365722218075,0.31931100651718514,0.8336643457278503,168.69149327507307,-7.094907169256586,3.680578324141265
train,data\train\images\1593_jpg.rf.3888f3eaa631dbb033207262f4d8d0f9.jpg,1,1,0.15819071956429792,0.11361728957154547,0.1359040045679217,0.04457342999275245,0.1073476902631475,0.7898787869013645,168.8505627704838,10.978808228269246,-1.8684440635287576
train,data\train\images\1594_jpg.rf.e57a567351b49b4b914f7972e877c348.jpg,1,1,0.385909870375274,0.3565611413126947,0.37123550584398435,0.02934872906257935,0.010017590616127541,0.0269844625808436,171.83919521633456,7.299861897351191,0.8485705827844359
train,data\train\images\1595_jpg.rf.f95ca9e6f37980eab0b0de5f9485a3a0.jpg,1,1,0.4405866053961408,0.3751570130669418,0.4078718092315413,0.06542959232919898,0.014048334575866581,0.034443014343978846,172.6510840110698,21.671497013322444,-3.5138236041071074
train,data\train\images\1596_jpg.rf.0d215943ffc3c5065a4bc9d5b51e9371.jpg,1,1,0.44980529974626215,0.3853759947601512,0.4175906472532067,0.06442930498611094,0.01156492091511704,0.027694396393185102,171.68157641987622,24.633714712937206,-5.066086714024613
train,data\train\images\1597_jpg.rf.3a4615595ae68e560ea7528ddc95fbc2.jpg,1,1,0.4381808554730803,0.3638573702354055,0.40101911285424285,0.07432348523767479,0.010645872120864359,0.026547044217151268,172.25047678373366,27.605094247189705,-5.28306071715175
train,data\train\images\1599_jpg.rf.5a5ed52e3b61d5c050d2dd2be0a4114a.jpg,1,1,0.4731167103514346,0.3840228489626106,0.4285697796570226,0.08909386138882402,0.07713165088288995,0.17997454450618788,173.51954986292938,27.917987665042677,-4.443157368444567
train,data\train\images\1600_jpg.rf.a50b52b3b559e6c15c16ffe151d535f4.jpg,1,1,0.45472098972088576,0.37401710361750123,0.4143690466691935,0.08070388610338453,0.08910661665901133,0.21504168174547197,171.8539703486659,29.646950252279893,-5.15396649528741
train,data\train\images\1602_jpg.rf.0f32f719f21d5060ec859782854067c7.jpg,1,1,0.45824842075553934,0.3781329085821629,0.41819066466885113,0.08011551217337642,0.05730548838877572,0.13703196467609746,170.2551571139155,28.20966950778332,-6.129481539163805
train,data\train\images\1604_jpg.rf.fb2e39f7e034a64f43173da524a9ec4e.jpg,1,1,0.45241654049900837,0.367460797549329,0.40993866902416864,0.08495574294967939,0.05372971147203007,0.1310676828802953,171.0206443185265,28.58258189199627,-5.366380542361218
train,data\train\images\1606_jpg.rf.8be2deae466c12616cf4932bd9aeb1ab.jpg,1,1,0.445629506698472,0.3684963801295135,0.40706294341399274,0.07713312656895849,0.0968575799128923,0.23794251351046178,171.09139459348359,28.514211662163127,-5.194219207786452
train,data\train\images\1607_jpg.rf.1d18484aa4f3e8a790eb91e9436eb0d4.jpg,1,1,0.45713563926221373,0.37210434203128856,0.41461999064675115,0.08503129723092517,0.12272234216647891,0.29598751853486044,171.1596566277737,28.858969331143648,-5.536342561857
train,data\train\images\1608_jpg.rf.f9178144819cc732db4951de3b673ee8.jpg,1,1,0.44172274149101776,0.3644478949672839,0.40308531822915084,0.07727484652373384,0.13481601023863096,0.33446023494705684,170.5652378298189,29.47933880895952,-5.806419191156284
train,data\train\images\1609_jpg.rf.38970b54fcaa4a180b4f75fe27272936.jpg,1,1,0.4511056082427427,0.36372636054277957,0.40741598439276117,0.08737924769996314,0.17494188954508405,0.4293937799368099,171.55241826993273,29.830871994949366,-5.599812763725882
train,data\train\images\1610_jpg.rf.cb4257974125a2644d79db1b83082904.jpg,1,1,0.47303503939115077,0.38085948781641554,0.42694726360378316,0.09217555157473523,0.18657779543627592,0.4370043125734245,168.9735972273582,29.142746562388332,-7.195000612676658
train,data\train\images\1611_jpg.rf.398fda40fdffcdca156e996e708e3248.jpg,1,1,0.4532695098524758,0.36805046229412297,0.4106599860732994,0.08521904755835286,0.17514054252134253,0.4264855317315513,171.2888222059869,28.530980040459056,-5.9341054134357725
train,data\train\images\1612_jpg.rf.b8bb8b90b7a4575d620b0e0c592da172.jpg,1,1,0.4341542263645494,0.35644831949887934,0.39530127293171435,0.07770590686567008,0.14456157609135586,0.3656997484962005,174.61450766543746,27.362715202274767,-4.313157598618039
train,data\train\images\1613_jpg.rf.b89640def16bec8675ff1028f2f64847.jpg,1,1,0.4482908044410021,0.3666662221203377,0.4074785132806699,0.08162458232066439,0.15045350345434186,0.36923052026232844,172.5169021243452,22.457899546477737,-3.5276203328550704
train,data\train\images\1614_jpg.rf.f5a7bd9eb369d48452bc7d52e6c8cf33.jpg,1,1,0.40656618500793723,0.3513543999097627,0.37896029245885,0.05521178509817454,0.1471821764774276,0.3883841642681063,170.82955414667882,11.86546785411101,-2.542400991826912
train,data\train\images\1616_jpg.rf.adfa59089e8901bd929c556024ae408c.jpg,1,1,0.37220871470701333,0.3463565461316709,0.3592826304193421,0.02585216857534245,0.13705390684201813,0.38146544040287617,170.36907128743277,5.029314999931368,0.9303469327418713
train,data\train\images\1617_jpg.rf.126da81d97dfdee667bd20c7140c1ec0.jpg,1,1,0.37410453327495197,0.30506798717522854,0.33958626022509025,0.06903654609972343,0.09493632313489273,0.27956467694530823,170.97633373769932,17.43829013956319,-3.4050515791244242
train,data\train\images\1620_jpg.rf.00eb275eb99c2175b1beb9dc3f4f55db.jpg,1,1,0.6279971266922724,0.30219177421671345,0.46509445045449294,0.3258053524755589,0.03157922454603341,0.06789851935488375,171.57237701018434,37.58778332271566,-7.7714460170335435
train,data\train\images\1621_jpg.rf.b957dd479e5f3ac8981edda22111755e.jpg,1,1,0.5565432024591375,0.2992009769359571,0.4278720896975473,0.25734222552318037,0.050529109343899765,0.11809395976170729,171.3098956382096,36.79957742954214,-8.384941002144956
train,data\train\images\1623_jpg.rf.ab5454e0b77c2f1bf42dcf117b4fde05.jpg,1,1,0.36613453793530504,0.2575402137773347,0.3118373758563199,0.10859432415797032,0.1197787782353021,0.3841065488265607,170.44578265752813,25.242639545202575,-5.422106136866955
train,data\train\images\1624_jpg.rf.a82ba7876aeb225246e612b45f34e34d.jpg,1,1,0.42050802478737404,0.32009879426864507,0.37030340952800955,0.10040923051872896,0.11862680060482059,0.3203502791292763,172.1382023811131,18.81508675804014,-3.1000874876928464
train,data\train\images\1627_jpg.rf.69d9334fffc0ac9b449554641d5144d0.jpg,1,1,0.3885916544691581,0.3571167234115276,0.37285418894034283,0.031474931057630495,0.13141996618181295,0.3524701346532017,170.57546467899473,5.5899450777146305,0.984323934101911
train,data\train\images\1628_jpg.rf.61c6c11ecb2864514f10b4f22970a262.jpg,1,1,0.37028078989687513,0.41101165661784955,0.3906462232573623,0.040730866720974424,0.07935085233588386,0.20312714576945132,172.73110659907238,-17.255261637361567,4.338094815424017
train,data\train\images\1629_jpg.rf.b691882d327771fb9015d201a59d3354.jpg,1,1,0.38750288973092034,0.45781373450573204,0.42265831211832616,0.0703108447748117,0.0891583898630165,0.21094673239989653,173.33806699576917,-25.538971625552275,6.7103104875444215
train,data\train\images\1632_jpg.rf.d787a99da5d02c8be9b9cddd86cde315.jpg,1,1,0.37910825979986057,0.4663102191960008,0.4227092394979307,0.08720195939614023,0.11835120571321747,0.2799825380060017,174.82030297975962,-30.37767642420017,7.314707270759129
train,data\train\images\1633_jpg.rf.035c085c3c705eb7c58035d5feb90ec9.jpg,1,1,0.340691218244588,0.4337984984953855,0.38724485836998673,0.09310728025079751,0.08255020719515987,0.2131731523631713,170.2294998237563,-29.68195266147789,10.106250488393165
train,data\train\images\1634_jpg.rf.2e305478407d2b0265ef3a3ad21028d6.jpg,1,1,0.35829234387139564,0.4405796053794422,0.3994359746254189,0.08228726150804655,0.07168761889315223,0.1794721142991166,170.96273619267404,-28.68341848290683,8.982148681461736
train,data\train\images\1635_jpg.rf.00ace56bbb5921c09a822d0fc3d6307d.jpg,1,1,0.36372790528023385,0.43936480317618504,0.40154635422820945,0.07563689789595118,0.0750550301478824,0.18691498343234025,172.33740849295117,-27.500008063632876,7.9131455804194735
train,data\train\images\1636_jpg.rf.afe83580d48cb5513185916c2e1283c8.jpg,1,1,0.36062647769400363,0.4287606345615443,0.39469355612777396,0.06813415686754065,0.07389611500154354,0.18722402191339851,170.06707602627597,-26.640033863039626,9.040068821114518
train,data\train\images\1637_jpg.rf.e47bb32f780636a236674509954c70d8.jpg,1,1,0.35475134141422116,0.3972811625103717,0.37601625196229643,0.042529821096150555,0.061851700205424326,0.16449209278227225,170.5141790424835,-24.804165215374653,8.773906498423013
train,data\train\images\1638_jpg.rf.aaf29813b870f425f535502e96c0799c.jpg,1,1,0.38095660820582494,0.35564352286686285,0.36830006553634387,0.025313085338962094,0.011563742137936272,0.03139761086139465,171.89813426304144,6.473330157366559,0.47030551609659615
train,data\train\images\1639_jpg.rf.9bedeab0a688d642f4d947031588f618.jpg,1,1,0.3445876278891168,0.3900294929519203,0.3673085604205185,0.04544186506280351,0.06598864167547393,0.17965451608295183,169.78908812400698,-23.347496275617655,8.889527266121181
train,data\train\images\1640_jpg.rf.57e231dcd1ad05afe9ab62ceebb55008.jpg,1,1,0.06948379843671305,0.10484735099242645,0.08716557471456976,0.0353635525557134,0.06984953277366855,0.8013431105387202,168.8433482006987,-21.031847576843166,8.405377034664491
train,data\train\images\1643_jpg.rf.714a31132e4a7f1366b8c68709901d06.jpg,1,1,0.33504339310855424,0.35867192531236763,0.34685765921046097,0.02362853220381339,0.06949766754099516,0.20036365262681552,168.356215218496,-13.481985749039069,6.349153540822109
train,data\train\images\1646_jpg.rf.8eca8ddc8740c736e415ddadfa6561d5.jpg,1,1,0.34130641216166957,0.35080443101277325,0.3460554215872214,0.009498018851103684,0.06757911658202884,0.19528408563018534,168.6502618901787,-10.295813650857275,7.036931625629405
train,data\train\images\1649_jpg.rf.90d738b8a1406a0c523807ef8765abb0.jpg,1,1,0.39127683066386654,0.3704948057490888,0.38088581820647766,0.020782024914777764,0.13515798165481174,0.3548517040913894,170.9452270403766,4.479437943415889,1.0790311493165903
train,data\train\images\1650_jpg.rf.c374ee4f3f07fe23d07933c72271d6f5.jpg,1,1,0.34266617665021804,0.34849941239140686,0.3455827945208124,0.005833235741188825,0.06709515334561739,0.1941507343808942,169.3430551924414,-10.470443872158443,7.389418220204185
train,data\train\images\1651_jpg.rf.e990c9768c4d8c575e5a1dc885db64c3.jpg,1,1,0.3451520232878842,0.35261711415125957,0.34888456871957185,0.007465090863375379,0.05914487572158917,0.1695256283149884,169.3857361385676,-11.875142821178983,7.977785777266864
train,data\train\images\1652_jpg.rf.1d35fd6ae9c6461646a606cd7a54657d.jpg,1,1,0.3457817815326441,0.36124938797237116,0.35351558475250766,0.015467606439727055,0.01573395089300688,0.04450709267604721,169.94330747143516,-12.349892503556106,8.13569279914068
train,data\train\images\1654_jpg.rf.e67fb57fdb7f6c605900047a82b2ce76.jpg,1,1,0.38005853877759416,0.36214272445431683,0.3711006316159555,0.017915814323277324,0.013962329648111777,0.03762410639753669,170.97594854902923,4.238831922853351,1.0387968433604984
train,data\train\images\1655_jpg.rf.5fd026461e914775795c764ab68568a3.jpg,1,1,0.38731479701532984,0.3670879004285376,0.3772013487219337,0.02022689658679222,0.01325867121335799,0.03515011613368343,170.99759803756788,4.917174505767949,1.0831157477134024
train,data\train\images\1656_jpg.rf.73e94c62a2ed67f780cf254f050b6670.jpg,1,1,0.3984679096745991,0.3797826989202618,0.3891253042974304,0.018685210754337322,0.007802041530324927,0.020050203479857448,170.21678510995795,6.081952555770099,-0.3238727486808286
train,data\train\images\1658_jpg.rf.944b5f9951d7a1ca9fc435a0a4d7bcd1.jpg,1,1,0.3601271750316556,0.3516023200443799,0.3558647475380178,0.008524854987275676,0.011183624105680344,0.031426614136556404,170.0558914536187,3.077227842771619,1.185794847966797
train,data\train\images\1659_jpg.rf.1ceb52b793701560b55d640e2a181ce6.jpg,1,1,0.3573723755855622,0.34758617309919215,0.35247927434237714,0.009786202486370021,0.06472674745420873,0.18363277550139603,169.9928458972975,3.446643449935188,1.1287286470701354
train,data\train\images\1660_jpg.rf.6f28b09ddd281ac3adb6bd398dbf78e5.jpg,1,1,0.3633493489108802,0.3548129205425818,0.359081134726731,0.008536428368298432,0.11758567650330974,0.3274626961196253,168.61163625631212,0.100702374665864,2.187091798860951
train,data\train\images\1662_jpg.rf.22266e7b2b0233c42d64acba4e6701d9.jpg,1,1,0.27384187221926304,0.23682042382209137,0.2553311480206772,0.03702144839717167,0.015593603781038587,0.061072077973721356,169.024919495628,-0.9498543423684347,2.519136240878543
train,data\train\images\1663_jpg.rf.f926a7ddcb27d242368c4bee68d24cc0.jpg,1,1,0.3774255744279983,0.37758622183762075,0.37750589813280955,0.00016064740962246082,0.015058458335837835,0.03988933261789767,170.63106459499778,-1.8428317163365031,3.0644268488568276
train,data\train\images\1664_jpg.rf.dd78b0e01d244b4450620e96118bda18.jpg,1,1,0.3838693990638755,0.3743031972295169,0.3790862981466962,0.009566201834358634,0.019834096767343486,0.05232079572464058,169.0673425578233,-0.3999948037463576,2.9221043895964924
train,data\train\images\1665_jpg.rf.7577edbfd308c36242e4a1f12914659c.jpg,1,1,0.37574633305553307,0.3687145785409123,0.37223045579822267,0.007031754514620792,0.020216876616560252,0.05431279547829193,170.46811848829606,-1.3361684551301662,3.363806992258007
train,data\train\images\1668_jpg.rf.1482290673ef7026e7cab434903e9613.jpg,1,1,0.3969737395290101,0.38539020792506085,0.39118197372703545,0.01158353160394926,0.10053195745519952,0.25699537352748814,169.89313511926923,-1.9555136707769294,3.523442470515911
train,data\train\images\1671_jpg.rf.6ec52331cfa0354e90657b4ea0dcb5cd.jpg,1,1,0.2958329386093466,0.28258896717691306,0.2892109528931298,0.013243971432433554,0.013037393759880715,0.04507918399860304,167.24329919782144,-17.05797827753104,6.931571245012906
train,data\train\images\1672_jpg.rf.9c3b1e1bdd19dfac4cbb01e27ba7708f.jpg,1,1,0.3631426971411252,0.40905515249957686,0.386098924820351,0.045912455358451676,0.010514096380371978,0.02723161268906436,167.42241778984325,-18.50030719993122,5.8689588184959876
train,data\train\images\1673_jpg.rf.384e9dfa341ec6574d8197550760c79e.jpg,1,1,0.36324692823809573,0.41843509479238666,0.3908410115152412,0.05518816655429093,0.01655748148640522,0.04236372591047689,166.666215044045,-20.471076296119595,6.6688719406614245
train,data\train\images\1674_jpg.rf.a439e4769722a1fa08b6ae3eec497a9c.jpg,1,1,0.3649507876507391,0.41360111529024574,0.38927595147049243,0.04865032763950666,0.05391732919955192,0.13850670455207637,168.97534037816456,-21.191220052992367,5.846067103793868
train,data\train\images\1677_jpg.rf.158ec13e5d82e3f088cd9a3a1713aa16.jpg,1,1,0.3507272847876043,0.40667851060414145,0.37870289769587284,0.055951225816537165,0.14478119254889113,0.38230811918730395,169.45410832868643,-20.41677008995407,6.393320056335442
train,data\train\images\1678_jpg.rf.c9c25ff22fac45117a4e81159a4f9a4f.jpg,1,1,0.3705346997591108,0.46680714839042065,0.4186709240747657,0.09627244863130985,0.2397328482762762,0.5726044835954861,-153.04919365144553,-44.36434619906281,163.96334579617448
train,data\train\images\1679_jpg.rf.9b4b820dc5c4b5403bdc40a6dbf38129.jpg,1,1,0.13182550193712567,0.18113307637477924,0.15647928915595244,0.04930757443765357,0.0638124397298653,0.407801186176579,178.59010438583155,-34.2556551472573,4.649040111182943
train,data\train\images\1680_jpg.rf.7d34f17ded1f0cf8250b2f2ac2bcd449.jpg,1,1,0.3515898883277119,0.43362765095175704,0.39260876963973446,0.08203776262404516,0.28506475893416255,0.7260784296686587,-179.39453185419393,-38.51406004427843,4.645939340117269
train,data\train\images\1683_jpg.rf.74e9450b17bbd5bff73073dbfb4f4c92.jpg,1,1,0.37710673577964204,0.4948742237914515,0.4359904797855468,0.11776748801180947,0.03843368839590661,0.08815258630145138,-178.2551608758035,-41.07518870795082,5.40366029425308
train,data\train\images\1684_jpg.rf.049dd560e88223e7a18af3e82b52788f.jpg,1,1,0.3901818697618267,0.4218874124376376,0.4060346410997322,0.03170554267581088,0.24370409868750273,0.6002051894573275,179.1447253611204,-35.85947885738923,5.914532730963047
train,data\train\images\1688_jpg.rf.a2b2b6cc9f164a90b69f5aea99025389.jpg,1,1,0.14505747002348093,0.23185689198943724,0.18845718100645908,0.0867994219659563,0.6208395506669694,3.2943268457660473,-162.0996263349029,-50.51722349824216,170.8419205493759
train,data\train\images\1689_jpg.rf.665d0a04eb4262e92d317118d0934863.jpg,1,1,0.14188284511843813,0.1525654195779889,0.14722413234821352,0.010682574459550759,0.06398874660138552,0.4346349038080236,-165.51418309123943,-42.336642361585234,168.18557154751105
train,data\train\images\1690_jpg.rf.68b680805debedf37044031ee5607aee.jpg,1,1,0.37988155458829903,0.41328591374819845,0.39658373416824877,0.03340435915989942,0.02655391781747501,0.06695664882264091,-179.1264930046765,-35.13332620294592,4.627701853379065
train,data\train\images\1691_jpg.rf.2632826f0e46292e33280831f42ebf19.jpg,1,1,0.4297076386026645,0.534893694510814,0.48230066655673925,0.10518605590814956,0.24691445259154307,0.5119512986667111,-177.0863273336157,-34.32476062545852,2.599719456802517
train,data\train\images\1692_jpg.rf.71e86871e5e7f1665ef25927e64ebe4c.jpg,1,1,0.3539032470115557,0.41135920268117854,0.38263122484636714,0.05745595566962286,0.01377265826303301,0.035994600985748,-177.14517285570471,-32.58257091987181,5.7900058946968995
train,data\train\images\1693_jpg.rf.c98f19ffb7b0257675a320f0cf51f4a2.jpg,1,1,0.3831106525899913,0.46426611870586776,0.42368838564792954,0.08115546611587648,0.23620078305132453,0.55748703776742,179.99062392314963,-37.51909131565368,6.3042527854581145
train,data\train\images\1695_jpg.rf.0d544da5e01c0a1c9605daf4469a0ed1.jpg,1,1,0.41797709504791675,0.4474784391169982,0.43272776708245747,0.029501344069081448,0.025719005089626053,0.05943460772815447,-179.034007061559,-36.833162936749915,4.516013715638287
train,data\train\images\1696_jpg.rf.404874c2fd62f3d1e2a39e483496c431.jpg,1,1,0.3671844731546003,0.3875827100204438,0.37738359158752205,0.020398236865843522,0.015125018085218479,0.04007863198713216,-178.33226743361004,-35.41434070838784,4.274562928165156
train,data\train\images\1698_jpg.rf.f82830a91562a18b918377fd8572615f.jpg,1,1,0.4148883239314115,0.49293306918101326,0.4539106965562124,0.07804474524960175,0.01335859572086318,0.02943000863873418,-177.65784637713693,-36.01305235269506,3.3061193116685867
train,data\train\images\1699_jpg.rf.55fbc1447d903ffd1d36f2df37b879ca.jpg,1,1,0.4490231878728384,0.5301020782859381,0.4895626330793883,0.08107889041309974,0.018387429462592197,0.03755889077345178,-178.9263791224182,-35.10255929943897,4.256610842714315
train,data\train\images\1701_jpg.rf.07f532bc40477787dcbe8909230702f9.jpg,1,1,0.38087295467370824,0.4605993591375456,0.42073615690562693,0.07972640446383739,0.2018122674577958,0.4796646642923613,-179.26882455582685,-36.20934500508213,4.7512241975155085
train,data\train\images\1703_jpg.rf.2e9dbc09563932079794647d746d9c78.jpg,1,1,0.43063861316330565,0.49243724634202696,0.4615379297526663,0.06179863317872131,0.014520058440459985,0.03146016286947672,-179.4446786070266,-38.58410975309641,3.94614983350132
train,data\train\images\1708_jpg.rf.19db1bf29a5d0e94011995626bc92378.jpg,1,1,0.2997532405801929,0.39589677237010457,0.34782500647514875,0.09614353178991164,0.5417955458226666,1.557667032952033,-164.51078423761624,-54.329516580998224,169.5588734218591
train,data\train\images\1709_jpg.rf.be5834c3d99c9adcc61ac12f40e0fd80.jpg,1,1,0.29895673110033116,0.33749243979576526,0.3182245854480482,0.0385357086954341,0.16607942493059588,0.5218937584497512,-177.25176455142454,-39.604960620761524,3.2353367493439085
train,data\train\images\170_jpg.rf.f3a115ee12d69a72079a5300fc55e5f5.jpg,1,1,0.2940316742368672,0.28114097039250174,0.2875863223146845,0.01289070384436547,0.3301213448061138,1.1479034960671266,175.10940229368077,19.289293202784496,-10.436901733534825
train,data\train\images\1710_jpg.rf.7171b499d9c62a25f0e5f5b40648fe99.jpg,1,1,0.4018011053110624,0.48731643362294336,0.4445587694670029,0.08551532831188097,0.01896196035158129,0.042653438991464385,-179.5505477219938,-38.84193599820833,5.114038559538335
train,data\train\images\1712_jpg.rf.fb8a8e1196e506a12141660aa5bdc83d.jpg,1,1,0.3519538551995525,0.41731981850517613,0.3846368368523643,0.06536596330562361,0.17170959743913136,0.44642005389889083,-175.21791275747228,-39.345303863636566,1.657643874382019
train,data\train\images\1713_jpg.rf.d6d430559fea0f0df15c36946d915b79.jpg,1,1,0.3435979920967647,0.4149690885259122,0.3792835403113385,0.07137109642914746,0.060967601461345416,0.16074412670610377,-176.82651723074113,-39.29841274675629,3.272956725772241
train,data\train\images\1714_jpg.rf.ab06bec7b9a7bcb2a6b9241cda83e96b.jpg,1,1,0.34375965605151154,0.36707498165923547,0.35541731885537353,0.023315325607723925,0.012446145885773066,0.03501840013271175,-176.72564721735702,-37.70906948334553,2.696057579596301
train,data\train\images\1715_jpg.rf.42ff14e43964cdd83d960b728df0ae18.jpg,1,1,0.33824173565495086,0.3802334582867777,0.35923759697086427,0.04199172263182682,0.028004280745247315,0.07795476025166315,-177.18641019736188,-37.503967470185096,3.5647383364842877
train,data\train\images\1721_jpg.rf.0e0b81225dfa54dadd40766457bcab46.jpg,1,1,0.3793546254616314,0.4295030844247823,0.40442885494320685,0.0501484589631509,0.019182786666982685,0.04743179531459615,-179.37592245781363,-36.209783628218325,2.86996377326627
train,data\train\images\1722_jpg.rf.4e6613e97ca3bad4fd50c6360849a36e.jpg,1,1,0.3716480645274548,0.44407744636466306,0.40786275544605893,0.07242938183720826,0.02273913097301608,0.05575191818666414,-179.08247437422915,-37.748923805034714,2.8422572403299546
train,data\train\images\1725_jpg.rf.7046cde64069fb183a8163759d66fc3a.jpg,1,1,0.3889903103605641,0.45277308552926565,0.42088169794491487,0.06378277516870157,0.020723060686603907,0.049237257851293285,-176.31359772263627,-36.94011095946154,1.754266799025124
train,data\train\images\1726_jpg.rf.254d14c18993f1b182178d9acc0c02c6.jpg,1,1,0.401478561893914,0.4555270465793774,0.4285028042366457,0.054048484685463416,0.03037420340144713,0.070884491539226,-178.57152987593224,-38.857311249852295,2.7527763838116623
train,data\train\images\1727_jpg.rf.bccc8108ae9f9958c38078c6ad41a149.jpg,1,1,0.12705909704529053,0.22595196130215797,0.17650552917372425,0.09889286425686744,0.06904429067280245,0.3911735286481939,-178.95087205715154,-38.66117225506436,4.436261273829595
train,data\train\images\1728_jpg.rf.0d3c7fb07e6da0b019a5bfcb6fc71cf2.jpg,1,1,0.27864450485749265,0.34578594038806926,0.31221522262278095,0.06714143553057661,0.22288048350508294,0.7138680863564669,172.22166607921312,-35.464241785342644,9.800565744397382
train,data\train\images\1730_jpg.rf.4a5b49ef3f923e5da0949059047e229d.jpg,1,1,0.3888466464640797,0.5528530240979581,0.47084983528101887,0.16400637763387843,0.4471446319058432,0.9496544299287529,165.63770988749653,-40.89332157855425,14.270077577889333
train,data\train\images\1732_jpg.rf.d8b93f5dc29e93589b51e6030c9baeec.jpg,1,1,0.2640932219056958,0.4697756364775747,0.3669344291916352,0.2056824145718789,0.0377307396737396,0.1028269267532656,156.21569959230854,-46.87378066335106,18.523948516971615
train,data\train\images\1733_jpg.rf.fad5b49173288b8b8fa949a5f0892a93.jpg,1,1,0.31979251923161883,0.46176470231708383,0.39077861077435133,0.141972183085465,0.44203951725870766,1.1311763363475287,168.45387664456206,-35.94849168088037,12.629594783380108
train,data\train\images\1734_jpg.rf.a53434a8de24a4e09ac7526b8f10349c.jpg,1,1,0.3140631317448266,0.4364750427377828,0.3752690872413047,0.12241191099295623,0.18671530418467963,0.4975504525493153,166.12864127592948,-34.40242031208119,14.354759613584603
train,data\train\images\1735_jpg.rf.da5e7e33057928f413ceedc734804789.jpg,1,1,0.29985971049561216,0.36234878720904745,0.3311042488523298,0.06248907671343529,0.009137620984041684,0.027597413852931255,163.99118302716866,0.562446992673293,13.411336081228054
train,data\train\images\1737_jpg.rf.7183b61bc2bb11f3c221e8f582a823c0.jpg,1,1,0.33102651159663254,0.4397612149765865,0.3853938632866095,0.10873470337995395,0.13721429291536572,0.35603652778799505,169.64608770660644,-33.58030472598405,9.913145374651895
train,data\train\images\1738_jpg.rf.c064a48b912411c4a8424db30f421a67.jpg,1,1,0.28139049381674214,0.37527876252053205,0.3283346281686371,0.09388826870378991,0.008555937082615572,0.026058588855943414,167.3949331327874,-27.36964629107866,11.98855145560674
train,data\train\images\173_jpg.rf.51ebccb88feaeb022ea5fa46cf23400c.jpg,1,1,0.3254149847801765,0.3183354744593081,0.3218752296197423,0.0070795103208683985,0.012180575883836099,0.03784253885651908,177.63953279635416,14.88384358138285,-8.28928558574717
train,data\train\images\1741_jpg.rf.45b246172e043b4d2d1a9ebab9c575ef.jpg,1,1,0.28076783428660196,0.39990348414315235,0.3403356592148772,0.1191356498565504,0.09058763119849012,0.2661714361858742,169.64937171435233,-31.795666048023207,14.105137544573505
train,data\train\images\1742_jpg.rf.9bc0f841d74384256db65b14d0b39aa3.jpg,1,1,0.3105177900570542,0.7795615180428795,0.5450396540499669,0.46904372798582533,0.1400299401506946,0.2569169767927697,152.22283394816583,-51.15072589165932,26.947291533530937
train,data\train\images\1743_jpg.rf.df723bb2abffaf8d7d57cf751cfc1d44.jpg,1,1,0.2730878708500755,0.3193914942640541,0.2962396825570648,0.04630362341397859,0.3128927764000518,1.0562149327842976,170.81384403071078,-33.308510365284555,13.306269625225585
train,data\train\images\1745_jpg.rf.c0a63d9e667b37d46eb7c916c0ba4c8f.jpg,1,1,0.45170882157270414,0.3392916001957705,0.3955002108842373,0.11241722137693366,0.3642785492639412,0.9210577876798284,165.72158663644527,31.927914659655567,-19.125289861046276
train,data\train\images\1746_jpg.rf.a9f6f19b5e8a1e41a0b7ee39b4372cbc.jpg,1,1,0.2896800531404989,0.24669089253920934,0.2681854728398541,0.042989160601289544,0.2955486797220338,1.1020309064187064,164.8766517484133,22.268303559752354,-14.728747430368484
train,data\train\images\1747_jpg.rf.a64a22135d5314cea1cb2894691d8e99.jpg,1,1,0.32859996970155225,0.3506925779862088,0.3396462738438805,0.022092608284656534,0.4195290835261603,1.235194129404753,164.01792602903075,2.4652940663085743,-1.2870642180582006
train,data\train\images\1749_jpg.rf.17cd24e58db4d0311f2d46428edaa086.jpg,1,1,0.32138860844250816,0.3347031157462567,0.32804586209438247,0.013314507303748557,0.2897574481396744,0.8832833503515065,160.72743766741272,3.9758328998607353,-0.9545204122973837
train,data\train\images\1750_jpg.rf.a4dc6777402b404495e1dd0e1e99bc0b.jpg,1,1,0.3208706492703151,0.34047901175210116,0.33067483051120816,0.019608362481786046,0.2696592937328402,0.8154817629027261,163.84340571554796,3.060266171434869,-0.7984669241089505
train,data\train\images\1751_jpg.rf.a7573380d9e55c6d4bb4197e6a22d052.jpg,1,1,0.33763429234665965,0.3536232247793141,0.3456287585629869,0.01598893243265448,0.24789301597050023,0.7172233497037677,162.66532658935583,1.0608842349623027,-0.23785255553677362
train,data\train\images\1752_jpg.rf.2a01f19e9a23a0ba9d6bce7ab26f7137.jpg,1,1,0.34549261082308874,0.35869053931546446,0.3520915750692766,0.013197928492375721,0.22644671256435675,0.6431472054388172,164.6358961064324,-0.13717107371263854,-0.8996491914990142
train,data\train\images\1753_jpg.rf.457b15f6b69a3d57816f48fe3f24d68b.jpg,1,1,0.3498005026205606,0.3657665985165829,0.35778355056857175,0.01596609589602227,0.20895502423816367,0.5840263586911774,164.50132505587075,0.3159533838090316,-1.2416929281775995
train,data\train\images\1754_jpg.rf.23cc7503b534a31df2566615b9351705.jpg,1,1,0.34891066845520036,0.36276141490498526,0.3558360416800928,0.013850746449784901,0.1816749662834843,0.5105580801362879,165.4291134167009,-0.9640721775017582,-1.3845356370371158
train,data\train\images\1755_jpg.rf.f113799e70aa43c9e75d7f729567bd7f.jpg,1,1,0.3813039911275833,0.37826577561999825,0.3797848833737908,0.0030382155075850403,0.17549979427732934,0.4621031588153008,166.4374580208699,-1.418363844987061,-1.8113102539033126
train,data\train\images\1756_jpg.rf.7d7597bde70369a714341c98e54ad824.jpg,1,1,0.3772196757923288,0.38292387296633196,0.3800717743793304,0.005704197174003167,0.14381807080806178,0.3783971357592165,168.45518167328166,-0.32469159647722007,-2.496917087837062
train,data\train\images\175_jpg.rf.e46cf0ae1c5fd236cb95405e8be31dac.jpg,1,1,0.28695173864309953,0.31061504832152004,0.29878339348230976,0.023663309678420508,0.011648201776366607,0.03898543905204112,176.5840624784683,7.18216152274218,-5.329219520937921
train,data\train\images\176_jpg.rf.cd826ba339f0390ba442ff312cf8fbca.jpg,1,1,0.32723848546095624,0.3405272259369724,0.3338828556989643,0.013288740476016137,0.010685830155430712,0.03200472852390264,177.59498880760736,8.525905223391995,-5.772153174810472
train,data\train\images\18018_jpg.rf.4ed920b7b4ac1fe5daa00ab232d99452.jpg,0,0,0.4799467584692625,0.6047218572135179,0.5423343078413903,0.12477509874425541,0.01978368811910018,0.03647876933665437,-164.58026323281058,-39.3042936687639,-10.60574721738047
train,data\train\images\18019_jpg.rf.d35f9075ca040bf5b5b910e3570882b4.jpg,0,0,0.4377081826311876,0.5753552583676119,0.5065317204993998,0.13764707573642432,0.1386292191813131,0.2736831941040845,171.28890757487125,-66.99638713253218,-179.84619009175424
train,data\train\images\18020_jpg.rf.0b545f1d8a1f97f4124ce5d89c83d615.jpg,0,0,0.4074300269699873,0.4853110743651797,0.44637055066758347,0.07788104739519236,0.016479449333457297,0.0369187647097483,-162.05011661591914,-32.56980911937258,-19.360169501005576
train,data\train\images\18022_jpg.rf.fbb9881fa681a453812f978e9a7abd5a.jpg,0,0,0.43037078257807626,0.548415203428525,0.48939299300330064,0.11804442085044875,0.26894236422286855,0.5495427357315161,-163.06241151096827,-38.8270983132949,-10.73662343676522
train,data\train\images\18023_jpg.rf.840a9c066e6aa4fea60d9de4a5b72e0f.jpg,0,0,0.39117528379623934,0.4519519839147874,0.4215636338555134,0.06077670011854808,0.18829648194915574,0.44666206196925523,-167.21794926522998,-31.29105474925906,-14.504762691098536
train,data\train\images\18024_jpg.rf.e69fb552d62b7e3d534427bf7a2864f9.jpg,0,0,0.39230079450182165,0.4774961666335442,0.43489848056768293,0.08519537213172257,0.08619980731334435,0.19820673367454808,-169.4725247224384,-35.53178809572751,-11.141525357410133
train,data\train\images\18025_jpg.rf.537d93d0ee499be0571a0009d847ba07.jpg,0,0,0.38787140362826983,0.4503536697509431,0.41911253668960646,0.06248226612267327,0.1551438134367106,0.3701722087869914,-171.05209291106152,-30.558983444633498,-10.738661184357452
train,data\train\images\18027_jpg.rf.0fba76bb2ad08e1a656cbf07ab1e6bed.jpg,0,0,0.3869501303790554,0.34532385633568696,0.36613699335737115,0.04162627404336844,0.042298856064505376,0.11552740321767818,-174.68923032993834,30.596751969974036,-3.008167402283487
train,data\train\images\18_jpg.rf.5d61f04db0f10414c6be4d404f85a761.jpg,1,1,0.40221642337590935,0.519305506066804,0.4607609647213567,0.11708908269089469,0.522177926094573,1.1332946279647582,171.70082974100265,-58.3359882919268,-168.3896764260388
train,data\train\images\190_jpg.rf.3b3662032e2d7209ab5c341b4cfda7c9.jpg,1,1,0.2702581791795141,0.29425843082286807,0.2822583050011911,0.024000251643353954,0.07876303681609041,0.27904594982867925,171.5631642013768,8.835034679107059,-14.835312279045391
train,data\train\images\191_jpg.rf.74fd1e49749453efd3e3225ae6aefaef.jpg,1,1,0.2680971657057715,0.2931367220996317,0.28061694390270164,0.025039556393860185,0.03284554942845048,0.11704763430051117,171.2849639733252,10.239884929506452,-12.664052165655075
train,data\train\images\192_jpg.rf.c1b07c478e3cb0474a90515357948f14.jpg,1,1,0.30567793371059065,0.3301817483463786,0.31792984102848465,0.024503814635787935,0.02149578271538797,0.06761171787413964,171.1314310413041,6.185166207301439,-11.24558327255806
train,data\train\images\193_jpg.rf.c2af19eb1ba37a36e3ad8bc796f1f818.jpg,1,1,0.2980975253205278,0.32636252941257143,0.3122300273665496,0.028265004092043633,0.02491746517924267,0.07980483296050908,171.02952774854273,6.19233561689642,-9.373097642163284
train,data\train\images\194_jpg.rf.44e47c687d4e7981e3127eae281e71c0.jpg,1,1,0.29245332426323456,0.31599447480286186,0.3042238995330482,0.023541150539627298,0.03268669364157622,0.10744288562386739,171.32762321538314,5.4191530976344975,-8.501492165641098
train,data\train\images\195_jpg.rf.4f7fbd81b88d1a81d7ff6b45940681f0.jpg,1,1,0.283843158341773,0.30668373000994253,0.29526344417585776,0.02284057166816955,0.023190020602285272,0.07854010057700671,171.6795834615325,7.656463076983887,-9.065027792855542
train,data\train\images\200_jpg.rf.d0fa6f1f85630342f607f2a49f14b2c1.jpg,1,1,0.3107808310570275,0.2922658059785256,0.30152331851777653,0.01851502507850189,0.12426942466539946,0.4121386872374618,170.19535170646972,26.339413055084545,-19.741404852574664
train,data\train\images\201_jpg.rf.858e551b929a50ceeb09d863c433d576.jpg,1,1,0.3051129648041807,0.32081288690304693,0.31296292585361385,0.015699922098866226,0.16600798442177536,0.5304397764335332,169.78593338972263,24.06870313707667,-19.03943637346004
train,data\train\images\202_jpg.rf.242d28fae6e53edca5b0fecaf29c0e2b.jpg,1,1,0.3000581438565891,0.3087513212246351,0.30440473254061207,0.008693177368046034,0.1334355178394431,0.4383490254102434,170.4676843802184,24.632840896729476,-18.401384972383177
train,data\train\images\204_jpg.rf.c3b3d584f2d111a092bc171bb2bc7450.jpg,1,1,0.29348801336086805,0.3205849316499199,0.307036472505394,0.027096918289051863,0.026614769432109206,0.08668276187169144,170.96178352107233,5.096141063126725,-10.900891858016646
train,data\train\images\206_jpg.rf.df4383617749952ed48b4817830a3859.jpg,1,1,0.28967069617414865,0.32133948178964017,0.30550508898189443,0.031668785615491524,0.08439045685638977,0.27623257320401334,170.44392674152962,-2.31322165837586,-6.075969134848086
train,data\train\images\218_jpg.rf.9e405d12069c533dee6cef0ca561f6d7.jpg,1,1,0.19055948049582763,0.23695019109393664,0.21375483579488214,0.04639071059810901,0.15942054625190766,0.7458102440540183,169.07777076174008,0.1983676702272733,-5.365697355018403
train,data\train\images\219_jpg.rf.3d5a9a817bbfca5de8c384a7e9e480ec.jpg,1,1,0.1946849671585374,0.25684377491116595,0.22576437103485167,0.06215880775262855,0.038096392620244515,0.16874404249713745,169.74444300661375,0.4447569546026848,-5.511930428080488
train,data\train\images\220_jpg.rf.dfaea8f1475fe70bf5daf0b0558f9254.jpg,1,1,0.1600496799925889,0.2028871507894342,0.18146841539101155,0.0428374707968453,0.03015320697949519,0.16616228732985747,170.0874463429845,2.5038934808527116,-6.6298660679130235
train,data\train\images\222_jpg.rf.85e908f39872e0f3a41876688ae5e041.jpg,1,1,0.13970037611089772,0.1452273274917303,0.14246385180131402,0.00552695138083259,0.0115161778684662,0.08083578902897515,171.64814597259695,1.3373002435498234,-7.483068069565058
train,data\train\images\225_jpg.rf.c6567c5674e4be4f2f7d4008c9e6a38d.jpg,1,1,0.1323989517496647,0.17070825732979988,0.1515536045397323,0.03830930558013518,0.40445159675044295,2.6687032484562865,165.66029430995096,0.6972266945500437,-7.192336403660878
train,data\train\images\226_jpg.rf.c15ab5b67ae7f2ad62cbaa6ea2f7946d.jpg,1,1,0.11383240787707272,0.1271538824605671,0.12049314516881991,0.013321474583494392,0.3089010031924723,2.5636396390821976,166.76076220994895,2.5543069914318957,-7.517329523386862
train,data\train\images\227_jpg.rf.2727be901b9d123ed89dc3c7f336140b.jpg,1,1,0.22409770959902225,0.23916137518419375,0.231629542391608,0.015063665585171498,0.3609677144314191,1.5583837480503397,167.26538326326215,1.9219673366268375,-6.826276264787038
train,data\train\images\231_jpg.rf.2dd609606bf0529566dcc8220cf0df1b.jpg,1,1,0.34066046770586506,0.3426138935057067,0.34163718060578585,0.001953425799841646,0.3330606906269764,0.9748959116112546,167.0960109804479,7.0145185802115115,-7.71908929645859
train,data\train\images\233_jpg.rf.e987b3156681b8a49738c0425dd7add1.jpg,1,1,0.31470794971207616,0.32343853436564896,0.31907324203886256,0.008730584653572793,0.3851399663977847,1.2070581786700727,167.06708826604876,-0.43182997524725036,-5.9394425292125135
train,data\train\images\234_jpg.rf.896e16ba4af14450480345b6bda549fe.jpg,1,1,0.26181697937615855,0.2759742809029382,0.26889563013954837,0.014157301526779631,0.43145883049696043,1.6045587288757608,167.2146435745809,-2.4648954613043395,-4.914031839678233
train,data\train\images\236_jpg.rf.3832de89213f5fa8216d0419befa12e5.jpg,1,1,0.2491138982295988,0.24316151531181157,0.24613770677070518,0.005952382917787241,0.5152156186796407,2.093200694193518,168.08803130579872,-6.789720172962878,-4.722925887027654
train,data\train\images\238_jpg.rf.409d9723114f0de857a88e605f1b8bb4.jpg,1,1,0.19100435635854726,0.1969973130535356,0.19400083470604143,0.005992956694988338,0.4792819354103751,2.4705148106017383,165.88483845718173,-6.571807725963276,-3.789487589049217
train,data\train\images\241_jpg.rf.2b994f678223edc39627617ccdc4a25f.jpg,1,1,0.13460391396719754,0.16275066355482334,0.14867728876101044,0.028146749587625808,0.5185696642019942,3.4878875484174516,163.85245364374407,-4.404973479388509,-4.786669004545548
train,data\train\images\242_jpg.rf.14151b2c53604c6b6b5ffd9451db3bf9.jpg,1,1,0.1359204728734429,0.16544727346809837,0.15068387317077064,0.029526800594655483,0.45575913982134425,3.0246046257706065,165.5611821517584,-6.9201050363369125,-3.0130600150603337
train,data\train\images\245_jpg.rf.6e303aec4cd6e6e35c9299ee9a05930f.jpg,1,1,0.15490717603899049,0.14045519900451542,0.14768118752175297,0.014451977034475066,0.44388715962493025,3.0057122851855933,165.52131763304556,-4.0497900800407,-3.573817964309444
train,data\train\images\246_jpg.rf.b0c5c6edf6802e24133bdc295d79898e.jpg,1,1,0.13994296492493533,0.18684817065998843,0.1633955677924619,0.04690520573505311,0.4855993895966272,2.9719251027262557,164.0505302891704,-7.95066833496261,-3.649527347323877
train,data\train\images\247_jpg.rf.f3ffc12f3e9c1f11ae9ba03453f3789b.jpg,1,1,0.14048995428484778,0.1682740305968774,0.1543819924408626,0.027784076312029615,0.47814639584453944,3.0971643019032657,162.62397136599108,-4.920491892894217,-5.18877641385704
train,data\train\images\248_jpg.rf.eb184fd98d0864f43186b82a2a96cb0b.jpg,1,1,0.1667341141044213,0.15962041326346343,0.16317726368394236,0.0071137008409578595,0.4657153902790575,2.8540458380347675,165.8044836793406,-2.505166399243572,-5.726996957487309
train,data\train\images\249_jpg.rf.f764cf10934d599bcd418c1ca4b6203c.jpg,1,1,0.1668748195360628,0.16236651527167872,0.16462066740387077,0.004508304264384089,0.5060200263754895,3.0738547860096412,163.81541651845802,-5.183828949263577,-6.940881560483742
train,data\train\images\250_jpg.rf.74c88943b3b806cc38ac6803798f9be2.jpg,1,1,0.1549494301074055,0.15574852973925318,0.15534897992332936,0.0007990996318476828,0.4796908312813963,3.087827364673666,163.65418410127174,-2.3563856030516126,-7.802507076857368
train,data\train\images\252_jpg.rf.8e4ad8d6b25c4c52a7abce795dd17cdb.jpg,1,1,0.14898385911527454,0.14646341462935447,0.1477236368723145,0.0025204444859200648,0.45774756573617603,3.0986751709330846,163.32020526420064,-0.7795369031655216,-8.785848742733469
train,data\train\images\253_jpg.rf.e9b257002ede3bf7f4b10311cf330f1c.jpg,1,1,0.14074562328796406,0.16119315597274378,0.15096938963035392,0.020447532684779723,0.43617216954520666,2.889143094591341,163.89612346539502,-3.559817054276523,-6.26835517537673
train,data\train\images\254_jpg.rf.2c6f3400b27a5bfbc8d57a2b6a54f89a.jpg,1,1,0.15615651049464535,0.14132456989251935,0.14874054019358235,0.014831940602126004,0.4449007196278448,2.991119428831016,165.17335224894623,-2.7352128902539476,-6.4901064716428865
train,data\train\images\256_jpg.rf.de8a929ef328a2b091e56be6305dff4e.jpg,1,1,0.1775902701802902,0.15436680742924155,0.16597853880476587,0.02322346275104864,0.4776302547188129,2.8776627277134357,165.24941099443367,-3.4344855667968996,-5.9945092774610815
train,data\train\images\259_jpg.rf.22aeffe1d615a5eb82486ef6cfa417f5.jpg,1,1,0.16425049399042305,0.18080735126012498,0.17252892262527403,0.016556857269701936,0.36146781882287693,2.0951143340063085,165.04798470805918,-1.5356798535734784,-5.258538245063688
train,data\train\images\260_jpg.rf.2f5c7b1b1d650ff7fd85fd343ce48dc6.jpg,1,1,0.1401717702206429,0.14358893426639385,0.14188035224351836,0.003417164045750959,0.22604713521232,1.5932236679560874,166.98679500721386,-1.5468277470449165,-5.987043351065158
train,data\train\images\261_jpg.rf.8bd6cf01011fda073b14d8c749be33c0.jpg,1,1,0.1581657889377055,0.16725809260084384,0.16271194076927467,0.009092303663138346,0.23893546485251535,1.4684568552428832,167.6435207577102,-0.5577045163233811,-3.6859233880018367
train,data\train\images\262_jpg.rf.656b6990934664dbc033d0fd5b307c7b.jpg,1,1,0.1368998443623653,0.13857604193398346,0.1377379431481744,0.0016761975716181599,0.27458435012033455,1.993527301514477,166.71079964370045,-4.649421883755727,-3.284685758337919
train,data\train\images\264_jpg.rf.97b9b0a81527c98af5bc8ca3dfbffef9.jpg,1,1,0.1402936237834501,0.13875604926072937,0.13952483652208975,0.0015375745227207138,0.38456369866189655,2.756238303142623,167.2512827990504,-3.2774605063603124,-3.616715513487381
train,data\train\images\267_jpg.rf.dcaeb71632c2eb9c66a8f2d278fa531a.jpg,1,1,0.15104926856636397,0.13332872744728608,0.14218899800682502,0.017720541119077893,0.19524177592708658,1.3731145071977724,166.15720924367545,-0.5734442942994599,-3.7247119766263594
train,data\train\images\269_jpg.rf.3821ee4ec7a358ca9d51502b6335c551.jpg,1,1,0.14891190507081561,0.1516031055403897,0.15025750530560267,0.0026912004695740788,0.1479744300057932,0.9848055822891107,168.15057529600008,-2.634191288190251,-2.784544765495829
train,data\train\images\270_jpg.rf.102ac88037888cbad17558e9fb518c5c.jpg,1,1,0.13045881764133838,0.1326973226289061,0.13157807013512224,0.0022385049875677243,0.21538015817976142,1.6369001153351757,167.11566550632827,-2.659098289625594,-2.5258896693463413
train,data\train\images\274_jpg.rf.d3b5fe273bd6273f62592e38d062f05f.jpg,1,1,0.29820915847043167,0.31089332611211445,0.30455124229127306,0.012684167641682786,0.0518516159624287,0.1702558018556292,174.07680799029058,-5.943524876239497,3.509915683808849
train,data\train\images\275_jpg.rf.33c15a2d699df2c1634416520bb7a173.jpg,1,1,0.28284368930846215,0.31954032277718697,0.3011920060428246,0.036696633468724815,0.03149434858778682,0.104565685529213,175.49397644131662,-4.672174909587883,5.0260199737639315
train,data\train\images\281_jpg.rf.8d15a8f7571f7be1fc4f99249b483131.jpg,1,1,0.12409124139500269,0.14847918000109026,0.13628521069804647,0.024387938606087567,0.03346884383645981,0.24557942615368136,177.13339636182363,1.423834076305654,1.2446434373809814
train,data\train\images\282_jpg.rf.1798d34616510a478cdb76d759b812c5.jpg,1,1,0.3150396827434679,0.35289309803949864,0.33396639039148324,0.03785341529603076,0.026109911998703245,0.07818125640755824,177.10723996376558,-7.604896162730407,0.5852414795778604
train,data\train\images\283_jpg.rf.23ef413e003a4780a16ec6e576efb17d.jpg,1,1,0.18457039872935782,0.1703941136994005,0.17748225621437916,0.014176285029957325,0.16430937463605097,0.9257791631721383,176.5408525466785,-1.0795539181804767,-4.271763524054094
train,data\train\images\284_jpg.rf.4bdbbbd4b1227c017af2435b55c82d58.jpg,1,1,0.18907173017210113,0.13026447942336403,0.15966810479773258,0.058807250748737105,0.1014199550492915,0.6351923270948209,177.50895638177363,0.4345387785950973,-8.313005540299388
train,data\train\images\285_jpg.rf.2e0a59bf160527c4dbe3d93715ea59c5.jpg,1,1,0.3420098006167299,0.35648106707668265,0.34924543384670625,0.014471266459952725,0.01846570628372136,0.052873150209392525,-179.61857539061077,4.911446461411911,-11.56971080079093
train,data\train\images\286_jpg.rf.c00d08202a2f026d94790aa91f7944cd.jpg,1,1,0.31047124359829475,0.3039626873276547,0.3072169654629747,0.006508556270640065,0.010527789334005078,0.034268255068985995,177.67342689876205,11.395920854190752,-12.179940527397001
train,data\train\images\287_jpg.rf.208438d3ed9904786c7d307c86aef690.jpg,1,1,0.13260299085736113,0.12509865128799436,0.12885082107267776,0.007504339569366775,0.016140169446258356,0.12526244933398262,178.07486317546275,14.240956733903744,-13.24134613571307
train,data\train\images\290_jpg.rf.bcb507ac46d61230a7a306e0c05b3f8a.jpg,1,1,0.29045452175279274,0.16344679167232637,0.22695065671255954,0.12700773008046637,0.016666218996539577,0.0734354297006855,176.30827303133452,25.443853467112042,-18.448769016067956
train,data\train\images\291_jpg.rf.afe5f06af8e6e1b089e727d2f0840427.jpg,1,1,0.315199918637587,0.15924879862889038,0.2372243586332387,0.15595112000869663,0.019792704201276975,0.08343453562404834,176.54932991809798,26.533351273970347,-18.972313526661626
train,data\train\images\292_jpg.rf.5563ef4cf2f38c1e44f7d6858fe28559.jpg,1,1,0.2760753105022163,0.15901919443963045,0.21754725247092338,0.11705611606258584,0.018673706069087633,0.0858374714320214,177.93989988526295,26.790664159336767,-17.90689829031806
train,data\train\images\293_jpg.rf.416817ace3690fb267f4272fd5c9a417.jpg,1,1,0.34634687150619337,0.3056909614790721,0.3260189164926327,0.04065591002712127,0.01507865351915005,0.04625085464784923,178.58756937885494,26.836903123003108,-15.894338913407568
train,data\train\images\294_jpg.rf.832d0a50f58ac3c766611c78d0e21366.jpg,1,1,0.3593881214468407,0.3537821229776021,0.3565851222122214,0.005605998469238593,0.013360576944187042,0.03746812783802994,-179.9202363171316,23.06787055138861,-14.90401216166984
train,data\train\images\295_jpg.rf.babfad871f9b9e8a29b40d006777170b.jpg,1,1,0.36765278198611917,0.35864544312560803,0.3631491125558636,0.009007338860511138,0.012408520937619827,0.03416921729558409,-178.70021238303306,19.950534427848034,-13.305788524976997
train,data\train\images\296_jpg.rf.7771f1dee43ff483dbc9f93567264d57.jpg,1,1,0.3718468279843734,0.366657174425463,0.3692520012049182,0.005189653558910434,0.02458419450713313,0.06657836498356583,179.07634358018652,17.287796449223457,-11.908641460523468
train,data\train\images\298_jpg.rf.2d97f3e3e976893e0765ca934146c375.jpg,1,1,0.3742723441633571,0.3805715448773708,0.37742194452036393,0.006299200714013742,0.018466409580550822,0.04892775804019117,178.17312324210238,15.16978006836441,-10.803350192765992
train,data\train\images\300_jpg.rf.1b3be072a3010bffcb1dfcbba52761b2.jpg,1,1,0.36066430486321904,0.3609731687300024,0.3608187367966107,0.00030886386678335986,0.013475788283098962,0.03734780627729736,178.24796164703233,17.257159120084673,-11.334410547302385
train,data\train\images\301_jpg.rf.ef9dc4ec3e62f8a6828658bd263842f4.jpg,1,1,0.3471771141437034,0.3593898279695616,0.3532834710566325,0.012212713825858201,0.016642487866656595,0.047108028623248976,177.61839924340254,16.134565090246134,-11.440511032036971
train,data\train\images\303_jpg.rf.1a91d9c5405d787f5b1e531a29a46b27.jpg,1,1,0.3783385680237784,0.36859417274629785,0.37346637038503816,0.009744395277480555,0.01572386526428933,0.04210249305199358,178.0225154767474,16.799872428327173,-10.136762104420423
train,data\train\images\304_jpg.rf.5554287710f33d33240e60b1b29d1100.jpg,1,1,0.3759434765004701,0.36612812353670227,0.37103580001858616,0.009815352963767843,0.035166835843907895,0.09478016903529604,175.61983874899775,16.375023945393018,-9.64185461081116
train,data\train\images\305_jpg.rf.2c26ff7167f81466354c261c2df6ffd5.jpg,1,1,0.3626893542642259,0.3644875802668498,0.36358846726553784,0.001798226002623915,0.1464241739116048,0.40271952246677706,174.3343647040451,13.199069755264123,-9.113791817184536
train,data\train\images\306_jpg.rf.a14f3c33f26d0e4cd1e6057fb108f913.jpg,1,1,0.2969752093684286,0.33100241633241523,0.3139888128504219,0.034027206963986645,0.11065221286921016,0.3524081379355471,173.9080934106293,9.117631836168417,-8.074680430566742
train,data\train\images\307_jpg.rf.70d3304e0128d9b710f7e90b1f69a98c.jpg,1,1,0.1324419781995131,0.113238397790402,0.12284018799495755,0.01920358040911109,0.09065557517189794,0.737996063435032,177.21382323577632,13.81044299792126,-9.41050078029205
train,data\train\images\308_jpg.rf.25f0e69e7fa4b506aaaa9966b26168e0.jpg,1,1,0.31284797906864664,0.19538131106858575,0.2541146450686162,0.11746666800006089,0.14774569964069248,0.5814135568644542,178.15909385892866,29.496996859517672,-13.375975015001323
train,data\train\images\309_jpg.rf.e2cec073cf62edace513c0c18e6bbbd2.jpg,1,1,0.3992456523418463,0.1849355680330644,0.29209061018745536,0.21431008430878187,0.1283452471962792,0.4394021674093218,179.766279370847,36.62357066205327,-12.446974839079733
train,data\train\images\311_jpg.rf.be82fb3b1a692bce9863437ca000a762.jpg,1,1,0.4267176752024403,0.22777038902415864,0.32724403211329944,0.19894728617828167,0.20030007470229036,0.6120816731439791,-154.9545838549419,52.32546675922348,-170.90203461798956
train,data\train\images\312_jpg.rf.0729e110b73028341159721def3b9582.jpg,1,1,0.4379490813027359,0.22727946722355633,0.3326142742631461,0.21066961407917958,0.03708933490396818,0.11150854841132025,-178.8537267460687,39.37009917319769,-10.076545521889669
train,data\train\images\314_jpg.rf.b555354e4e9e0a6ff41ea14a6a382798.jpg,1,1,0.4162260417841519,0.3741334651605106,0.39517975347233125,0.0420925766236413,0.0972494401842277,0.2460891260995148,177.9216730641695,27.26967663729935,-9.288810617801703
train,data\train\images\316_jpg.rf.9879230a6e6a4f2ef996e876684f8cbd.jpg,1,1,0.32807629429425783,0.3501899851891223,0.33913313974169007,0.02211369089486448,0.02755151518247942,0.0812409993416296,177.3412237691625,10.33186054778357,-6.313406019983689
train,data\train\images\324_jpg.rf.b4551864f87adcdb75d5ab50dbbceb98.jpg,1,1,0.3758388862113026,0.36726134973414754,0.3715501179727251,0.00857753647715509,0.07089786827525135,0.19081643322329897,177.43458859925815,11.400860919284455,-7.91843110646997
train,data\train\images\325_jpg.rf.2b403aecb4d87aee6ebf4ee5a8b4600d.jpg,1,1,0.3653469077456735,0.3752186667576975,0.3702827872516855,0.009871759012023973,0.03210775725534449,0.0867114496292275,178.0928039359689,8.391151917856728,-6.458650842329379
train,data\train\images\326_jpg.rf.64e0e6a1a3447ef347690ba0a20b93e4.jpg,1,1,0.39472248404491467,0.4163028253861639,0.4055126547155393,0.021580341341249254,0.02362138310847873,0.05825066821909357,178.38537929220607,-9.516023184781135,-0.5976359376063968
train,data\train\images\327_jpg.rf.fc682289c3e9ebd5480fe1c971458528.jpg,1,1,0.38120904628268204,0.407353117755497,0.3942810820190895,0.026144071472814945,0.03713045634637425,0.09417255364176093,179.56773713297036,-18.293044937123764,4.936524633238806
train,data\train\images\329_jpg.rf.8024621802233c082c40dc391a181f61.jpg,1,1,0.3725965135972192,0.40837761547196233,0.39048706453459076,0.03578110187474315,0.014878648885742416,0.03810279580829601,177.06279640693452,-19.207844967092846,9.332804755463597
train,data\train\images\331_jpg.rf.c7d42210388565e3b95d79b861c4e40d.jpg,1,1,0.38950494294648996,0.4101069171172926,0.39980593003189124,0.020601974170802617,0.013877208991655605,0.03470986283407218,175.74769535274473,-16.519566247865132,9.943843634033426
train,data\train\images\333_jpg.rf.38c719f9c93c44e80a9fdb53fd090ffe.jpg,1,1,0.38425587651722165,0.38755055518816095,0.3859032158526913,0.0032946786709392994,0.017074509716734177,0.044245575095834225,174.07702801211096,-4.747767341625468,4.907618618090867
train,data\train\images\334_jpg.rf.e041e36d8c89b21e3e47ddf9bc7a4856.jpg,1,1,0.3966992662314367,0.417965149879565,0.40733220805550086,0.021265883648128314,0.026181505593141006,0.06427555954419803,175.1650082486744,-1.6158618008201229,-0.22060878881688792
train,data\train\images\336_jpg.rf.a8276b222e5ef17e357d4cd4f6d7d687.jpg,1,1,0.3788714086045258,0.38610789971541204,0.38248965415996894,0.007236491110886256,0.020364569432189384,0.05324214448862529,177.91825153686878,4.250172454756793,-3.0337801892718628
train,data\train\images\337_jpg.rf.aece5270744df70b98bfdffac81d8d44.jpg,1,1,0.38901147700408256,0.4000188316901395,0.39451515434711104,0.011007354686056958,0.017792313248883817,0.04509918833999819,-179.23855889177,1.755215820839742,-3.392466743127286
train,data\train\images\354_jpg.rf.c8f79a023098041c8f949c293cac2db0.jpg,1,1,0.29786419486845445,0.30027659393767914,0.2990703944030668,0.002412399069224691,0.015546738969394852,0.05198354387576729,172.09809806561992,8.908210967883079,-10.842219263054554
train,data\train\images\356_jpg.rf.060bdaabe77ec4aa0a2c414c6ceba28f.jpg,1,1,0.29329029818196967,0.3049189999094359,0.2991046490457028,0.011628701727466217,0.021266236972357896,0.07109965371721268,170.8968291243898,3.8812621641346547,-7.106699519505392
train,data\train\images\357_jpg.rf.c2c9dae8b435a44d6f01eacaa21d17a1.jpg,1,1,0.27143025880334354,0.29309601111706113,0.28226313496020233,0.02166575231371759,0.02404403354609165,0.08518304577564384,169.97275315964976,-0.8280364033783653,-4.0517107990972985
train,data\train\images\359_jpg.rf.02ea0874aca0f764e50988bed042526c.jpg,1,1,0.23430784594259207,0.2517753087362694,0.24304157733943074,0.017467462793677335,0.0343110078519466,0.14117340838365283,164.03859489831456,-1.2594608049772211,-4.42809810485732
train,data\train\images\360_jpg.rf.9a02bcae5288f5a76d95b3d5539e00d2.jpg,1,1,0.21995664072294852,0.23938329722261126,0.2296699689727799,0.019426656499662742,0.027360103262677175,0.11912790943042209,165.25840018499443,1.905468957577734,-6.278499253334204
train,data\train\images\361_jpg.rf.42493008bb83ad3e5d49e8e28b42a483.jpg,1,1,0.28576951760195457,0.3122401279827644,0.2990048227923595,0.026470610380809834,0.01956490169340907,0.06543339840038531,172.6945645347373,-3.2991783240001245,-2.1502832776652094
train,data\train\images\362_jpg.rf.42cd5b6563594e6e617bdbe1e1fd27bc.jpg,1,1,0.1943099560994418,0.18641967117915928,0.19036481363930052,0.007890284920282514,0.03882748009141087,0.20396353374936405,167.9424865663791,6.773125222154672,-9.71557530611819
train,data\train\images\363_jpg.rf.81799b49df171649d7ee8ffe2dd1f066.jpg,1,1,0.24638437967499852,0.2553720020629207,0.2508781908689596,0.008987622387922195,0.03511860468605081,0.13998269265419805,168.4139531846332,12.817690392350016,-10.233999099896996
train,data\train\images\366_jpg.rf.aa6f37f8bff9aed65e72910c8b506538.jpg,1,1,0.306797451272133,0.33782201957851177,0.3223097354253224,0.031024568306378786,0.12199989143265505,0.37851755011887267,168.08677005541054,-8.003746686685098,-4.968480382991746
train,data\train\images\367_jpg.rf.1644186bf476b8306ed2d005d0577310.jpg,1,1,0.2971026481783652,0.31161912938315595,0.30436088878076056,0.014516481204790765,0.043129874946227366,0.14170636417511248,168.24018177315085,-3.2491358462594278,-5.9436083963490685
train,data\train\images\368_jpg.rf.138df0c030fe8448582e7f8f00f146f9.jpg,1,1,0.3078620249627846,0.3123322600315629,0.31009714249717374,0.0044702350687783055,0.09244732651094385,0.29812376136870217,168.0430847489657,-0.2723981659856077,-6.955604124061812
train,data\train\images\369_jpg.rf.a2672bd9fe9739ade5d1c2ad0924f7c0.jpg,1,1,0.30854942339359975,0.307769390779041,0.3081594070863204,0.0007800326145587788,0.06387787817666538,0.20728842510646497,167.98752931282337,1.151413228357718,-7.185806694433195
train,data\train\images\36_jpg.rf.1f1b1dbcae7234e31242fe17db4124d7.jpg,1,1,0.25486900907946675,0.622268295089142,0.4385686520843044,0.3673992860096753,0.31927462833011305,0.7279923606321504,179.13274604696457,-45.134861284777784,3.91990781298044
train,data\train\images\371_jpg.rf.5401467a16f193a73e82cce2d9f69867.jpg,1,1,0.28591601778126907,0.3034063260139588,0.2946611718976139,0.01749030823268971,0.12366844651910751,0.4196971244045641,168.41113475145553,-5.628539375721637,-4.215714740505923
train,data\train\images\372_jpg.rf.e17e34d7fd676502bb788cdf97cfa43b.jpg,1,1,0.3085156591307794,0.3181687191272794,0.3133421891290294,0.009653059996500013,0.021357196334993972,0.06815933849941737,171.46885648759147,-10.008667782494186,0.17745002852800032
train,data\train\images\373_jpg.rf.c9e53f051531a638b069edeacc9c460c.jpg,1,1,0.3018770870137002,0.3252957576126742,0.31358642231318723,0.023418670598974012,0.1592957518667721,0.5079803860502581,168.0728726275121,-1.3460402152327835,-6.00075724435669
train,data\train\images\376_jpg.rf.fbfff0ad0782aed29d8035c205e6a46e.jpg,1,1,0.19295791217399277,0.27274863972089414,0.23285327594744346,0.07979072754690136,0.18624543071252903,0.7998402854962018,167.56324158849137,-7.910721523383796,-4.0590885803484325
train,data\train\images\377_jpg.rf.1c5a4697ddfee660082c88244290d5d4.jpg,1,1,0.19782593927592368,0.2545234470827523,0.226174693179338,0.05669750780682864,0.1745385120880465,0.7716977953393387,166.63692006191013,-10.038369800939176,-3.234424142054407
train,data\train\images\378_jpg.rf.5ff09aeb63227aa1e0a1bf38eb08dd16.jpg,1,1,0.1818064559014706,0.2215935713549478,0.20170001362820922,0.03978711545347721,0.21747881619377887,1.0782290604831317,165.97245833091574,-3.8362577035999577,-4.628557389962797
train,data\train\images\379_jpg.rf.0d35694abba6612641aea06158c9cd63.jpg,1,1,0.16185788567972734,0.19475185613810364,0.1783048709089155,0.032893970458376304,0.2590245217358286,1.4527058089632758,166.07111481894685,-9.766365022534016,-2.671589388410862
train,data\train\images\37_jpg.rf.dd03c843c005843d6d02a976f8089554.jpg,1,1,0.26084504886909654,0.4628035608505084,0.36182430485980244,0.20195851198141185,0.2124017438427286,0.5870300612476235,176.9132751733998,-34.74951185685479,5.840626946723234
train,data\train\images\381_jpg.rf.3bbb30e6c33392420ec1983767b36fb9.jpg,1,1,0.15127691624723874,0.1919164493562037,0.17159668280172122,0.040639533108964954,0.3215913513093721,1.874111702269727,163.4150863280339,-6.568317862752979,-3.455565485311209
train,data\train\images\382_jpg.rf.132a8301e97b6168728f2d25f9ef78c5.jpg,1,1,0.16143659117461506,0.19275253688753557,0.17709456403107532,0.03131594571292051,0.18652153773759306,1.0532312990977157,165.95624602939043,-6.887063802527107,-3.7442644602441666
train,data\train\images\383_jpg.rf.3ef216fecc301a01437755e97fd90176.jpg,1,1,0.3237453318342819,0.3387808085416473,0.33126307018796464,0.015035476707365436,0.020797669704435695,0.0627829407384129,172.26055428713858,-15.774455567328594,1.3891444980523537
train,data\train\images\384_jpg.rf.660047a86e885d30eadf77119d5dee3f.jpg,1,1,0.15560581778961316,0.21291487858867203,0.1842603481891426,0.05730906079905887,0.20183837710632135,1.0953977841132427,165.1284174784156,-6.2870686141802645,-3.62358438375111
train,data\train\images\385_jpg.rf.49b2b0c16a00a14df09c03da9e69e3a3.jpg,1,1,0.15776629259757485,0.19843007096293547,0.17809818178025516,0.040663778365360614,0.35036098323419707,1.967235037056621,161.99217170692407,-6.17234328616339,-2.943722667777694
train,data\train\images\386_jpg.rf.98c386572d94ba8ca6f03deafe1e532c.jpg,1,1,0.18277151181404325,0.18749395895575896,0.1851327353849011,0.004722447141715713,0.4257095171109817,2.29948267239669,161.18664999016198,-7.503548220628699,-2.5065398810878774
train,data\train\images\387_jpg.rf.6e64bcbe7b9d9df685ddfade5181dd50.jpg,1,1,0.2329771989731845,0.23757855826947955,0.23527787862133204,0.004601359296295043,0.4276819162952448,1.817773599461841,161.18343071892997,-3.5405458742285663,-4.399332516516618
train,data\train\images\388_jpg.rf.1f7ccd5714e3d794ebac850197ee4fae.jpg,1,1,0.2988404827989669,0.28922565804664996,0.29403307042280846,0.009614824752316953,0.3813135483146405,1.2968389840174304,159.88132448221282,-5.076338606087726,-2.9706082180935076
train,data\train\images\389_jpg.rf.d4350da9264a08faced44d32524c617f.jpg,1,1,0.2987254161830658,0.3299278622542326,0.31432663921864923,0.03120244607116679,0.4542566810565282,1.4451739826624814,161.3631435600517,-6.293896955791025,-3.7635523374556996
train,data\train\images\391_jpg.rf.94661e1ae251d6638868a5c2fd51592e.jpg,1,1,0.3154656310946603,0.337311489137772,0.32638856011621614,0.021845858043111677,0.4274645285263557,1.3096798747301368,163.54893735551119,-0.8048026832604565,-5.649829654244474
train,data\train\images\392_jpg.rf.de60d650720910dcf8f1a9b36e55e932.jpg,1,1,0.33894043417273345,0.34632417461999876,0.3426323043963661,0.007383740447265308,0.48779122640776484,1.4236580151633194,162.85268051105226,-1.7246624336873124,-5.927513921879712
train,data\train\images\393_jpg.rf.559e19ed29872c19e23b48d064424fba.jpg,1,1,0.3336884471546706,0.33484858666221107,0.33426851690844084,0.0011601395075404586,0.5379340627264819,1.6092872511646883,164.30696869023558,-1.0099335939455492,-6.213778425901522
train,data\train\images\396_jpg.rf.5dc878efcb37d2115c2e19be715d4b26.jpg,1,1,0.31951211145745584,0.31926391658003317,0.3193880140187445,0.00024819487742266944,0.526657845638062,1.6489593300991972,162.41500590534352,-3.1230603433995583,-6.0330200953787605
train,data\train\images\400_jpg.rf.095339c6f6e1a568a0f4c7ab3fb872c3.jpg,1,1,0.2694268596705199,0.2832961034744986,0.2763614815725092,0.013869243803978692,0.5863625348462941,2.121723083513176,160.854662714219,-8.975710531889499,-1.4066617295856876
train,data\train\images\401_jpg.rf.1f458642b6994b2d21547820f5f46a7e.jpg,1,1,0.2756826042374231,0.2790289253326251,0.2773557647850241,0.0033463210952019984,0.44260610058146477,1.5958063857966849,167.13169345539896,-3.807934850848142,-4.138452182974639
train,data\train\images\403_jpg.rf.005bf5b72777d2175669aefc760f0e4e.jpg,1,1,0.2155083770134132,0.27787707251145216,0.24669272476243267,0.06236869549803897,0.5583791391394956,2.263460098700599,162.77097077690436,-13.076059574466196,-1.723786182222539
train,data\train\images\404_jpg.rf.78ca5ba0c3454e576698deaf408875a6.jpg,1,1,0.26000782091429947,0.2761674480794438,0.2680876344968717,0.016159627165144352,0.5976006392632727,2.2291242204617463,164.20072333550033,-7.8587446711014515,-3.751458896669063
train,data\train\images\406_jpg.rf.3e7b5fd95d7153270c241a4e9de11673.jpg,1,1,0.26903793677987226,0.27979311740242496,0.2744155270911486,0.010755180622552707,0.5637648030065597,2.0544202034868904,166.0616137178573,-3.8037090767879285,-5.055534536869119
train,data\train\images\407_jpg.rf.240dbb3a37ee6415d61417bd7d6ba122.jpg,1,1,0.2920851580323408,0.2730338982546316,0.28255952814348617,0.019051259777709217,0.5680985220500805,2.0105445595223217,165.1312250907267,-3.5487810512010114,-5.183096989009103
train,data\train\images\409_jpg.rf.4b698dd52f4c6e7cc8aa6f0876e8a842.jpg,1,1,0.25687642040192304,0.27604951675654454,0.2664629685792338,0.0191730963546215,0.5911448115219927,2.218487674568609,163.83608778853866,-6.619191245429946,-4.164052736006388
train,data\train\images\410_jpg.rf.c22259e69e0fbc4376359682287093e5.jpg,1,1,0.22888762194386125,0.2812011832099406,0.2550444025769009,0.052313561266079334,0.5867290814905792,2.300497778278701,160.48466692712492,-10.01360953450019,-2.6786370738643765
train,data\train\images\412_jpg.rf.b0638358d2dc8ed8a27058dc578d3123.jpg,1,1,0.16568347534826222,0.2094761946448531,0.18757983499655767,0.04379271929659087,0.5075880654927256,2.7059841773612847,160.26198583140683,-4.4700005897635755,-4.3027990336507
train,data\train\images\413_jpg.rf.5188d2f294f661a7c2d322f9aa3726ff.jpg,1,1,0.21323113746036254,0.24055109646092437,0.22689111696064346,0.027319959000561833,0.4681056332638408,2.0631289560139034,159.9497248021628,-3.7355235999994987,-3.7496309343399927
train,data\train\images\415_jpg.rf.c1fcd2f0a572dbca8aaca8186b7fa48e.jpg,1,1,0.16169162159687017,0.20511034104855694,0.18340098132271354,0.043418719451686766,0.46379722398142736,2.5288699146343543,160.46618509095123,-4.817631519947405,-2.501314074315102
train,data\train\images\417_jpg.rf.368691c251dc161751b8444fc8860f40.jpg,1,1,0.23025904519455243,0.2812475253609994,0.2557532852777759,0.05098848016644697,0.2027951393792297,0.7929326857286392,164.92307195930567,-7.949745866298919,-1.5877423913884732
train,data\train\images\418_jpg.rf.d4ff459e42d272a866dc753d36487506.jpg,1,1,0.31324795757184276,0.3448525256397841,0.3290502416058134,0.03160456806794132,0.26164643543546245,0.7951564908707847,167.04567901838382,-9.117480761296427,-0.9097472494085559
train,data\train\images\419_jpg.rf.12a9978900f92361b74ce09019e36b5e.jpg,1,1,0.320944766112138,0.3318233938681906,0.3263840799901643,0.010878627756052583,0.10722018524310123,0.3285092374797581,166.32339032731247,-6.314231473423487,-0.2450750830503786
train,data\train\images\41_jpg.rf.4e2ad147e54193a917fd10f34f98547e.jpg,1,1,0.16605113698453314,0.410427561102598,0.2882393490435656,0.24437642411806484,0.28331271924154977,0.9829078513451986,179.5981652828874,-30.318981862036456,10.046776171524908
train,data\train\images\421_jpg.rf.d4fd4d9a2162111cdbd1ed2a5b98d13f.jpg,1,1,0.33437909385438663,0.35047416819786403,0.34242663102612536,0.0160950743434774,0.05337720930956526,0.15587925842570596,168.36211281382202,-2.454176265166847,0.7900144941042697
train,data\train\images\424_jpg.rf.bf386ccbbcdad2563d7bf6a7860a7c0c.jpg,1,1,0.30763824339481627,0.3252554575305547,0.3164468504626855,0.017617214135738413,0.014491282323637883,0.04579373219373107,168.88203644354215,-5.527042632341019,4.490190857447742
train,data\train\images\425_jpg.rf.36840c24ebef2e363e20eecefdd44213.jpg,1,1,0.2936160568469043,0.3149946814264983,0.30430536913670125,0.021378624579593997,0.033014803675890325,0.10849234691307495,169.75079043287542,-12.509906001819262,6.404490368907413
train,data\train\images\426_jpg.rf.e5e07c59a7390ab91a693b1d2c61ed73.jpg,1,1,0.3005103909003914,0.33370958996850997,0.31710999043445065,0.03319919906811858,0.10717530202604995,0.33797516716271353,169.65388314886238,-15.931583839500037,5.7689725686914795
train,data\train\images\428_jpg.rf.8d87d535a1979f1a83dba7f8b33cabd2.jpg,1,1,0.32823407212748856,0.3433505598187797,0.33579231597313414,0.015116487691291147,0.035083103734120595,0.10447857817249011,173.849548392827,-5.897787432868531,-4.346346434932445
train,data\train\images\429_jpg.rf.4abe1f8822d7cbddae99c8c37abcbfd3.jpg,1,1,0.29213427560557004,0.3125479206927926,0.3023410981491813,0.020413645087222543,0.038541856403387496,0.1274780591832413,170.26998141689296,-8.384293921624847,2.002432809505716
train,data\train\images\433_jpg.rf.31ff2c3fcf9bd3e886c358e0c1009d7d.jpg,1,1,0.25834205763679485,0.2810661933690157,0.2697041255029053,0.022724135732220874,0.018007295357896805,0.06676685172805348,174.83056988565292,0.930449641281726,-6.83064251753423
train,data\train\images\435_jpg.rf.d8bb1d23f566221ba9e19792cc401995.jpg,1,1,0.23877310793610543,0.25048651045331904,0.24462980919471222,0.011713402517213617,0.020588558988341644,0.08416210214166604,171.97119209636116,8.971321970906088,-10.856411631562432
train,data\train\images\436_jpg.rf.968646e775ce0f6f51335b6e34c71a53.jpg,1,1,0.2736259468264322,0.2853804709200308,0.27950320887323155,0.011754524093598617,0.015595151133753371,0.05579596454946798,171.75688014471635,10.711777367672754,-11.79390769388576
train,data\train\images\437_jpg.rf.3bc422e3c5c474dac4fa02f20cf21769.jpg,1,1,0.2853894486521674,0.2821493342013977,0.2837693914267826,0.0032401144507697155,0.05053469220843259,0.17808366136441256,170.34753524096715,7.539431862786673,-10.580917511427813
train,data\train\images\438_jpg.rf.9296d215fd9c8b7b088d04168ddb6176.jpg,1,1,0.2776313430057835,0.2804892040442788,0.27906027352503116,0.0028578610384952796,0.10113294210823189,0.36240537153763114,170.3061446847418,9.361248700724884,-10.48065904259988
train,data\train\images\440_jpg.rf.addb7d4a3b7f32f0590f6cff125b744d.jpg,1,1,0.2226044260878395,0.2583667855698988,0.24048560582886913,0.035762359482059275,0.09393625859635564,0.3906107322830839,168.83407210470546,3.9887838887038027,-9.396346804872993
train,data\train\images\441_jpg.rf.a79d1d1c8c7cadb7d1c3f4330d7eec64.jpg,1,1,0.26358167082041456,0.27824730894763366,0.2709144898840241,0.014665638127219105,0.04418190524643401,0.1630843195775459,170.391302534757,8.16694423129197,-9.981148584912386
train,data\train\images\442_jpg.rf.6b1cebf7b059143ea114177a5cdefbc9.jpg,1,1,0.27348752880292343,0.296013901171064,0.2847507149869937,0.02252637236814059,0.027457166933567093,0.09642527828181653,170.70406605247828,15.348611616676338,-12.178001046554566
train,data\train\images\443_jpg.rf.3309b9571948492c94944aa70bba9c1b.jpg,1,1,0.0923714672104392,0.12474001432653258,0.1085557407684859,0.03236854711609337,0.12756040798576784,1.1750682836554238,166.3501253880316,11.923525827103276,-15.165014085016322
train,data\train\images\444_jpg.rf.398639089aefed2581242dbaa70b4e05.jpg,1,1,0.17403779675273784,0.19673491194494672,0.18538635434884226,0.022697115192208878,0.24484716401279943,1.32073994805502,167.9714767686274,14.856808094875603,-19.572427825588857
train,data\train\images\446_jpg.rf.f0fa9384035850d09ec8444795a97912.jpg,1,1,0.30475854676350633,0.31271601633075746,0.30873728154713187,0.00795746956725113,0.0949952759265132,0.30768968182422507,167.5369310168705,22.14325325312558,-20.31897832670268
train,data\train\images\448_jpg.rf.65beeab24d3edcce124ad14187307d28.jpg,1,1,0.3366460743727149,0.3446208784435009,0.3406334764081079,0.007974804070786046,0.020196597441921156,0.05929128767638772,166.90709409602005,16.97392624873095,-18.68922936391658
train,data\train\images\450_jpg.rf.3fb69667f143bf0afe17b619e780e344.jpg,1,1,0.3522447293468694,0.3523766815238765,0.35231070543537296,0.00013195217700712192,0.03482475820553072,0.09884672156781478,173.91843143491846,9.142577338492732,-8.244243821575125
train,data\train\images\454_jpg.rf.5a786ea934c65c68e27cb4185e5c80a1.jpg,1,1,0.3965239284140051,0.3627277157859839,0.3796258220999945,0.03379621262802118,0.027436962849903414,0.07227370018754004,170.18952721589704,24.477270185434183,-13.183439912728065
train,data\train\images\456_jpg.rf.a82146e2be1f8736aaeef5f71ac53f80.jpg,1,1,0.3406763190571254,0.31295415519258224,0.32681523712485383,0.02772216386454318,0.15228069879414577,0.46595348532042186,166.2772945471657,23.67861746804204,-16.275111495975917
train,data\train\images\458_jpg.rf.5d883b7756ae3af6edd9d1fb6262bac0.jpg,1,1,0.3277457502588251,0.30905553264286223,0.3184006414508437,0.018690217615962845,0.16011653363222925,0.5028775473021427,167.12071773395158,22.78423541967216,-16.954069015387237
train,data\train\images\460_jpg.rf.bd6ce2c9e7de95a268be441a17a4dd79.jpg,1,1,0.3625147984468158,0.30598207619821016,0.33424843732251297,0.056532722248605616,0.06382079016153765,0.19093818559862885,167.7032770248668,26.40495519916619,-19.159047225546043
train,data\train\images\462_jpg.rf.8cff74c263f84070791f63224e2adbd9.jpg,1,1,0.40485648742934915,0.32653944877559743,0.3656979681024733,0.07831703865375172,0.22216863219903235,0.6075194602579193,165.15999377872586,29.060917515897557,-22.699716226014818
train,data\train\images\466_jpg.rf.fad9a31849c19f39a3a4759fcef9b377.jpg,1,1,0.4669707949420107,0.34839545269249367,0.4076831238172522,0.11857534224951705,0.024148161824584197,0.05923267462846669,165.05862530821287,33.9170474781201,-26.06863612581242
train,data\train\images\468_jpg.rf.9ef7bfeca5c61be7e90fce085507d62d.jpg,1,1,0.5416992352787309,0.3463924380571475,0.4440458366679392,0.1953067972215834,0.26009621564648716,0.5857418180028767,164.5286752906552,35.221748841820435,-26.42390630514208
train,data\train\images\469_jpg.rf.f688ab8cfb8c5078bf94e1d6957c3f12.jpg,1,1,0.2843334354372848,0.11182949637256484,0.1980814659049248,0.17250393906471995,0.24337328921549542,1.2286525046836527,163.29118455407962,30.20760720338076,-24.631112106190642
train,data\train\images\470_jpg.rf.fe76d489e752ff69114b731ef60b1f5d.jpg,1,1,0.28844897339476516,0.09706967864334864,0.1927593260190569,0.19137929475141652,0.3222043120613225,1.671536826339952,168.67873415802708,33.3859421248032,-20.348780769031574
train,data\train\images\471_jpg.rf.ab1fe55b93e9722f71bdc8878f60ff2b.jpg,1,1,0.4119470595177026,0.31071237472752294,0.36132971712261275,0.10123468479017966,0.024469672840363464,0.06772117454169978,169.99856656150467,26.353142408684455,-19.314675026647596
train,data\train\images\473_jpg.rf.79f2ee5f15f8dc3c628ce3ffa42380f3.jpg,1,1,0.3366767903505802,0.3263405783675538,0.331508684359067,0.010336211983026367,0.012620668513162268,0.03807040089330644,172.57878483665073,19.310892398449564,-14.851425320081898
train,data\train\images\475_jpg.rf.05822cf6a5ecd79e76131f3074f7a55c.jpg,1,1,0.2702165632352385,0.2828305070312775,0.276523535133258,0.012613943796038973,0.006982611460408351,0.025251418317950396,174.1978732638049,16.775439982768894,-14.190645032610137
train,data\train\images\476_jpg.rf.a5be33e2c9b32ca4d785498844480a4d.jpg,1,1,0.2910454351965983,0.28065750027291547,0.2858514677347569,0.01038793492368284,0.009838642597240122,0.03441872338528432,174.2235936337855,20.732148216290003,-14.645825279560269
train,data\train\images\477_jpg.rf.c2aca63b1840dd030c6c64840f8135da.jpg,1,1,0.39404546832627074,0.3569153657957979,0.3754804170610343,0.03713010253047283,0.020510371985516807,0.0546243453814606,178.75805333348006,19.5608753632119,-15.890073165261132
train,data\train\images\478_jpg.rf.ab188ec0ee8413ffb7fbbabd3b660071.jpg,1,1,0.47620535004163517,0.34736897681641304,0.4117871634290241,0.12883637322522212,0.01940019979555689,0.047112201444085865,175.81578101014193,27.98509718440609,-18.912800278629458
train,data\train\images\47_jpg.rf.04bea50289289a6bacc39d01031b667c.jpg,1,1,0.1952497748296896,0.2777859357846465,0.23651785530716807,0.08253616095495689,0.48071846099001914,2.032482750047371,177.64404759653956,-20.71599979086273,1.4634099646939405
train,data\train\images\485_jpg.rf.1f51c27f107d8c9d34467435a53d52d0.jpg,1,1,0.34418765447876015,0.20010328822585413,0.27214547135230716,0.14408436625290602,0.3345666597163406,1.2293669927846265,170.92434339099245,34.673804598260915,-23.964371579652177
train,data\train\images\487_jpg.rf.0e2027e8e133a1f51399256a20aa8c8c.jpg,1,1,0.3434821285731242,0.3025416503856739,0.3230118894793991,0.040940478187450335,0.01171634527245621,0.0362721796133868,176.9239549987024,16.287768433401045,-22.20802671245302
train,data\train\images\488_jpg.rf.1f1e3fe19d962b6d22d03fe872712eba.jpg,1,1,0.33605829196030906,0.3150907293235353,0.3255745106419222,0.02096756263677374,0.00717743968578341,0.022045459491383215,176.25606400997793,17.39877846021127,-23.472721223010495
train,data\train\images\48_jpg.rf.9f6027825986f1e4054501659859d4d9.jpg,1,1,0.13367064464130363,0.216054124885633,0.17486238476346833,0.08238348024432937,0.24741494287596336,1.4149123221133861,176.01979119135,-18.65081956787772,-1.1845232443725153
train,data\train\images\491_jpg.rf.f6903173d32b98fe50f079e699449a91.jpg,1,1,0.35953307823780356,0.30332181258946656,0.33142744541363506,0.056211265648337005,0.010301202847760663,0.03108132108644273,172.05478724111896,25.71895772476571,-26.66190501542864
train,data\train\images\492_jpg.rf.4be9ea68187d1398da8c384fd73b8905.jpg,1,1,0.3452770310342933,0.2892991034919411,0.3172880672631172,0.0559779275423522,0.011528661601927224,0.03633499898490308,172.66216525882038,25.585533171051743,-25.916296888356502
train,data\train\images\493_jpg.rf.30e4804305d1cfb399778a4e488f0dbf.jpg,1,1,0.36134043182772624,0.293592811570574,0.3274666216991501,0.06774762025715225,0.011540599346741945,0.03524206310512012,171.65015689496258,26.142307807536486,-26.51130304007921
train,data\train\images\494_jpg.rf.706a7af90eb6a475d07ac887c6aa498a.jpg,1,1,0.1436061857939701,0.19990913121357912,0.1717576585037746,0.05630294541960901,0.11053828596755308,0.6435712208147263,167.9075773684955,-11.427071074477603,0.7409983067375879
train,data\train\images\495_jpg.rf.920ffbdbfd1ada45df7f6b17f7bc56d6.jpg,1,1,0.36994905818789514,0.32669206952237106,0.3483205638551331,0.043256988665524077,0.006364136389157734,0.018270917796873416,172.16181674714866,26.06960209003468,-25.149324263010083
train,data\train\images\496_jpg.rf.dbffed6efffe381c3177d5aebfe01af3.jpg,1,1,0.3683884864468402,0.3154504151367047,0.34191945079177244,0.052938071310135504,0.007850397648391997,0.022959786669676352,175.58380504375614,22.654650523794626,-21.47888381267796
train,data\train\images\497_jpg.rf.d30cf8d493979298e01893a20f41e82b.jpg,1,1,0.34535135148898205,0.31673911280707456,0.3310452321480283,0.028612238681907487,0.008275510607064126,0.024998126550161873,175.36046179721458,16.94456101511442,-17.324915188174955
train,data\train\images\498_jpg.rf.2c9f9ef4f8f042a6ca73ed78c6febc84.jpg,1,1,0.3044784135826225,0.27973458402393997,0.2921064988032812,0.02474382955868254,0.04462677141477176,0.15277568831094582,173.1206700437482,18.363055257272773,-15.137437091440987
train,data\train\images\499_jpg.rf.b32f90f9ce88bb5dd13a94589b193d39.jpg,1,1,0.29589146398521515,0.2829969215949402,0.2894441927900777,0.012894542390274932,0.022067627273970172,0.07624138892285512,170.15741428227776,12.820808721036729,-9.958023439447615
train,data\train\images\49_jpg.rf.fdb005047e0eb0398a9c1caf223c21ff.jpg,1,1,0.12512136544439093,0.19505783978475544,0.16008960261457317,0.06993647434036451,0.12488085774960968,0.7800685098223962,175.98667243966756,-16.73304154371272,-1.9953937059376903
train,data\train\images\501_jpg.rf.03d30a61ccdd97283b39ba57095758f6.jpg,1,1,0.2553510508344084,0.25605956800119584,0.2557053094178021,0.0007085171667874368,0.022109547954033866,0.08646495453838475,166.03486005238665,-5.283535222346942,1.2987011354575102
train,data\train\images\502_jpg.rf.1c0e431ea1d4dd2df956fd79a529c30e.jpg,1,1,0.28191110162280836,0.2786385205267338,0.2802748110747711,0.003272581096074534,0.02435072709608146,0.08688161095427598,164.97676275006756,-9.98431748464104,3.2504540143176346
train,data\train\images\503_jpg.rf.dcfb60de974b4389591a66a17f13d81a.jpg,1,1,0.260387558867134,0.27802351056759284,0.2692055347173634,0.01763595170045884,0.09251662447322419,0.343665387750503,165.28442271544125,-10.8319159145388,3.852131805580956
train,data\train\images\504_jpg.rf.6523972b6c6a84f665aba61619097182.jpg,1,1,0.24816492246834915,0.27533051324935714,0.26174771785885315,0.027165590781007998,0.04069068639276497,0.15545765489618263,162.5876812706863,-7.357808191539752,1.8004259635832796
train,data\train\images\505_jpg.rf.4d184e803e8965f9f8c1ce15272d3fe5.jpg,1,1,0.24933409915617533,0.2883836569401503,0.2688588780481628,0.03904955778397495,0.09698956965616037,0.3607452741017013,168.42371494788608,-20.89092761417816,5.201170817398254
train,data\train\images\506_jpg.rf.2e7f6aa798abf40f286482e6c2421d71.jpg,1,1,0.28739436721488715,0.28383410618771426,0.2856142367013007,0.003560261027172884,0.1186631201128217,0.4154664049079641,166.18731438715463,-3.1373516915162,-2.985165148137584
train,data\train\images\509_jpg.rf.c40927d60fb0b9cac4e7d546a8776367.jpg,1,1,0.2679943711923786,0.2654459394323198,0.2667201553123492,0.0025484317600588113,0.05483070228808588,0.20557389906988854,162.41902067591934,10.66390724351112,-12.639099173489784
train,data\train\images\510_jpg.rf.072c09374a7ff07c35091d90ea327cd6.jpg,1,1,0.2740202342251551,0.26844191134695483,0.27123107278605496,0.005578322878200259,0.26575058364835386,0.9797940218227722,164.96579425740467,10.09279189937659,-13.84532571469772
train,data\train\images\511_jpg.rf.372ed0c41fcccaf6d01da945b000e28c.jpg,1,1,0.28540167052348414,0.2760484049643727,0.28072503774392843,0.009353265559111423,0.03825788581766073,0.1362824140130984,164.30366067959633,13.309413743557762,-14.187805152423136
train,data\train\images\512_jpg.rf.6b2a16d630d6e2fbc9b70ba7a2a4e16a.jpg,1,1,0.2865833354390267,0.29932213539994573,0.2929527354194862,0.012738799960919034,0.16021874376560277,0.5469098745098988,163.42445195561615,6.3597600096115015,-13.728367489037147
train,data\train\images\513_jpg.rf.d00c1bf7c9791284172a6d8617b4862c.jpg,1,1,0.20340846556867484,0.21171616569101936,0.20756231562984712,0.008307700122344525,0.04241648228054255,0.20435541081640898,160.53688383762596,6.246061719841962,-15.538403974862975
train,data\train\images\514_jpg.rf.9235785ed82a39e011c3c3a72552e63a.jpg,1,1,0.19322876494688776,0.23978384587049223,0.21650630540868998,0.04655508092360447,0.024963734450193575,0.11530257468977897,163.961796914341,3.8932959842938413,-15.203932845377071
train,data\train\images\518_jpg.rf.ab25764be45cc87889461df9393573cd.jpg,1,1,0.2001869989615817,0.22065878798536553,0.21042289347347362,0.020471789023783826,0.007587550330959752,0.03605857806492075,167.72605112994123,-4.075465639616252,-14.964058963480419
train,data\train\images\519_jpg.rf.e86261d87bf692e194fb3836cdba1a83.jpg,1,1,0.24544988201968515,0.2654878246213453,0.2554688533205152,0.02003794260166014,0.005583321040281489,0.021855192786560822,168.189472382574,-1.217474544325941,-15.591918530138788
train,data\train\images\521_jpg.rf.ffc4f5b7a2b65b495192fea5cb94c988.jpg,1,1,0.2957871397301204,0.2996751601016744,0.2977311499158974,0.003888020371554002,0.03086018843137893,0.10365119148633345,167.62721988271153,0.1675682645951259,-13.718247153393866
train,data\train\images\522_jpg.rf.5af48e3376def93f093b0ec4fd31f0ad.jpg,1,1,0.19063048773534452,0.19228220843175114,0.19145634808354783,0.0016517206964066222,0.007840542922454586,0.04095211781138291,165.7320078526145,6.905580312193329,-13.397995219032703
train,data\train\images\524_jpg.rf.16689ec61b983b20f5b4c6126d6e26a8.jpg,1,1,0.23691154502869816,0.24087343772656844,0.2388924913776333,0.003961892697870284,0.036200956392878667,0.15153660202594396,167.7999665815197,10.641414631497504,-10.683138645102424
train,data\train\images\525_jpg.rf.67ff3cad611bb2d7541fffba622510a4.jpg,1,1,0.23400511983064204,0.2611589688429888,0.2475820443368154,0.027153849012346742,0.1498740156126121,0.6053509090858002,167.03349818066258,7.779618160884217,-8.653118460887146
train,data\train\images\526_jpg.rf.470f5ddd349e57f9c581db9a9b12c8cf.jpg,1,1,0.28546738740414257,0.27406730063304574,0.27976734401859416,0.011400086771096829,0.18092413233881893,0.6466949635365383,165.11870904882085,7.483625368680164,-7.274382634002836
train,data\train\images\52_jpg.rf.d63b1dcb6c77e4c8f36b2b9c0e81f1b8.jpg,1,1,0.2728312797330191,0.327375293983863,0.30010328685844107,0.054544014250843875,0.19917228654374206,0.6636791240400235,-178.16816673325357,-28.57128275522218,5.463342839158529
train,data\train\images\530_jpg.rf.dc82c38f26d34a567839d4e7813f4cce.jpg,1,1,0.27054076966278756,0.29603502288648664,0.28328789627463713,0.02549425322369908,0.08883729144551306,0.3135936713631725,163.9175908458229,3.9047103446942195,-5.01731663498074
train,data\train\images\532_jpg.rf.7c7d0cdb146e9b822b4aef05fe431ea6.jpg,1,1,0.26201675833743976,0.2664447104337715,0.2642307343856056,0.004427952096331733,0.08950431660392576,0.33873544957607943,161.5977222423329,3.693978980372239,-5.693401206345316
train,data\train\images\533_jpg.rf.deb5640758d1f5f1a9e700c300ec4748.jpg,1,1,0.25215760781384156,0.26502112505698416,0.25858936643541286,0.012863517243142608,0.21592301303977088,0.8350034497404647,163.42000030885302,2.7236248729586134,-4.771428812889822
train,data\train\images\534_jpg.rf.2a865d0d6d7c98a59ac4c74eaf972479.jpg,1,1,0.27247574830459936,0.27573942734951695,0.27410758782705813,0.003263679044917589,0.23737043832200208,0.865975437614538,166.31858955227645,2.6820599210344813,-6.455788331174271
train,data\train\images\535_jpg.rf.27da7f6d6be3f40093fc616cc213ff8a.jpg,1,1,0.27326823514631565,0.2710127078516334,0.2721404714989745,0.002255527294682258,0.07738117115035852,0.28434275403484083,167.18929517369094,-3.8121479354881576,-4.870430401627037
train,data\train\images\537_jpg.rf.3715eb45eafa74dd35bdf494b8284e1e.jpg,1,1,0.29374168548196855,0.31302833851083783,0.3033850119964032,0.019286653028869283,0.18117561620985065,0.5971805100642169,166.52554446352718,-6.142928964522491,-3.905220853724213
train,data\train\images\538_jpg.rf.68e7358d2cf9300e269d2c17311532aa.jpg,1,1,0.31548910835095306,0.3234544395651309,0.319471773958042,0.007965331214177862,0.019462714422954108,0.06092154615672011,175.02119216207421,12.036218319293972,-7.691856630593569
train,data\train\images\53_jpg.rf.70e74f008d2ddbe305359a594579ad57.jpg,1,1,0.3165967879318313,0.3761420710856438,0.34636942950873756,0.05954528315381247,0.15715770890693664,0.45372857855797627,-179.30000562389,-27.314172479350344,1.1754272547251818
train,data\train\images\541_jpg.rf.548e90f2cba623d656830f9b9d2a281d.jpg,1,1,0.2842129687503436,0.2947000199543811,0.2894564943523623,0.010487051204037534,0.07943702883722643,0.2744351237133614,166.34146453877676,-1.2444514552610615,-5.676640549388422
train,data\train\images\542_jpg.rf.7487bf4699d50df624d3fce07f1efeca.jpg,1,1,0.2995129587364742,0.31432410080218987,0.30691852976933204,0.014811142065715655,0.12858544963836172,0.41895629349912994,167.96497498456628,-1.9210985921386041,-5.094456951531063
train,data\train\images\543_jpg.rf.953403a384b979d5f1bf03af9b08c599.jpg,1,1,0.27057355956337786,0.2791031217002817,0.27483834063182977,0.008529562136903812,0.17867406070579625,0.6501060233992095,165.04969486720142,-1.736356912934297,-4.55112171977172
train,data\train\images\544_jpg.rf.2866c796ec70c6ead3bca29c25630669.jpg,1,1,0.26584788863737435,0.26418665994438334,0.26501727429087885,0.0016612286929910125,0.19967315695962734,0.7534344977847338,164.1235930107805,-0.6682645729093953,-4.549510151077511
train,data\train\images\545_jpg.rf.8785b9eaa1e711f4f303597954f25d05.jpg,1,1,0.22956183004412894,0.24272332246916828,0.2361425762566486,0.013161492425039334,0.21783932583980695,0.9224906803889994,163.97530199248848,-4.254072028969374,-3.7172247948837662
train,data\train\images\546_jpg.rf.b92bb676079034cbc14c130d650baf56.jpg,1,1,0.265285779526088,0.2702910964662386,0.2677884379961633,0.005005316940150606,0.07267738180531104,0.27139850528704423,163.7967299119454,0.6771341675314324,-4.964742011736043
train,data\train\images\547_jpg.rf.86fe23c68f453caf2d96bec7b63b663d.jpg,1,1,0.26863540958076515,0.2771990550598303,0.27291723232029774,0.00856364547906513,0.18470008684104972,0.6767622743011122,165.2489580863989,-0.7110806240301296,-4.910958648340219
train,data\train\images\548_jpg.rf.d240eba2e14173547b81b9c271725c74.jpg,1,1,0.24095517172976372,0.2803847451590753,0.26066995844441954,0.03942957342931158,0.26111724695746974,1.0017159189180045,161.50371342600897,1.9014943628384269,-5.997892602197663
train,data\train\images\549_jpg.rf.92a7dc3cf5771f0d3091289023c02c43.jpg,1,1,0.25850913813595605,0.2655265239117003,0.26201783102382814,0.007017385775744234,0.4710232271014992,1.7976762316556383,162.28552279247614,0.1288650124192255,-6.20165133835087
train,data\train\images\54_jpg.rf.0a6c95a82531b8091836e7dba71ad4ac.jpg,1,1,0.06471294361399334,0.16104720213882112,0.11288007287640722,0.09633425852482778,0.46784028482447404,4.14457816072385,-178.23669145610253,-19.849389571231235,-0.5042686705293307
train,data\train\images\551_jpg.rf.39c3cd220102977bc8f34609224c19d1.jpg,1,1,0.23477862604187805,0.24332378831078771,0.23905120717633288,0.008545162268909667,0.42850140988509555,1.7925088726660028,161.03376444303643,1.1484771995940215,-5.7302475589965916
train,data\train\images\552_jpg.rf.fd252424f42e053f569ab503e6c91130.jpg,1,1,0.2828207003667771,0.2503347747184425,0.2665777375426098,0.03248592564833458,0.41665946726561204,1.562994236152271,162.44100824195039,4.1177323494731155,-7.817950655642368
train,data\train\images\553_jpg.rf.9cced095d41f7864a6dbde2159a5408e.jpg,1,1,0.2674047870197245,0.2640373628866988,0.2657210749532116,0.003367424133025654,0.47074920966674494,1.7715915448168154,162.00863555142976,0.01788263561322987,-6.693421603719792
train,data\train\images\554_jpg.rf.83443c01168c5bb5443a189218d14a49.jpg,1,1,0.2016475531258288,0.24088811817778039,0.22126783565180458,0.03924056505195159,0.5161759605915438,2.3328106368058745,161.5027210432986,-1.456208954546426,-5.795670673916066
train,data\train\images\556_jpg.rf.d0f91eadd2ab5e12135e9163f3667683.jpg,1,1,0.2564502547810356,0.23388747495532572,0.24516886486818068,0.022562779825709894,0.4519203567048822,1.843302398727771,166.5051565801224,0.8825026488204216,-5.965871108090327
train,data\train\images\563_jpg.rf.0ecaa9fe3495507096a547c9f9b68d7e.jpg,1,1,0.20646362087185122,0.21007132914752885,0.20826747500969003,0.0036077082756776346,0.5284501098295011,2.537362638140756,166.1629425977293,-1.521324208624342,-6.867855493302487
train,data\train\images\564_jpg.rf.1a82afa5e5153e984ea7ebd6000f286e.jpg,1,1,0.21399130350710008,0.21726797381557464,0.21562963866133736,0.0032766703084745608,0.5647510902170639,2.619079147575108,166.6020024358964,-2.83193400379055,-6.7604212485867725
train,data\train\images\565_jpg.rf.4c9a2034db723040b43f252df0ffb407.jpg,1,1,0.22382525875410664,0.23308096173959358,0.2284531102468501,0.009255702985486947,0.5877420676150725,2.572703286814526,163.68350409570436,-4.087768196280404,-5.097042740548974
train,data\train\images\566_jpg.rf.5e7e4c952a48e3484414511eac3c4e0b.jpg,1,1,0.26288029125087475,0.23612580989127058,0.24950305057107267,0.026754481359604176,0.5627572625235551,2.2555125527944186,165.1740418952463,1.5527991699646573,-7.640658985369964
train,data\train\images\567_jpg.rf.c6f399974379b84d18e08793a584d07e.jpg,1,1,0.20190387174748084,0.18195338815079565,0.19192862994913823,0.019950483596685192,0.5926881336112078,3.088065255132974,163.11748283236517,1.7374126459209733,-7.839941898484431
train,data\train\images\569_jpg.rf.54d318143822ccd70db5721d92e0b464.jpg,1,1,0.21103036318673143,0.19348674999174198,0.2022585565892367,0.017543613194989455,0.476661921573126,2.356695952009438,165.59036064961228,3.348839253168352,-8.965308764350482
train,data\train\images\56_jpg.rf.dc2042a403c6125d2f26e4ab69c85c58.jpg,1,1,0.04009258769570599,0.09558274425641443,0.06783766597606021,0.05549015656070844,0.3015766772799488,4.445563875773301,-176.1496557070734,-23.972664738746126,-3.59089339241997
train,data\train\images\571_jpg.rf.89360f49ca96850d29b528ad1dbe5b49.jpg,1,1,0.2538309648866109,0.2202175387660446,0.23702425182632775,0.03361342612056628,0.5549171045921237,2.3411828127980856,164.01713982101026,1.106097331964726,-7.9317441195307365
train,data\train\images\573_jpg.rf.a3f36f7f39739b9e607b10525bf5d83a.jpg,1,1,0.1906487958920437,0.18815928706931387,0.1894040414806788,0.00248950882272983,0.5436037956262368,2.8700749539269474,164.5073531870165,-1.8588636740176339,-8.480083232630918
train,data\train\images\575_jpg.rf.b7d4480dd91dff9b206969ec2c9c760e.jpg,1,1,0.25800059160961397,0.23975097989936942,0.2488757857544917,0.018249611710244557,0.4807781590285911,1.9317996629164396,164.09083733915836,0.9760054485821671,-7.746734226454254
train,data\train\images\576_jpg.rf.3b0d707b7589974b98787a2cd371c505.jpg,1,1,0.24389969603186806,0.22094993197896237,0.2324248140054152,0.02294976405290569,0.4827718650094389,2.0771098261401253,163.90884427426323,1.994813993997295,-8.523314899579928
train,data\train\images\577_jpg.rf.d0933d5b4db42564d03740fccfe235ac.jpg,1,1,0.23083791850258015,0.21809916472618077,0.22446854161438046,0.01273875377639938,0.49375369109425127,2.199656519987918,163.35360581458986,0.6967033087685617,-7.399978622877976
train,data\train\images\579_jpg.rf.6d28b4c85ea4a65d67a6d6072be2fb71.jpg,1,1,0.23004237440911687,0.21286172163692885,0.22145204802302287,0.017180652772188026,0.47146569680875827,2.128974200138096,162.4550002490551,-0.6099841724457563,-7.465764216559001
train,data\train\images\57_jpg.rf.9d494774b026582efa4fccf30872a154.jpg,1,1,0.35350634860599117,0.4267047407340093,0.39010554467000025,0.07319839212801815,0.4710079788354439,1.207386014556345,-174.84709316000075,-27.798575422496622,-3.247955315674005
train,data\train\images\582_jpg.rf.1d1f325767b003cfbf362e9aaee3c013.jpg,1,1,0.20214387269019374,0.1957151830762898,0.19892952788324175,0.006428689613903943,0.3208812341342257,1.613039741000951,163.69929292640174,-7.905822570509137,-0.7240979083937259
train,data\train\images\584_jpg.rf.636b585908339f5603f6bf1248a3d52c.jpg,1,1,0.25144501386601403,0.27171138225785946,0.2615781980619367,0.020266368391845424,0.270279746711457,1.0332655730255467,165.14789259471172,-6.871013321225158,1.1575271612843332
train,data\train\images\587_jpg.rf.3f81bc1a1f50ba044d3593708fb59a47.jpg,1,1,0.32364011376220053,0.3119508673232325,0.3177954905427165,0.011689246438968015,0.08732785667252362,0.2747926237826381,167.18625703717453,-4.6921055234252735,2.3002693305047117
train,data\train\images\588_jpg.rf.c372c4b4dc64d3b7932f2432b041f2ce.jpg,1,1,0.31141240033367606,0.3072199278735442,0.3093161641036101,0.00419247246013188,0.08186777922370356,0.2646734594713282,168.07294078981963,-6.057938877587491,2.065380880653113
train,data\train\images\589_jpg.rf.8dc089a03629ce1cf724daa87796b948.jpg,1,1,0.3181461063161422,0.3255630924304381,0.32185459937329014,0.007416986114295865,0.03923010968360731,0.12188767772775508,166.44438039070207,-5.5429008618277855,3.2764686631413973
train,data\train\images\590_jpg.rf.3b9bd5cc4a970be9391dadde6029525e.jpg,1,1,0.3126768829650097,0.32310198777135707,0.31788943536818337,0.010425104806347396,0.028170531179303095,0.08861738719525437,168.404159270669,-5.638984295623348,1.0744762999870725
train,data\train\images\591_jpg.rf.97395ca98f4b5b7f404da7688cc03946.jpg,1,1,0.29869015880471833,0.29171440262534026,0.2952022807150293,0.006975756179378068,0.01561984284717857,0.05291233797159256,171.23447554338887,-2.2066635363517815,-1.595455322376535
train,data\train\images\594_jpg.rf.6000e2f3ffcefb7d29abe468d15ce06a.jpg,1,1,0.19541989621801276,0.2237403519656446,0.2095801240918287,0.02832045574763184,0.0495516961257462,0.23643318439889294,164.24160953501405,-1.5493757339336547,-10.562920463766826
train,data\train\images\595_jpg.rf.950e9c04e40caa2f9d0fe72b2d554ba3.jpg,1,1,0.16837057833211616,0.16218749582621583,0.165279037079166,0.006183082505900328,0.027565915859624143,0.16678410248978226,169.83905730445508,2.6490131151807192,-12.589194914325045
train,data\train\images\596_jpg.rf.6ede617f2c8dc3bb8c9dff8064022e5d.jpg,1,1,0.24251745533511646,0.2417119615014584,0.24211470841828742,0.0008054938336580497,0.012444973903237037,0.0514011477639623,172.317869292157,5.736483082704624,-16.22611575559768
train,data\train\images\597_jpg.rf.775c1920247aa531e2d5a6009f995230.jpg,1,1,0.20810463938981763,0.22914253127109951,0.21862358533045856,0.021037891881281884,0.023744676206029956,0.10860985638918555,172.67255118326045,8.476840905178006,-17.079089638572164
train,data\train\images\598_jpg.rf.1f483a5d16f42c6299677d673adbb68d.jpg,1,1,0.1984307034196215,0.21164126947745596,0.2050359864485387,0.013210566057834466,0.035818429232681706,0.17469337872389368,171.37538551172676,8.636634630506421,-17.704834486958728
train,data\train\images\599_jpg.rf.07a7aeb8e1dc2133387b1c27b043c66d.jpg,1,1,0.2449919467194627,0.23651548105321166,0.24075371388633718,0.008476465666251043,0.06861548101568775,0.2850027935522605,169.94852478883467,9.357788721382125,-17.73143937414765
train,data\train\images\59_jpg.rf.98ed22173dfded5e0320fda77a3f38a8.jpg,1,1,0.3390805057489285,0.4114441232167389,0.3752623144828337,0.07236361746781039,0.47518698751245997,1.2662795308059032,-175.08278935009974,-24.481986877446953,-3.6094040674077306
train,data\train\images\600_jpg.rf.2b23d61253c9d561f3f11eacfd4f73dd.jpg,1,1,0.27398985261169834,0.27097412116651903,0.2724819868891087,0.003015731445179304,0.02366650318264977,0.08685529437320665,170.49214067971903,15.679381165644388,-19.765601925322276
train,data\train\images\601_jpg.rf.a014b250629622bb93c93a011fcd4008.jpg,1,1,0.25362962158784974,0.2648342426498115,0.2592319321188306,0.01120462106196174,0.05535879603370938,0.2135492937973906,167.09951053355533,17.465605226246268,-21.60500533846474
train,data\train\images\602_jpg.rf.13ff7763c3e00db59d7de1f49d3f47a0.jpg,1,1,0.2730263775884738,0.2708010114023384,0.27191369449540614,0.0022253661861353913,0.020571585238024062,0.07565483333305087,174.85146006924577,19.922026457618383,-19.206111067743016
train,data\train\images\603_jpg.rf.511b321523a59b7aa17ba4560584b53a.jpg,1,1,0.27824443468706733,0.2818912396667061,0.2800678371768867,0.0036468049796387625,0.09109743989109383,0.32526919481139144,166.28720787072848,19.77016975737533,-22.346018989636693
train,data\train\images\606_jpg.rf.01caef390d628750783e1c99030ad736.jpg,1,1,0.2540815924740153,0.2526691588034769,0.2533753756387461,0.0014124336705383933,0.18847800823796187,0.7438686879607722,166.4947073774412,20.17100321604734,-21.726670215857226
train,data\train\images\607_jpg.rf.c52772b14cd9e43b5fb96f37810eb630.jpg,1,1,0.2939524023445684,0.2746363342573108,0.28429436830093957,0.019316068087257554,0.021581231206228957,0.0759115677711356,169.603773787811,20.826876203849707,-19.187688341132517
train,data\train\images\609_jpg.rf.4f8ac7985a11bc8269a6d5513413fc02.jpg,1,1,0.27974832004258154,0.2559461654783459,0.26784724276046373,0.023802154564235622,0.022182722621154193,0.08281855878946733,169.96424244030393,15.754866669428392,-17.24283005338346
train,data\train\images\60_jpg.rf.567df9b66af4dc818a4cff20ff644fec.jpg,1,1,0.33396346425672746,0.4113835701070094,0.3726735171818684,0.07742010585028192,0.44354950651688624,1.1901825218786062,-176.18341412219272,-20.384556270648375,-4.341776357781523
train,data\train\images\613_jpg.rf.ffae409f2cd7bf31bd6eded012b78b45.jpg,1,1,0.29875278550859724,0.23738893767991343,0.2680708615942553,0.061363847828683815,0.014740717052817752,0.05498813621574768,174.69362447880303,17.086542409239502,-9.543970102163746
train,data\train\images\614_jpg.rf.ef67468057d97b5838480979dd51f989.jpg,1,1,0.26040600424416427,0.23079112100362512,0.24559856262389468,0.029614883240539153,0.08699446874177255,0.3542140793185111,169.10741957717684,14.01605367747889,-10.567334913643574
train,data\train\images\617_jpg.rf.d54f8c7cb3f36f6be40bf108436ffcb6.jpg,1,1,0.2794046087178356,0.2609920068891991,0.2701983078035174,0.01841260182863652,0.024285197068818785,0.08987916048119175,172.64396537549808,18.299629677472833,-10.94385226125771
train,data\train\images\618_jpg.rf.dc538f3f601bbf5afb9208b65590868e.jpg,1,1,0.2930019277338303,0.27797312291083787,0.2854875253223341,0.015028804822992459,0.017256388606064495,0.06044533324733156,173.94854696503984,15.307296713219666,-9.936366808730213
train,data\train\images\619_jpg.rf.c88a279c813c54056c191964e2839417.jpg,1,1,0.2996460845985436,0.28578288338407076,0.2927144839913072,0.01386320121447282,0.014167509972862506,0.04840044052375366,175.92206706719358,16.24069399066392,-10.8012662739895
train,data\train\images\621_jpg.rf.942fcfd954242f8fa5bc2346f4cf9916.jpg,1,1,0.295188972389592,0.2793517838318742,0.2872703781107331,0.01583718855771782,0.02301241684318287,0.08010716940092012,176.02701231990054,15.717124185380367,-11.226518157700811
train,data\train\images\623_jpg.rf.ae0fb21b69a3e350aa728c2d71fa9c0a.jpg,1,1,0.3255376029698512,0.2894899606306302,0.3075137818002407,0.036047642339220975,0.025786021989823056,0.08385322387460839,177.34675317430387,17.594756351226017,-11.117567381219589
train,data\train\images\624_jpg.rf.546e47da3b04be135c4fbefbbfaf6c41.jpg,1,1,0.3042840846569097,0.27195745806219246,0.28812077135955105,0.032326626594717245,0.024538834795849195,0.08516857247069752,176.9268622641409,17.379516637375094,-10.909948819427601
train,data\train\images\628_jpg.rf.092728f7b387c995dee4848b1a27fcf9.jpg,1,1,0.24747030854206392,0.09776534139241086,0.17261782496723738,0.14970496714965306,0.014272783496635343,0.08268429693946322,-179.36945504878454,24.84199340741653,-7.791422396590849
train,data\train\images\629_jpg.rf.d0fe9dde9c0adc66e4fb908e78a26264.jpg,1,1,0.33879470636735104,0.2713757517367288,0.30508522905203994,0.06741895463062225,0.06236583704374161,0.20442103092806094,-178.5388136336696,26.723140107160955,-7.482160036115438
train,data\train\images\62_jpg.rf.1619ec789aa7654b31ec5979ac06146b.jpg,1,1,0.27057608530417065,0.31770816998086027,0.29414212764251546,0.04713208467668961,0.07650862172707558,0.2601076640747634,-177.54284891117322,-15.9814315366904,-8.937474525396171
train,data\train\images\630_jpg.rf.07398d824781acd738fe03bf53d1b5ba.jpg,1,1,0.3570306734062984,0.3313954248550787,0.34421304913068856,0.02563524855121968,0.14720953838293804,0.4276698363258346,-179.0481395287556,23.53615337006094,-8.452857708627967
train,data\train\images\631_jpg.rf.ef9e3ee9504f4c684fdbd247d40c0f98.jpg,1,1,0.34994492647192693,0.3359356214590518,0.3429402739654894,0.014009305012875117,0.05096042675181601,0.1485985479703216,-163.1044474741539,29.475508707338783,179.56442704127846
train,data\train\images\632_jpg.rf.4fcf45b937d4675453a3ea299153f9b1.jpg,1,1,0.3644741964201131,0.3462441444699726,0.35535917044504284,0.01823005195014049,0.056955978809263015,0.16027721681681323,-178.07792727663218,15.63769657007769,-9.50146660730401
train,data\train\images\633_jpg.rf.f38e1adacb1e77557a1062b9d1ab1521.jpg,1,1,0.32818412023171517,0.31006945000467917,0.31912678511819714,0.018114670227036,0.1676047500322933,0.5251980023244254,176.82814368453032,17.793079835150117,-12.303335212547768
train,data\train\images\634_jpg.rf.cb3dffe4ef62f1191223636dff502b59.jpg,1,1,0.2961433782758881,0.30405875939474697,0.3001010688353175,0.007915381118858866,0.17388836943696176,0.5794326894996304,175.94871321034134,16.62325982313906,-12.583352198706498
train,data\train\images\635_jpg.rf.9e7abd2abbe86bdfad8cdb945399c039.jpg,1,1,0.33949171978390014,0.30194785786287714,0.32071978882338864,0.03754386192102299,0.034510168630892,0.10760224293455051,175.1043242680055,17.615975180520362,-13.189792064452062
train,data\train\images\636_jpg.rf.6d75481c179032af44109996f9e4c830.jpg,1,1,0.3145022649274781,0.2846753697627592,0.29958881734511866,0.029826895164718925,0.016723830873749405,0.05582261388109149,172.87715499839555,16.965602355187205,-14.136218316731988
train,data\train\images\637_jpg.rf.0a7c9c08cdf77f011df7a06b21b13121.jpg,1,1,0.34179743397332973,0.3006447644101613,0.3212210991917455,0.04115266956316843,0.022074146655493152,0.06871947923419719,172.8360761403602,14.03811580056902,-14.21078388723042
train,data\train\images\639_jpg.rf.1a314e77fa8a7203e7be82e9258aa740.jpg,1,1,0.31935634785830036,0.30034418688214776,0.30985026737022403,0.019012160976152603,0.019590266628473442,0.06322494666453216,171.68084793538202,16.5900902261755,-13.759423575012919
train,data\train\images\63_jpg.rf.5b8b0f72f047a2975be67d2121a0df33.jpg,1,1,0.2239366602542874,0.2797313469825571,0.25183400361842223,0.05579468672826968,0.13088002326715703,0.5197075112440569,-178.49776783386386,-16.167374158501328,-7.005824689700456
train,data\train\images\640_jpg.rf.5a1d1a503f9b90003723483000299b6b.jpg,1,1,0.2580717343789796,0.2415348872866221,0.24980331083280086,0.01653684709235753,0.023817114461682658,0.09534346995754593,170.7935962347236,14.761474132615714,-13.430985753653855
train,data\train\images\641_jpg.rf.6185d96310065b17748a072fce8f0864.jpg,1,1,0.28411816524940897,0.2582450716407372,0.27118161844507305,0.025873093608671793,0.025693896953192578,0.09474792982105014,174.02375294976773,14.259918526302805,-11.686370379384478
train,data\train\images\644_jpg.rf.6ffa7658d5576b2c485c8ab6a010565d.jpg,1,1,0.3848017886971319,0.34242027608483017,0.363611032390981,0.04238151261230172,0.09965184677545025,0.27406167002187476,-165.49699212392,33.577802947785486,175.90690605433267
train,data\train\images\645_jpg.rf.171ecae552fcf320f1c2ac3190e098ac.jpg,1,1,0.3830361829206869,0.33878366903082613,0.36090992597575655,0.04425251388986079,0.01671970840040302,0.04632654077107908,178.16912701911136,19.70719022143501,-14.525459050235387
train,data\train\images\647_jpg.rf.ef5fa085907cae93cd99a23ee59e7ec2.jpg,1,1,0.36959866781993644,0.2970766684687069,0.33333766814432164,0.07252199935122955,0.020335032950530584,0.06100430552518998,176.05893388380926,21.974116954573265,-15.651593968027381
train,data\train\images\652_jpg.rf.6ba1c22d0965b1046c59c4dfe76c9bf4.jpg,1,1,0.4763651313679243,0.5530786217820224,0.5147218765749734,0.07671349041409808,0.5647691815178221,1.0972317424622984,-165.28955596397273,-61.162124130339606,169.40173914501332
train,data\train\images\653_jpg.rf.44fd1ca9fce6a61c8585f598e399cf34.jpg,1,1,0.47087070348885945,0.5489255137930306,0.509898108640945,0.07805481030417111,0.6592987410519773,1.2930009542675824,-174.03422871891703,-37.65509594890098,1.7981360019734782
train,data\train\images\654_jpg.rf.14c5f0efcd10d441b7b4ab0eb425ac84.jpg,1,1,0.4450557297733178,0.5473937474769996,0.4962247386251587,0.10233801770368184,0.5960445950770028,1.201158565226726,-168.24691317920875,-57.3265548265091,172.7261388770902
train,data\train\images\655_jpg.rf.1421f1ff3546a13b022d64a0c04b7f20.jpg,1,1,0.3944606301644922,0.489564047944564,0.4420123390545281,0.09510341778007181,0.6590375343859604,1.4909935224787,-175.33212719927573,-32.006244630429904,1.6092760399747132
train,data\train\images\656_jpg.rf.b22cb377f50ccd339fb2682fb70020aa.jpg,1,1,0.42558257655231596,0.4907582278107701,0.45817040218154303,0.06517565125845415,0.6926401515989806,1.5117522832139045,-176.1663020101847,-32.71986137955803,2.582066846682994
train,data\train\images\657_jpg.rf.7fec21d5bd141bf6cc2624940e6cbaa0.jpg,1,1,0.4624045992665727,0.5395841233466688,0.5009943613066208,0.07717952408009615,0.08266198102958086,0.16499583111872532,-179.01120562935432,-30.053866011930502,3.5413285527427916
train,data\train\images\658_jpg.rf.8a64d29fc98070c3d13873ba9095fa7a.jpg,1,1,0.3927767339492543,0.4973847008661962,0.44508071740772526,0.10460796691694191,0.6426044239140152,1.4437929992939782,-176.72559563110553,-31.555703577810615,2.534028924256696
train,data\train\images\659_jpg.rf.b0991e5d587a587ec6fee4256c6735f5.jpg,1,1,0.3984233206669833,0.4792748615907816,0.4388490911288825,0.08085154092379826,0.6744616887895645,1.5368875142354723,-178.47829021213875,-31.04473945119777,3.6299474475712046
train,data\train\images\65_jpg.rf.a5f13ccd2fe75f5a9bfb959802e79122.jpg,1,1,0.12644832569687328,0.22576138791405437,0.17610485680546384,0.09931306221718109,0.5076453558446598,2.882631206505768,178.53145306739825,-18.97032470413127,0.7718330317517249
train,data\train\images\660_jpg.rf.d63cc1a9eef8ead77ed644e4e77155cb.jpg,1,1,0.4241411528433626,0.4982867380049941,0.4612139454241784,0.0741455851616315,0.24674895954670176,0.5349989131828328,-178.56504353165656,-30.516461619833315,1.4873609018078904
train,data\train\images\661_jpg.rf.3e25e376c1e8d04cb9730721b78eced7.jpg,1,1,0.4385727228263337,0.5144205884182911,0.47649665562231236,0.07584786559195739,0.07324960411208133,0.153725326815602,-179.59467329287003,-30.24913070280595,0.7983318030805376
train,data\train\images\666_jpg.rf.8d53395e7fc3a6c9054df2dae5c7ea34.jpg,1,1,0.4630609432126446,0.5564278264244306,0.5097443848185376,0.09336688321178593,0.6729523163161605,1.3201760261777535,-176.81149133067473,-36.516191880648556,2.9797121285234147
train,data\train\images\669_jpg.rf.6bfe59016ea78b04d9b5898ec310b9c2.jpg,1,1,0.4165026985270035,0.49610424387079827,0.4563034711989009,0.07960154534379477,0.7167973794659837,1.5708786470167668,-176.07428641653672,-34.57545470712108,0.3782822775957232
train,data\train\images\66_jpg.rf.79a91e8bfbf19dd52738b7b10fa8ff5a.jpg,1,1,0.27312642341419235,0.3002341986206123,0.2866803110174023,0.027107775206419937,0.1883469120349645,0.65699284114259,-171.84754226620538,-12.245229832256548,-8.694620518858644
train,data\train\images\670_jpg.rf.ef139d93350318750114039d175c862b.jpg,1,1,0.44179989853164925,0.503223553708059,0.47251172611985415,0.0614236551764098,0.6916124419301081,1.4636937110734862,-174.81392918801401,-34.56495014104898,-0.5440913031853537
train,data\train\images\671_jpg.rf.e2e25038a9da3ba31127e0fd59f6be13.jpg,1,1,0.42811204722478197,0.4898662464848886,0.4589891468548353,0.06175419926010661,0.7449019974727645,1.6229185430137307,-169.74919144637184,-57.31604509728249,172.48673608398337
train,data\train\images\673_jpg.rf.63ab4c43e30c2837c71d782c6bbd1830.jpg,1,1,0.413362643791439,0.49080380673382135,0.4520832252626302,0.07744116294238235,0.0826696040620698,0.18286368403526648,-179.7325380337346,-29.754692714054205,0.47046100883517633
train,data\train\images\6_jpg.rf.57f1d9c3b9e9f59195860bb7cc83fc7f.jpg,1,1,0.3876461340223265,0.5232825285701189,0.4554643312962227,0.13563639454779242,0.016842773855025327,0.03697934766283861,176.30679020240333,-29.048482383819355,12.267714802275092
train,data\train\images\714_jpg.rf.6968ce2b4ab4df258c2458a1f9cabdbd.jpg,1,1,0.13144580983535264,0.12682346421138332,0.12913463702336797,0.004622345623969321,0.4763184472160109,3.688541341002238,168.84263771867586,-1.2564723631655528,2.8420384152170897
train,data\train\images\715_jpg.rf.76b4fe5cbb340bcbc8105f00e4bd14d8.jpg,1,1,0.1307650991816768,0.12109746829291897,0.1259312837372979,0.009667630888757842,0.4282227152357412,3.40044747045576,168.74165303731792,-4.357478799062452,2.805429646314139
train,data\train\images\717_jpg.rf.9c920db24fc747cfb2e4451944b082ce.jpg,1,1,0.16045144061624514,0.1412491426434935,0.15085029162986932,0.019202297972751636,0.5024159785183456,3.330560207010326,178.66960751802952,-30.373108623334808,-178.62240010004663
train,data\train\images\722_jpg.rf.c49820c0266141b57670798cbd0432e2.jpg,1,1,0.45719891036268795,0.38841938048924124,0.4228091454259646,0.06877952987344671,0.7652620720456073,1.809946829022901,169.8550054194893,20.72922643126342,-4.922056551176244
train,data\train\images\723_jpg.rf.cbe214dd52817cc8e9f5d584b15edaca.jpg,1,1,0.44925202860724606,0.39598945675863356,0.4226207426829398,0.053262571848612494,0.7878003029142103,1.8640833810309139,168.8962329279108,21.437874366121324,-4.6358056034081345
train,data\train\images\725_jpg.rf.f389cc9f014de98b98b54bfc792f56f0.jpg,1,1,0.41611479404452023,0.3698320670468091,0.3929734305456647,0.04628272699771113,0.682198177329452,1.735990589445661,169.85409180743196,22.15443342049285,-3.790845727837103
train,data\train\images\726_jpg.rf.750de96048f99eb424fb14135273708e.jpg,1,1,0.40519154126677653,0.3392784678328466,0.37223500454981157,0.06591307343392994,0.6023023088243259,1.6180700403304689,169.20526742669722,24.970481298505867,-3.9832206600263387
train,data\train\images\727_jpg.rf.15d7b0894b0bd6f4808d311fab8aadc1.jpg,1,1,0.3183999644743379,0.2485535032695369,0.2834767338719374,0.06984646120480098,0.4508557683194241,1.5904506947053416,167.348793323472,20.922863181743335,-4.893900743256429
train,data\train\images\728_jpg.rf.290ff513df1f9406381b078ab32aa0b5.jpg,1,1,0.3765859932928137,0.32934511070988354,0.3529655520013486,0.04724088258293019,0.3332529674636218,0.9441515342617586,167.25036340050676,19.56435120185618,-4.436772630922892
train,data\train\images\729_jpg.rf.20ecda13004511577ad0f5ffc1e66cff.jpg,1,1,0.3648684971049157,0.32851454949586906,0.3466915233003924,0.036353947609046644,0.2691056142937106,0.7762105393633835,168.46910026659958,17.053416830698396,-3.8854103314977477
train,data\train\images\730_jpg.rf.8dc18a2eca77463f258b890f96fb8e25.jpg,1,1,0.23921442841913806,0.20778400090957133,0.22349921466435468,0.03143042750956673,0.26115483406834616,1.168482110599546,168.2174738831734,18.322329311211508,-5.0453485876977195
train,data\train\images\735_jpg.rf.0872b1909226b3e59a88cb74bb76d789.jpg,1,1,0.08832383235806607,0.09198418746668185,0.09015400991237396,0.003660355108615787,0.31568706002305247,3.501641916204143,171.4203371872569,-0.21748343165725548,1.4378192996678876
train,data\train\images\736_jpg.rf.5335a08cb9dcdf26680188e1b246034d.jpg,1,1,0.3550609002023511,0.3659811501874008,0.36052102519487594,0.010920249985049701,0.25087979372327696,0.6958811724993472,171.47258747492896,-1.7558225386821804,2.1962623281510476
train,data\train\images\739_jpg.rf.60dd24fb2faccb69191f7537a85f5c73.jpg,1,1,0.3692646949642465,0.3942373657373404,0.3817510303507935,0.024972670773093897,0.22524013090305398,0.5900183967966749,170.24169793698846,-5.746454829594366,2.8561841374110926
train,data\train\images\73_jpg.rf.04c907553bef03ab7a86f4d3105dbd74.jpg,1,1,0.4226719153902534,0.5245639209586416,0.4736179181744475,0.10189200556838818,0.513461000269194,1.0841249466412102,-175.14275198978189,-36.96022159840714,-7.61012428413399
train,data\train\images\741_jpg.rf.58b339033b668dbb6dbe8f7f418c9bdc.jpg,1,1,0.37479925451327756,0.41541930921489284,0.3951092818640852,0.04062005470161528,0.617941344048478,1.5639757717993712,167.90690504867226,-13.012271345082643,5.438484135124155
train,data\train\images\742_jpg.rf.f70f7bca93894a677cfd301ac1015165.jpg,1,1,0.3568087424761474,0.40318529676427506,0.37999701962021126,0.04637655428812765,0.7715093684606409,2.0303037356233147,168.99525605476975,-14.727015009219903,4.274537744649507
train,data\train\images\743_jpg.rf.5000535614b205709a0914fff3ad4f44.jpg,1,1,0.2891040203508055,0.3190943490131072,0.30409918468195635,0.02999032866230167,0.8468454505984898,2.7847672511327755,167.50893498575962,-18.947588881984988,5.423444395152533
train,data\train\images\744_jpg.rf.83e70a629be08652e096fd7b274367b6.jpg,1,1,0.34178128141713954,0.39088078771624163,0.3663310345666906,0.04909950629910209,0.5699578897520142,1.555854776066627,176.63317957155925,-33.91050449507994,-177.58382844891918
train,data\train\images\745_jpg.rf.e5d8be074f443bf5c59e6dd776fc6736.jpg,1,1,0.3407977363922061,0.3540943776587337,0.34744605702546993,0.013296641266527576,0.6644463692075353,1.912372743256739,167.9881914369041,-3.8310866423410137,2.065933752412551
train,data\train\images\746_jpg.rf.03c35ac8269270ae3c27d228ce2518cb.jpg,1,1,0.39436137750361705,0.3897995876897291,0.39208048259667305,0.00456178981388794,0.3434328657882847,0.8759244110132577,174.9146369068953,-1.6781288930284408,0.8339442814284587
train,data\train\images\747_jpg.rf.4c4677f57b1cf52ccb7d801acbf636c6.jpg,1,1,0.3900747908715691,0.4160169320616838,0.40304586146662646,0.025942141190114676,0.4939446796354931,1.2255297147528046,177.25926765073424,-34.91228064134708,-177.89676419091757
train,data\train\images\748_jpg.rf.defb35be85fc4513fc7f217500dd2154.jpg,1,1,0.40733659516477416,0.40203727725021504,0.40468693620749463,0.005299317914559121,0.4463151935187777,1.1028653351190438,177.7625228701483,-36.03804827528579,-177.47568029015707
train,data\train\images\749_jpg.rf.30ff3f84184d8ffa8c54dd2ac7b56042.jpg,1,1,0.38212609444552015,0.40661935857524945,0.3943727265103848,0.024493264129729297,0.552097282738327,1.3999377888617481,177.57728027923963,-35.892788263946514,-178.3757080465221
train,data\train\images\750_jpg.rf.51c5f3a003bd71de3fdb20d7acf8af53.jpg,1,1,0.38875174211915936,0.38604648880609205,0.38739911546262573,0.002705253313067313,0.5091952172283499,1.314394372378154,-179.24532417751732,36.04776767933719,-178.16523417793493
train,data\train\images\752_jpg.rf.70a5713058597f46bc7d79b309b831ee.jpg,1,1,0.19145005895870978,0.15063794107711054,0.17104400001791015,0.04081211788159925,0.19084563153215225,1.1157692261182424,176.4031564328121,0.88653325757788,1.0612280591259835
train,data\train\images\753_jpg.rf.0d39279282d7deee6a3e7576a3596bf7.jpg,1,1,0.33573330508592664,0.33888610253016416,0.33730970380804537,0.0031527974442375206,0.4680017682128583,1.3874542087860793,-177.0697635931058,35.17270078861747,-177.02470049334923
train,data\train\images\754_jpg.rf.6b2eeece604544619745fe6a1ea6ca6f.jpg,1,1,0.3595140806538267,0.3422886085927481,0.35090134462328737,0.01722547206107855,0.3928091990065869,1.1194291644230945,-179.80439109543673,-33.688573781902356,-178.06977700363052
train,data\train\images\757_jpg.rf.325973c381ddfee067f39681ea2a8370.jpg,1,1,0.18596167876696373,0.1397576753634496,0.16285967706520665,0.04620400340351413,0.0649023320398109,0.39851689018040326,175.3243702189741,-0.03674845375692404,1.5582944995763162
train,data\train\images\758_jpg.rf.2afd68c5b014bf8eed76907add49d6a2.jpg,1,1,0.16327994865309295,0.11432121703523218,0.13880058284416258,0.04895873161786077,0.3536498693972876,2.547899022832963,171.02657636097177,0.333079039289728,3.0559570277890034
train,data\train\images\759_jpg.rf.a5a3257e7fa338df69aee290440ead66.jpg,1,1,0.18978927719584052,0.15473060653598722,0.17225994186591387,0.0350586706598533,0.16128707771947948,0.936300546560177,172.764608771679,0.8223573501000389,1.6743062090624405
train,data\train\images\75_jpg.rf.4fa66bdadaa37530dd9f30ee6550e2d9.jpg,1,1,0.4104838909442654,0.552739662484972,0.4816117767146187,0.14225577154070657,0.4758988598734715,0.9881379212109002,177.3813362279061,-58.539400623203,171.44194206757476
train,data\train\images\761_jpg.rf.aff2ad0e56140cced7b1260c3c06cec1.jpg,1,1,0.17737440687300923,0.14910630693194782,0.1632403569024785,0.028268099941061414,0.4529040389898744,2.774461215252329,178.9892371549483,33.00281875511049,-177.03947550682403
train,data\train\images\763_jpg.rf.d9d416382d8b1a04e4f9cd60890b3457.jpg,1,1,0.19875262984539624,0.2366664480294424,0.21770953893741932,0.037913818184046155,0.023269153934676278,0.10688164629003695,175.08542543198536,-27.76073830756929,1.377293062104072
train,data\train\images\767_jpg.rf.805c2dc0873fbb2986c08cdcf213724c.jpg,1,1,0.2785654604399741,0.3225373400856576,0.30055140026281585,0.0439718796456835,0.4170051087397201,1.3874668638212027,174.46025145691493,-33.34038691401458,2.456494167120926
train,data\train\images\769_jpg.rf.5ed551961ce1a62b47c17eb3208702bd.jpg,1,1,0.20909611402392453,0.28309197328276453,0.24609404365334453,0.07399585925884,0.5409100005986978,2.19798087173796,174.5694114169666,-30.759611169725844,1.6168632627233104
train,data\train\images\770_jpg.rf.a653e1cdaf3822a3503a50466c4945c1.jpg,1,1,0.25926197496522946,0.2938686598756194,0.27656531742042445,0.03460668491038993,0.024588313915275245,0.08890599206225483,175.33658252499635,-26.548400904453395,2.626459103239584
train,data\train\images\772_jpg.rf.b6c16496df1d3c3873737973e249d48e.jpg,1,1,0.20962564442599893,0.2881703632239427,0.2488980038249708,0.07854471879794375,0.15514643651610044,0.6233333901110834,175.74529408151594,-24.890094826263134,-1.048197975609428
train,data\train\images\773_jpg.rf.37b54cbfbafdea6acdef588ceddf4ef4.jpg,1,1,0.10527984859504004,0.19244186309807737,0.1488608558465587,0.08716201450303733,0.09278385383607618,0.6232924922298915,172.44370703818575,-25.793748749244372,-1.0858009579606134
train,data\train\images\774_jpg.rf.8a998d8a05ca2286dce6f68a5af93d8a.jpg,1,1,0.04987668704215926,0.15802125472445339,0.10394897088330632,0.10814456768229413,0.15024079613300897,1.44533221306895,162.0043095756633,-33.78190070863836,19.68078090766517
train,data\train\images\775_jpg.rf.2579c2510ebe2fdf00e5fd089e7fae4c.jpg,1,1,0.2667012492516313,0.3801044600141181,0.32340285463287466,0.11340321076248677,0.01953426637230505,0.060402269468153746,179.29835244672378,-28.21318528542102,-15.05561082308186
train,data\train\images\777_jpg.rf.e46ee09c11cdfd941479fc5d43819374.jpg,1,1,0.3397089761372428,0.53304311122514,0.43637604368119143,0.1933341350878972,0.06584203401005316,0.1508837044642079,172.87485628814272,-40.6299009659549,5.41807846952803
train,data\train\images\778_jpg.rf.7220a724971d91c06fac90eced69c23f.jpg,1,1,0.3746847684017369,0.4032931248448747,0.3889889466233058,0.02860835644313775,0.02699738056822956,0.06940397870578476,174.50836102225568,-27.060114382575204,2.450581263216945
train,data\train\images\77_jpg.rf.29879b38aca97d5fb923fe02ce3efa5e.jpg,1,1,0.43373873588021655,0.5449051170641943,0.4893219264722054,0.11116638118397776,0.14878145646698474,0.304056385822792,-174.82258923860266,-35.21323974221514,-8.745111820698758
train,data\train\images\786_jpg.rf.12f583111fb1c325c4a8d9401113050b.jpg,1,1,0.4155147557591118,0.4517036388036941,0.4336091972814029,0.03618888304458229,0.6112779722096089,1.4097440184436467,173.5109176218935,-13.557112715020349,-5.166048142275985
train,data\train\images\78_jpg.rf.c77e6ad714987f01c4789befef5766ba.jpg,1,1,0.1610318486955756,0.30361407591968165,0.2323229623076286,0.14258222722410605,0.010104439177803943,0.04349307135824237,-178.59270593256153,-30.610837404700277,-8.803947664375961
train,data\train\images\792_jpg.rf.564722e56223cfd7c598115b1367ddc5.jpg,1,1,0.42599124969713437,0.4678225260550583,0.44690688787609634,0.04183127635792394,0.6155390037786902,1.3773316556028259,174.3641534817155,-12.36924987338962,-5.042770749560856
train,data\train\images\793_jpg.rf.d2665948fe764a094e68e0f5be1085c8.jpg,1,1,0.35868428924417245,0.3777939086959923,0.36823909897008233,0.019109619451819826,0.1667106533195054,0.45272393340569694,169.15031484661037,-2.0194908978402912,3.238253393372783
train,data\train\images\795_jpg.rf.23872c26038ae6c2b6c9ccc377fefea3.jpg,1,1,0.3900067338447391,0.41506429610250245,0.4025355149736208,0.025057562257763344,0.7564675159381985,1.8792565818391747,168.51069116098856,-4.63192371341488,3.0871981427824964
train,data\train\images\797_jpg.rf.c6f0a2fc003e6cabe3819b50de934cff.jpg,1,1,0.404105674773608,0.41380423661052906,0.4089549556920685,0.009698561836921082,0.7533386413762883,1.8421066449761545,171.40146114768027,-2.095350217883292,2.2274627456582947
train,data\train\images\798_jpg.rf.0b1fab3c054a7b2f8cfeb7f7b4d1615e.jpg,1,1,0.41513113012648195,0.43133565447583694,0.4232333923011594,0.016204524349354987,0.7293833228376907,1.7233595838739604,179.53793475900855,-39.66945664753046,-178.96287593295335
train,data\train\images\79_jpg.rf.de7b403918e522136783bec027868068.jpg,1,1,0.39016172835167495,0.46618906137885135,0.4281753948652631,0.0760273330271764,0.008236822948004529,0.019237030074080893,-177.26247856132812,-29.59967633432428,-9.259044749621731
train,data\train\images\801_jpg.rf.4c53c71c7999446d7f147748bd1d8225.jpg,1,1,0.45185192720373857,0.4387872896204393,0.44531960841208895,0.013064637583299288,0.4305028441556084,0.9667277973469126,174.42363001314976,-2.9053884805767307,2.681294105224087
train,data\train\images\802_jpg.rf.98e12cbe49518ba1bb444b831ee54d3f.jpg,1,1,0.20216173172814758,0.11106973037774197,0.15661573105294477,0.09109200135040561,0.07485540076312783,0.4779558238490268,177.14542739739747,0.9957722082933362,2.1616336659813653
train,data\train\images\804_jpg.rf.df5c554648dca98dfa7525df24910fed.jpg,1,1,0.3816936938798827,0.35824308910567987,0.36996839149278127,0.023450604774202854,0.06111685489702891,0.1651948012380982,177.2194751238785,-0.3325803625486622,2.9898956627976148
train,data\train\images\806_jpg.rf.02c69365009a0d25d1f1e7fca23dc6cd.jpg,1,1,0.3666554071119442,0.3686980216586852,0.3676767143853147,0.002042614546740984,0.024642843339594492,0.06702312758857364,179.54362952499517,1.9268990643904564,2.955573268043482
train,data\train\images\807_jpg.rf.98c6a29ca2492d3ff83cd6f3e1bb024e.jpg,1,1,0.35873989639908144,0.36912347132522383,0.36393168386215263,0.010383574926142392,0.06841885699590282,0.18799917685050474,176.6026231826006,-0.3273198647249138,2.494863740823075
train,data\train\images\808_jpg.rf.996b034b715c8291ee21594ec7af6d1f.jpg,1,1,0.36684676061902954,0.3574038088066074,0.36212528471281846,0.009442951812422162,0.01728647853208611,0.047736182094534105,-178.50082551342658,-2.2090138989598866,2.6637321048804377
train,data\train\images\809_jpg.rf.441166d15222ea513e856ef6c2e9c270.jpg,1,1,0.3841509252298725,0.3848173074089605,0.3844841163194165,0.0006663821790879876,0.016779908731421347,0.04364265783474177,-179.36360627885668,1.5932660676918011,2.3639876226511127
train,data\train\images\80_jpg.rf.dc34477c11b2bf9386bfe3684579238c.jpg,1,1,0.1367534808917624,0.10461666481396067,0.12068507285286154,0.03213681607780172,0.012222329864486941,0.10127457833487268,168.10333381117928,24.823297162621497,-19.875743924537943
train,data\train\images\812_jpg.rf.c7be78cfd78c0f825e47bd10a4bbf7ba.jpg,1,1,0.3970061031791139,0.3816679838541368,0.38933704351662535,0.015338119324977084,0.046081645440960085,0.11835926277328995,179.03516564968788,0.2853336861355319,1.987359749744143
train,data\train\images\813_jpg.rf.7327294a403661f422ad4b021cf04be7.jpg,1,1,0.404976718764721,0.38653582237329054,0.39575627056900575,0.018440896391430484,0.04612424388924486,0.1165470955720522,179.3264364187977,2.7793793904937196,1.8101350385170163
train,data\train\images\815_jpg.rf.2ea0dd9e52fb582f71beb9dc08ed3304.jpg,1,1,0.17583855480192073,0.15455484284191043,0.16519669882191557,0.021283711960010304,0.03582838640054111,0.21688318626248476,177.65535317804813,2.731333971544127,3.040472045434268
train,data\train\images\819_jpg.rf.e14e5b614824100bead04e08d1178d44.jpg,1,1,0.3008487418368357,0.28854587594984055,0.2946973088933381,0.01230286588699514,0.22518166905120116,0.7641117249995071,175.89377928423426,1.8244521683482384,2.7644251071433583
train,data\train\images\820_jpg.rf.a02e89da3654394246f5427c2eda7e56.jpg,1,1,0.3048992191062371,0.28648778048928286,0.29569349979775994,0.018411438616954212,0.26760033153071083,0.9049922697446394,175.92004897249313,2.025665196803119,2.779939688372444
train,data\train\images\821_jpg.rf.bff09e15c00b9cd16e27d269e261236a.jpg,1,1,0.18990589316072548,0.16708102881636244,0.17849346098854396,0.02282486434436304,0.04192026162605472,0.23485600757523123,176.28318330158925,-0.4018292386302052,2.9581386837675656
train,data\train\images\822_jpg.rf.51050b1efc45e698a1f574062ddedbe1.jpg,1,1,0.17353819728841346,0.12597504779410165,0.14975662254125754,0.04756314949431181,0.04889876275506383,0.3265215382484494,176.3791218571097,0.476906188220309,4.747647267124878
train,data\train\images\828_jpg.rf.0616660c73abd6ef075db78d5e32cc6f.jpg,1,1,0.1838716581586342,0.15429003316129714,0.16908084565996567,0.029581624997337075,0.09817103589163773,0.580615950366531,174.79084266409816,0.9721276897214324,4.107309997994526
train,data\train\images\82_jpg.rf.d2e6c4a0e7064410ddcffbe638d525cc.jpg,1,1,0.3740445088871432,0.5189480261099663,0.44649626749855476,0.14490351722282308,0.5100109343603502,1.1422512829001443,176.89642416810938,-28.68308284479742,-4.13849340933131
train,data\train\images\830_jpg.rf.30b0f4a4e73488d115cb7b56b057938f.jpg,1,1,0.17067291728595038,0.15324762351083662,0.1619602703983935,0.01742529377511376,0.0499443619733752,0.30837415775190385,176.80757477874462,0.7694690388811478,3.018999320693444
train,data\train\images\831_jpg.rf.7e0026db63caffc3ae109f25af9cf121.jpg,1,1,0.1875056365527791,0.20149009654462233,0.19449786654870072,0.013984459991843223,0.31496885423191817,1.6193949055634114,173.51973265999058,-1.7318994184630376,3.3067234157962737
train,data\train\images\832_jpg.rf.d79f43dfc4d052fce3e91c70b01a363f.jpg,1,1,0.3340735577927431,0.3395421053674576,0.33680783158010036,0.0054685475747144885,0.6235840848567517,1.8514536373197414,170.78124538198705,-5.773261789179324,4.498754085972542
train,data\train\images\833_jpg.rf.4a218e2f339b01eb3de8eaeec5350e3d.jpg,1,1,0.35479763846377266,0.3458445539284245,0.3503210961960986,0.008953084535348155,0.5405896997093311,1.543126307776584,-179.55239040285002,38.45534743470056,-177.35239135290436
train,data\train\images\834_jpg.rf.22305fe02d86c278335084e7389df286.jpg,1,1,0.36128841720114135,0.38165581777887253,0.37147211749000697,0.020367400577731176,0.6889996945469342,1.8547817241369915,169.763352345001,-5.653953395111762,4.378082379262246
train,data\train\images\835_jpg.rf.ba4876a55e49cdef3799cefa34004f68.jpg,1,1,0.3421833090159681,0.37437830612971845,0.3582808075728433,0.032194997113750345,0.7338608304242887,2.048283957479595,169.65743111789195,-5.775388639421135,3.8710502898382817
train,data\train\images\836_jpg.rf.273cd739effb3422cd537e048f52f2dd.jpg,1,1,0.1399461347597124,0.13883104172319996,0.13938858824145617,0.0011150930365124434,0.7537912660069251,5.407840595251375,167.05332037770756,-8.482052835433523,4.804106844325352
train,data\train\images\839_jpg.rf.88b58daf228630ca6b54554eadba16f7.jpg,1,1,0.3547127274162334,0.36207538695305325,0.35839405718464334,0.00736265953681986,0.7104126626746835,1.982211056330885,168.01936506204262,-8.835318603219891,4.620938476819047
train,data\train\images\841_jpg.rf.b239e8b3971a5a3bf057e0e79d5c154e.jpg,1,1,0.37815737427070395,0.4115567774857314,0.39485707587821767,0.033399403215027434,0.5952589541473129,1.5075301685385105,168.10082126656084,-5.056012694619455,3.292792271520149
train,data\train\images\845_jpg.rf.e31bb3c24fac05983718b946e8e841cc.jpg,1,1,0.3819987957620775,0.38974841285020795,0.3858736043061427,0.007749617088130434,0.35265311063164273,0.9139083541766603,168.18762286787245,-3.54001457483,0.9780480812367018
train,data\train\images\846_jpg.rf.d8274f6e48c3c02e9af43e85d45a02be.jpg,1,1,0.3872130017524806,0.40660961930468614,0.39691131052858336,0.019396617552205564,0.2033033556521822,0.5122135607106652,170.23156930083476,-4.206468479352589,0.332556901169582
train,data\train\images\847_jpg.rf.81531a6c7fbe80d36e1911bbafd4006a.jpg,1,1,0.1324459082560841,0.18532872645175133,0.1588873173539177,0.05288281819566723,0.05184061691314496,0.3262728440286472,169.00282012212145,-6.0678312024397645,2.192529052895602
train,data\train\images\848_jpg.rf.cabc2c862bfe5d8fc3c172b941c0fe5a.jpg,1,1,0.3153052312391521,0.37014781772979866,0.3427265244844754,0.05484258649064655,0.05876764858875001,0.17147096705499382,170.35582182617694,-11.081595408402512,3.8811312290972433
train,data\train\images\8596_jpg.rf.dfe33524c9c5a2b75f8318bba6a8b715.jpg,1,1,0.2672668326515853,0.35329897191479975,0.31028290228319255,0.08603213926321446,0.4815537633560937,1.5519829156315668,-169.36876229306108,-47.29286692236758,162.738066620055
train,data\train\images\8597_jpg.rf.883a745386ae43a5ebb8299e3442f068.jpg,1,1,0.22847867769247118,0.33747735791315653,0.28297801780281384,0.10899868022068535,0.47053418839515937,1.6627941352074893,-168.47722120608304,-44.12569447413736,162.48957869405535
train,data\train\images\8598_jpg.rf.4a8f8c5c5f4d5e49dfa7698570582764.jpg,1,1,0.06247840927944798,0.17444493963404692,0.11846167445674745,0.11196653035459894,0.4501628046579021,3.800071261210012,-169.93171545561358,-41.232107845317735,162.25997322332077
train,data\train\images\8600_jpg.rf.663d3dddfa82e360a5080cdce7eb064a.jpg,1,1,0.369060232631149,0.42780093618834314,0.3984305844097461,0.05874070355719413,0.2101824468513798,0.5275258855008684,-155.3921034885055,-47.237803547448905,156.50910368626737
train,data\train\images\8601_jpg.rf.36e260312478efcd8bc800cf0248946e.jpg,1,1,0.3283663822514057,0.29471645562819365,0.3115414189397997,0.033649926623212034,0.12209386513023698,0.39190251346267907,165.42995303740136,17.99523629187299,-14.030439115438826
train,data\train\images\8607_jpg.rf.b841232c13a899b4db1b342718a11e4a.jpg,1,1,0.1912114543828524,0.1784095882941695,0.18481052133851095,0.01280186608868289,0.2473063053946124,1.338161396891631,159.03262195722087,18.84143239470167,-21.65919882697003
train,data\train\images\8608_jpg.rf.3d38ca8ec6bc432ec0461ba59275ede5.jpg,1,1,0.23059644853901776,0.19781841987848273,0.21420743420875024,0.03277802866053503,0.2682416967325289,1.2522520412205722,158.33483543796422,15.558456135799677,-18.53425044996401
train,data\train\images\8609_jpg.rf.f706277c47c42e2451eddc10ad513296.jpg,1,1,0.17901635696163562,0.21627212578681865,0.19764424137422715,0.03725576882518303,0.24937445747377304,1.261733991032898,160.6397448807923,15.785016934433626,-15.266895268061239
train,data\train\images\8610_jpg.rf.e0c782dbd4c7d34a1e79291614403704.jpg,1,1,0.22890814459865297,0.2190466694617226,0.2239774070301878,0.009861475136930364,0.18762564600919626,0.8376989826652828,161.77910523275597,22.914962782491354,-19.463120836263133
train,data\train\images\8615_jpg.rf.6d2de4bcb50ae12e151f18e930db4462.jpg,1,1,0.303620393385077,0.1383829189672492,0.2210016561761631,0.16523747441782782,0.25441325236929563,1.151182560218009,167.13153455541644,30.04395566983353,-28.782877623818415
train,data\train\images\8616_jpg.rf.6c8412b81018c60c2f9152bf62240e45.jpg,1,1,0.4207556676179371,0.3191004963839044,0.36992808200092075,0.10165517123403267,0.30275458595625215,0.8184147154189245,165.22981497816804,32.589042446120665,-27.55242820541396
train,data\train\images\8618_jpg.rf.249e4d22ca0c986de1e105d2f38e7b90.jpg,1,1,0.3652666520750602,0.2872693337579152,0.32626799291648767,0.07799731831714501,0.5343264040841462,1.6376917616338593,170.81920245271056,26.84257840354647,-21.147311212776266
train,data\train\images\8619_jpg.rf.ae7557c2bc9c1a82d400a4bb5592ca31.jpg,1,1,0.3029182507666259,0.3000329910043113,0.3014756208854686,0.0028852597623145737,0.15970517913659327,0.529744921554588,166.45706276938765,14.846426996852248,-12.867264478743659
train,data\train\images\861_jpg.rf.a8d3ea3ba1231a5aecb84affbfa5e8c3.jpg,1,1,0.09433206560768856,0.10282127570133526,0.09857667065451191,0.008489210093646699,0.18228525575847174,1.8491723705838958,170.11145285200232,-0.7857620997504144,1.8962724866291008
train,data\train\images\8620_jpg.rf.9bd4db95a39d199c84dd9384b4c2e4f9.jpg,1,1,0.4204604716559813,0.319108572583224,0.36978452211960267,0.10135189907275732,0.3405852846794066,0.9210371562529815,175.76821824196665,31.558308604118594,-17.815496444342177
train,data\train\images\8621_jpg.rf.9067ad7277d292981d27db277e4e56be.jpg,1,1,0.4200757469523382,0.3282844553162838,0.374180101134311,0.09179129163605437,0.15141957897519628,0.40467031388407426,175.32669367464126,33.06011637007164,-13.927665356546669
train,data\train\images\8622_jpg.rf.27550a9715fbca8b48140a924b611771.jpg,1,1,0.3971412088968656,0.31934041057587736,0.3582408097363715,0.07780079832098824,0.02163354607819262,0.06038827930886124,-177.0013956436676,40.87352444076016,-9.828290550627884
train,data\train\images\8623_jpg.rf.0eeff04bd9e1e90d75dd94e1e309244b.jpg,1,1,0.34966100466092714,0.305536431965576,0.3275987183132516,0.04412457269535114,0.49690029296380045,1.5167955953010226,173.0651844118369,25.077081825930822,-18.349140058612708
train,data\train\images\8624_jpg.rf.2a0f90f67b9941bbb96d0533494a5086.jpg,1,1,0.47729003342423415,0.4067099727745895,0.4420000030994118,0.07058006064964467,0.36854695409541177,0.833816632377988,166.84694950674924,31.103383625307174,-22.3382692239248
train,data\train\images\8625_jpg.rf.c8e5e217a9266e880dc636da48a5932b.jpg,1,1,0.39349934401691367,0.34800335337828264,0.3707513486975982,0.04549599063863102,0.3060188087672306,0.8254017411999587,164.86183346277502,30.086487604203295,-23.635965001141525
train,data\train\images\8626_jpg.rf.b797b4d9037bbe3f355fd38b7068669f.jpg,1,1,0.4383135532978857,0.3662845788030406,0.40229906605046317,0.07202897449484508,0.012426783052501729,0.030889415614360264,168.02615936744363,29.849922083962213,-22.33640940480344
train,data\train\images\863_jpg.rf.cafdc7cf0b63503eddf8cfdf2381da12.jpg,1,1,0.41607564134857034,0.4362601091026624,0.4261678752256164,0.02018446775409205,0.14486020753693832,0.33991348470423366,171.5805759017201,-1.8117877654576138,1.5054638619609186
train,data\train\images\8640_jpg.rf.faa5727009617e79858043db538e6207.jpg,1,1,0.46518913349744523,0.3397002343709367,0.40244468393419097,0.1254888991265085,0.19260213156934794,0.47858038448047396,166.7749972890086,30.22828594182169,-23.943910959625295
train,data\train\images\8642_jpg.rf.1e7ba8472595809838c987fa122fb83e.jpg,1,1,0.36258817582168806,0.3331777694059616,0.34788297261382484,0.029410406415726453,0.13548136082162723,0.3894452200511156,164.9530779227552,19.067650339915275,-15.61151532241271
train,data\train\images\8645_jpg.rf.00db7342bbc56452e16b0b771b823964.jpg,1,1,0.3934893601327158,0.36591712266970616,0.379703241401211,0.02757223746300963,0.1261679463066392,0.332280403614792,164.87370550769245,20.762126777994027,-15.840447181114374
train,data\train\images\8646_jpg.rf.3a8508a928e1d8d9009132adc34a61c4.jpg,1,1,0.3979249142567062,0.37389635398842275,0.38591063412256443,0.024028560268283428,0.15210722154997078,0.3941514125305545,165.69539156402502,21.557796943029658,-15.602847017116105
train,data\train\images\8647_jpg.rf.108d899f23b180929b1c7c675cbaa670.jpg,1,1,0.3761448073754394,0.35635442849364973,0.3662496179345446,0.019790378881789694,0.14098878442839255,0.3849527140082636,163.0731913798494,19.761711950469035,-17.263153706408758
train,data\train\images\8648_jpg.rf.3fa32a0599654cf5bb7b2f26c42162a0.jpg,1,1,0.3879514528133429,0.3634667164460974,0.3757090846297202,0.02448473636724552,0.14689528950480546,0.39098146814729806,165.3679307034531,22.229855386900496,-16.751357083992424
train,data\train\images\864_jpg.rf.1b97898b6f494e5b7c8ca7e299efe5f2.jpg,1,1,0.41973563721721857,0.420649423433577,0.4201925303253978,0.0009137862163584032,0.01887153459678496,0.044911637487155744,171.50536307176992,2.560480632236459,0.5384530870603316
train,data\train\images\8651_jpg.rf.93b323f55a87dba8ae78329a925c2afe.jpg,1,1,0.3570212279415818,0.3433860927595839,0.35020366035058287,0.013635135181997882,0.3044516379201309,0.8693559559467471,166.8102114130247,22.470185005029272,-16.152450414561738
train,data\train\images\8653_jpg.rf.15640c8bc9f4aacc0a97ba85907229fc.jpg,1,1,0.37613935986634084,0.362910146137722,0.3695247530020314,0.01322921372861885,0.28475331431208717,0.7705933418498808,171.1260348026714,24.907122315089087,-14.253339054866496
train,data\train\images\8654_jpg.rf.4a606c7d0c0b898d832f287395b4daaa.jpg,1,1,0.3956392464992256,0.37195120840738916,0.3837952274533074,0.02368803809183645,0.35170095454080164,0.916376571106762,171.1500061717404,26.602103587151046,-13.103053489946419
train,data\train\images\8655_jpg.rf.b1984e5655073524c111b474e1e51818.jpg,1,1,0.37267930486502365,0.35438997813521406,0.3635346415001188,0.018289326729809596,0.02235384365885046,0.06149027109660787,174.45522778102043,24.26987730013547,-13.02519472429257
train,data\train\images\8656_jpg.rf.95d7a938ef7ac194e8aa5c653b37483c.jpg,1,1,0.3902822549400379,0.3547576135316784,0.37251993423585816,0.03552464140835948,0.016153289187594632,0.043362214214735954,174.77571953527107,22.558615690048672,-12.598741851076934
train,data\train\images\8658_jpg.rf.5549d5eb324c6f9302ef2951f9c45a6e.jpg,1,1,0.35716544002636247,0.33936900198885084,0.34826722100760665,0.01779643803751163,0.0786166769224772,0.2257366532946266,173.5694515939691,27.409880793279015,-12.954814629367286
train,data\train\images\8659_jpg.rf.f3fad346fa0603339510049177d3b3ec.jpg,1,1,0.4018938641411191,0.3526344923633946,0.3772641782522569,0.04925937177772449,0.02409481445659448,0.06386722049312493,174.3272154994359,26.04256845884885,-13.912308693834822
train,data\train\images\865_jpg.rf.1fb48157fd63d8147260fe71ed368b0a.jpg,1,1,0.4106604272571525,0.4292069056591777,0.4199336664581651,0.01854647840202517,0.17837781734216096,0.42477617678679597,171.30800451867748,-1.297338360769707,1.8594510668278004
train,data\train\images\8660_jpg.rf.709ac470d037dbfafedf0f2bdb2d10d8.jpg,1,1,0.3726336322578611,0.34386907025564967,0.3582513512567554,0.028764562002211447,0.023479205445634335,0.06553835837120683,173.71367429254303,26.10475087486947,-12.18366437225363
train,data\train\images\8661_jpg.rf.41eac68adde1a78e45a7f7592e4898f7.jpg,1,1,0.38938765512571777,0.37215700905062377,0.38077233208817074,0.017230646075094003,0.01968475437642353,0.05169691366090479,174.19208343952405,23.627078562528276,-12.01949816069958
train,data\train\images\8662_jpg.rf.481e5da2512566506d026477c47f38c4.jpg,1,1,0.38170834244401064,0.3551569559879651,0.36843264921598784,0.026551386456045545,0.14227324862680352,0.38615809138944707,173.98511273399228,25.268159116020115,-14.089877839699302
train,data\train\images\8663_jpg.rf.606ae97130a3d3206196c7df97325f89.jpg,1,1,0.3804693276381686,0.3442369569549909,0.3623531422965798,0.036232370683177695,0.11691354142424072,0.32265082809341006,164.53759313290723,20.302226631837964,-15.18834606548527
train,data\train\images\8666_jpg.rf.e9efb5f7df42bc660031e8688fe89776.jpg,1,1,0.3496631793457779,0.3319573704233392,0.34081027488455856,0.01770580892243867,0.27324283838238017,0.8017447199176572,165.67566404786018,21.804674494341732,-16.11938248723991
train,data\train\images\8667_jpg.rf.3b42f4864d826c50c650f0f25e2a934a.jpg,1,1,0.35528521551864484,0.335159414412927,0.3452223149657859,0.020125801105717822,0.26997402900267675,0.7820294844770772,164.15821930289428,21.885357785488562,-17.024409321295074
train,data\train\images\8668_jpg.rf.6ed6a718c9249b0c1eca402477e9d2d0.jpg,1,1,0.36911202186932507,0.33804644030297165,0.35357923108614836,0.031065581566353417,0.21255736444829956,0.601159077684941,162.5013583614819,21.490544697793045,-18.263714059177772
train,data\train\images\8671_jpg.rf.270336f0aaa60ad1a89d8c4a287be3d6.jpg,1,1,0.6914933562889569,0.4793190356427164,0.5854061959658367,0.21217432064624053,0.14937144978053188,0.2551586416575081,169.3514124223707,42.96095739338395,-21.04319826509169
train,data\train\images\8672_jpg.rf.309a19b047f08338df81e02d102c3ccc.jpg,1,1,0.5262655796717242,0.3777015413242893,0.4519835604980067,0.14856403834743487,0.5376703047399876,1.1895793381236457,172.45325079803607,36.0614831355708,-19.239739091122605
train,data\train\images\8674_jpg.rf.4b97fc15c616ac5a31568860eccd7368.jpg,1,1,0.528053821478354,0.4150417979158363,0.47154780969709514,0.11301202356251772,0.3564394583762074,0.7558925119494689,172.36332830781,37.15200634445608,-18.53122251702757
train,data\train\images\8675_jpg.rf.d8eaafdf58de56fea1a42dfc5d9e2909.jpg,1,1,0.5107109829030145,0.40501914357957186,0.45786506324129317,0.10569183932344267,0.3844967596564566,0.8397599872210129,169.79865426981496,35.92270834601075,-20.11629493009031
train,data\train\images\8676_jpg.rf.61c198966c5037c17483874462ff7976.jpg,1,1,0.5176705865684491,0.4034196127271472,0.46054509964779816,0.1142509738413019,0.3681942300835496,0.7994748622124654,169.60820059498968,36.621192047806574,-19.846729170953513
train,data\train\images\8677_jpg.rf.03d54ea051436e00c29c95892009d02f.jpg,1,1,0.502483335380691,0.40356349095618355,0.4530234131684373,0.09891984442450746,0.35571196955399514,0.7851955532853198,170.4441740693507,36.18817931511618,-19.983392652242514
train,data\train\images\8679_jpg.rf.3d7e95cde482b1e6e9623921dee28e2c.jpg,1,1,0.454008382199506,0.37737312078449925,0.41569075149200263,0.07663526141500676,0.23585077206967725,0.5673707466984979,165.35555320503212,34.06363779416169,-22.405401528241256
train,data\train\images\8680_jpg.rf.3d4bbab99718f5ec73f1d7c63f7d9ea3.jpg,1,1,0.47298604937189476,0.388284522393818,0.4306352858828564,0.08470152697807676,0.19472590216708938,0.45218287620782593,166.06256844981704,33.1308222365566,-24.211399936466357
train,data\train\images\8682_jpg.rf.efac6161c1dcda687adb0c6faa2e0e6b.jpg,1,1,0.5229397781346795,0.4346588253433421,0.4787993017390108,0.08828095279133741,0.19454432589371357,0.40631706267557993,163.09701123605515,34.07392489915822,-30.92560867643947
train,data\train\images\8683_jpg.rf.a0bb880d91b7294da3c5d4d85d7afeb8.jpg,1,1,0.5200338352243516,0.3965649968840828,0.4582994160542172,0.12346883834026884,0.46837239056648705,1.0219790254131116,176.2632880917216,37.08878338367349,-16.732954239842385
train,data\train\images\868_jpg.rf.1f163d2e4fe3b35b8cedf4a6fac5d035.jpg,1,1,0.2843190422930912,0.2866960132624081,0.2855075277777497,0.0023769709693169383,0.015272397196748642,0.05349209989530391,170.8491374345902,-0.9120363187399202,2.217646923485266
train,data\train\images\8690_jpg.rf.4b7ca864ae3c656448bf1f8b3267f5e3.jpg,1,1,0.12139021260629981,0.11832961833128189,0.11985991546879085,0.003060594275017925,0.04937324851811209,0.41192460652926044,159.41475523376465,15.953114738205826,-21.85532647540566
train,data\train\images\8695_jpg.rf.b3c32e17aba6b14269258ec276be88e5.jpg,1,1,0.5661721409408207,0.43527901355521653,0.5007255772480186,0.13089312738560416,0.18193385581126315,0.36334044849709757,175.25995369102117,39.38648732056633,-10.483527893822567
train,data\train\images\8696_jpg.rf.cc9c803042e01d948d64342b0e67867a.jpg,1,1,0.45764438916768485,0.38412370617671804,0.42088404767220144,0.07352068299096681,0.15176766510212003,0.36059258111944825,173.21822209987437,37.48444839002513,-13.487321726214208
train,data\train\images\8697_jpg.rf.b703a1050134711de8bd1a76c386ab9d.jpg,1,1,0.40750623806906716,0.3645472577330922,0.3860267479010797,0.04295898033597495,0.2528490317696521,0.6550039165535889,172.76011844534557,35.47216411237462,-14.714945304312813
train,data\train\images\8698_jpg.rf.5128c858468d070caea17f26d9b5340d.jpg,1,1,0.4512106236285161,0.3767276634035093,0.4139691435160127,0.07448296022500678,0.32599776982891615,0.7874929205111304,173.72391527307818,34.7642852761195,-14.551713457975307
train,data\train\images\8699_jpg.rf.ae196a4cc80fb1196f3115124e8959f8.jpg,1,1,0.6344130426151916,0.43353332384140164,0.5339731832282966,0.20087971877378996,0.19924718243906372,0.3731408031288286,146.2995806461546,71.33514061781706,140.1115046931089
train,data\train\images\869_jpg.rf.b641768af45d155155906427ceec8401.jpg,1,1,0.3588525737698733,0.38084188832951105,0.3698472310496922,0.021989314559637763,0.013710735970344548,0.03707134951755903,171.20485811552012,-6.084019359246524,2.8438946275667893
train,data\train\images\8700_jpg.rf.bb7240a708e89f5a801d418071e4daa7.jpg,1,1,0.504406373226206,0.4414375990408142,0.4729219861335101,0.06296877418539176,0.21754980326999834,0.4600120308396533,173.93598829744468,34.46211715210468,-13.952866199450835
train,data\train\images\8701_jpg.rf.ccbdd716e6a12a4790dd4b4e304863c8.jpg,1,1,0.49212815852207215,0.3967204810270841,0.44442431977457814,0.09540767749498802,0.288905131106456,0.6500659803068272,173.7769839152291,37.05718961353599,-13.58463560503138
train,data\train\images\8702_jpg.rf.0dc008ba175241d5788fed81c30e09e7.jpg,1,1,0.5666416642556833,0.4467709973632933,0.5067063308094883,0.11987066689239001,0.35905297975663614,0.7086017243617843,172.23088445528555,39.05389758653321,-16.746624997108047
train,data\train\images\8703_jpg.rf.a955ad6e4e4a604cf3a6875b23936a96.jpg,1,1,0.5384263967887756,0.4472143418417276,0.4928203693152516,0.09121205494704798,0.2906901123519238,0.5898500355328712,173.52948052513167,36.62893521743078,-17.635308278064688
train,data\train\images\8704_jpg.rf.692acbf6bbbdea4775e02b8087c63473.jpg,1,1,0.5816813327617726,0.4590355571488379,0.5203584449553053,0.12264577561293466,0.38553447726595624,0.7409017399517186,173.82649578780365,39.2920164949696,-17.063681911491916
train,data\train\images\8705_jpg.rf.88ba4decd87ce0cbd6ce5592f70f5e28.jpg,1,1,0.5293005077409493,0.44167253747482943,0.4854865226078894,0.08762797026611985,0.34951544917478805,0.7199282223063472,173.39831799204006,38.9515265265688,-17.75546987225849
train,data\train\images\8706_jpg.rf.e66648ddbc8c37ccf2fbf7420c70ff27.jpg,1,1,0.5636852956599815,0.436621707156745,0.5001535014083632,0.1270635885032365,0.26903442232271074,0.5379037066923393,178.0420306857601,38.20043509559896,-14.359759691953416
train,data\train\images\8708_jpg.rf.37f995e9de05224e7e953022e4729bf2.jpg,1,1,0.5670031964250994,0.446390454644999,0.5066968255350492,0.12061274178010045,0.134226436209334,0.2649048295646946,178.87343930565822,38.97824572160197,-14.277794291333736
train,data\train\images\8709_jpg.rf.13d35f1a3d5355822115bde4ad364795.jpg,1,1,0.6810842765075771,0.45270314203460804,0.5668937092710926,0.22838113447296904,0.042656347248248565,0.0752457586856904,176.2978499348114,40.2649234763234,-14.121722486349277
train,data\train\images\8710_jpg.rf.1c197730a253e604d88a757171c1bdf2.jpg,1,1,0.6242151921790103,0.39052392466358765,0.5073695584212989,0.23369126751542268,0.4459702586283417,0.8789850538451625,144.04246736996683,68.51070742792359,138.71957722266785
train,data\train\images\8712_jpg.rf.f27af2e42d890ac3b64749b2da50a7b7.jpg,1,1,0.5508424199629314,0.4441750703443047,0.49750874515361804,0.10666734961862667,0.21557506128973386,0.43330908931695217,178.00235210321995,38.882441716170064,-18.081305231248717
train,data\train\images\8713_jpg.rf.d177f0fcdd807b6ac07f2be88bee449f.jpg,1,1,0.5779550253994041,0.469949102075209,0.5239520637373065,0.10800592332419512,0.3085961582339126,0.5889778466234523,175.96322321256653,39.6243568158538,-18.19146780866215
train,data\train\images\8717_jpg.rf.748440449e6cda4d92875a6b83849d9e.jpg,1,1,0.5583946976025339,0.42563875782150506,0.4920167277120195,0.13275593978102884,0.36623141054052216,0.7443474782728926,174.78397929290537,38.862433271250374,-16.785570087457568
train,data\train\images\8718_jpg.rf.0d6869629e2637bd63d1e4607f7a42a2.jpg,1,1,0.5770554188777572,0.44392905521357606,0.5104922370456666,0.13312636366418118,0.3282569137432974,0.6430203829209902,174.60425266933578,36.088652477463725,-16.444772243076457
train,data\train\images\8720_jpg.rf.d28268cb083c6cb6600a6599b8adb330.jpg,1,1,0.5740339358328725,0.43393390406323934,0.5039839199480559,0.1401000317696332,0.3109316468259498,0.6169475543148214,173.4897786603321,38.19321410874706,-16.977372573814208
train,data\train\images\8723_jpg.rf.de276dcc8765abe2ae9dcffde96e6db6.jpg,1,1,0.4329068692472651,0.4568587430445831,0.4448828061459241,0.023951873797318002,0.6280971058853272,1.4118259847500325,167.03225354829928,-1.81599903469133,-1.2588941475807458
train,data\train\images\8724_jpg.rf.ba0ca712fe1fa02a717e894c81cdacb6.jpg,1,1,0.42290869082206706,0.45010459257793556,0.4365066417000013,0.0271959017558685,0.6803051114556871,1.5585217874490935,166.8526083386306,-1.5977573389180004,-1.739547175980104
train,data\train\images\8725_jpg.rf.9e4de0212d1638763ca63aad1fa0b32c.jpg,1,1,0.44710358824470053,0.4623152207560394,0.45470940450037,0.01521163251133889,0.637375852172639,1.401721288067444,168.138187071104,0.40752776096096255,-2.8682255008326742
train,data\train\images\8726_jpg.rf.53703c3550cc8eb90c56a8794f22aa86.jpg,1,1,0.43809121686313257,0.4418416514403887,0.4399664341517606,0.0037504345772561565,0.5487325168808642,1.247214501576241,167.6868218752788,-0.3205309520892439,-2.828817857955857
train,data\train\images\8727_jpg.rf.c0f91e10df079278284c655508e2b5fb.jpg,1,1,0.4197468491111858,0.4357985669799585,0.42777270804557216,0.016051717868772686,0.47360077345585055,1.1071318121711407,164.4084757093296,-0.2624524013536381,-2.7300702362223275
train,data\train\images\8728_jpg.rf.6c0c4d5a76183aa486ac6927f6d1fa3d.jpg,1,1,0.41925195990147524,0.43382356206430733,0.4265377609828913,0.014571602162832098,0.3767808009833047,0.883346881446254,165.09091955726714,0.5428768937117743,-2.5181533192377246
train,data\train\images\8729_jpg.rf.27cda65a9bf99033aef57ca63d8115e0.jpg,1,1,0.4251657926026059,0.43062138277597184,0.42789358768928887,0.005455590173365943,0.29293966400038796,0.6846086794203223,165.8095052249002,1.0711012095113877,-2.8195288072204785
train,data\train\images\872_jpg.rf.7bff261da66fe1c2481980a432364cee.jpg,1,1,0.3064533277014741,0.31631302696327174,0.3113831773323729,0.009859699261797639,0.2554390511433693,0.8203367096826544,168.72590884259984,-0.19258983482424957,2.4751234347310263
train,data\train\images\8731_jpg.rf.bb887927b8c2779614aaaef6ac5acd24.jpg,1,1,0.39294642609079833,0.3988049014556237,0.39587566377321104,0.005858475364825366,0.18029594613322533,0.45543579116425087,166.89268821161247,1.5907293614325941,-2.131909926619352
train,data\train\images\8733_jpg.rf.bee193e09e7663acd48a950134399052.jpg,1,1,0.3448210293466787,0.40862473865519905,0.3767228840009389,0.06380370930852036,0.007718812325437405,0.02048936407435808,166.8604176560777,-17.380789101995262,6.550077328137389
train,data\train\images\8734_jpg.rf.132e5db6deadfaa49c220effe9225025.jpg,1,1,0.36943142563945275,0.3766348258855663,0.3730331257625095,0.007203400246113545,0.1382116577912189,0.37050773308323015,167.49024193008756,1.5562999332293752,-1.9870204822212731
train,data\train\images\8735_jpg.rf.706cb3aa14c692d35129ed5026531647.jpg,1,1,0.384604745416181,0.39553757589085636,0.39007116065351866,0.010932830474675359,0.11513457211816638,0.29516299519624023,168.55627106560848,2.3051377674328117,-2.386512116680472
train,data\train\images\8736_jpg.rf.23f3c55ec4ca530d45fc696220260c96.jpg,1,1,0.40042919065393107,0.4067203643177335,0.40357477748583226,0.006291173663802441,0.07940390880533124,0.196751415685582,168.6780290282918,2.5067637156349187,-2.499162950750009
train,data\train\images\8737_jpg.rf.1383122dd15b899e0b1c164a4ce4aaf5.jpg,1,1,0.4150563034447478,0.41146712916132405,0.41326171630303593,0.003589174283423757,0.027180363175802035,0.06577033899716773,169.28448887667398,2.9522128564972925,-2.4022351295402578
train,data\train\images\8738_jpg.rf.95ad30437b714bfeea658f366ef35e4a.jpg,1,1,0.41976972709290317,0.4274966121365051,0.4236331696147041,0.0077268850436019165,0.024414573550034617,0.057631402121414994,170.62535099730547,0.5658645732396524,-1.9694785263927743
train,data\train\images\8739_jpg.rf.8740ed7aa78da82ea2bdedeac1d99709.jpg,1,1,0.4260542960966531,0.43778935807672587,0.43192182708668947,0.011735061980072792,0.0280456334615974,0.06493219768670885,169.99550888900234,-0.1266054744104783,-1.688389065050407
train,data\train\images\873_jpg.rf.bb0aa13df968f17caf6f32bd62ee1161.jpg,1,1,0.4252036685590922,0.45340738585955304,0.4393055272093226,0.02820371730046084,0.01581489625286522,0.03599976616121576,174.10838357109668,-1.8529441771712807,0.6379466758248411
train,data\train\images\8741_jpg.rf.ac76658de7bb3cf763a38e9ba7d1f5ac.jpg,1,1,0.2568539160772313,0.31900938144634494,0.2879316487617881,0.06215546536911365,0.1377650979613042,0.47846458891804616,165.71630908929015,-18.964800484038726,7.1816810187997735
train,data\train\images\8742_jpg.rf.b69bf8c06d8d8822fb84355f189f7e78.jpg,1,1,0.29606647722409113,0.3402699265619938,0.31816820189304246,0.044203449337902656,0.266154475753863,0.836521293360847,164.4508342354188,-14.767507920583604,7.699863922962897
train,data\train\images\8743_jpg.rf.38d5e3985ce2201ef8a124cbed189cdc.jpg,1,1,0.08433195963547704,0.08521468282037457,0.0847733212279258,0.0008827231848975298,0.371714929292703,4.38481026705668,163.67077500902008,-10.276067504008822,5.410134485504654
train,data\train\images\8744_jpg.rf.38447e2a2f3cdeb6dca8be9c17d2d725.jpg,1,1,0.07452441445414856,0.09914508603206051,0.08683475024310454,0.02462067157791195,0.43338670566800697,4.990936283627093,163.0762853862213,-12.77598674072659,5.789799106411066
train,data\train\images\8747_jpg.rf.87165027a4c641c5670b3579ef357a35.jpg,1,1,0.3624937868001815,0.3986642569394625,0.380579021869822,0.036170470139280986,0.5598960379800406,1.4711689447022502,165.19532327795588,-9.505035394816797,3.841948660192109
train,data\train\images\8750_jpg.rf.48822302785b7fc9df973c712e72b3f6.jpg,1,1,0.3903496000320734,0.42413182493955837,0.4072407124858159,0.03378222490748495,0.6928152772415815,1.7012426704899062,165.16962132516622,-11.307323091968739,3.498637470338717
train,data\train\images\8753_jpg.rf.3851d0ff58fdde27210334525772cb30.jpg,1,1,0.40828517910400314,0.44432872022934505,0.4263069496666741,0.036043541125341916,0.8015651214899755,1.880253470220724,164.68336626246233,-6.672490912364742,1.7452069814696114
train,data\train\images\8754_jpg.rf.f1cb8f63c8420019181e1ffb76f46040.jpg,1,1,0.41561002130084984,0.4315945057599602,0.42360226353040503,0.015984484459110382,0.7107487308650028,1.6778681136910099,165.73401731663944,-4.846955034688105,0.7730169500095627
train,data\train\images\8755_jpg.rf.5228c0cf63167458f082f2efc7338742.jpg,1,1,0.37683929327742,0.400779977504779,0.3888096353910995,0.02394068422735901,0.7183309726887749,1.8475133003486743,167.60100538061735,-3.436288024635679,-0.17859923676054942
train,data\train\images\8756_jpg.rf.70fd0e032059416f64b0a07bb74bfda4.jpg,1,1,0.39658415017475707,0.4131030438049211,0.40484359698983907,0.01651889363016401,0.6978440998605089,1.7237375249336688,166.5409949245787,-2.0727584221296165,-0.6281103016255007
train,data\train\images\8759_jpg.rf.34bff4ece42adb77c236f3968da1d7bc.jpg,1,1,0.4272594179666068,0.43087208483330164,0.42906575139995423,0.0036126668666948136,0.7244416849248146,1.6884164782696098,166.91499380150418,-0.051734540575157514,-2.561687182799063
train,data\train\images\8761_jpg.rf.4f49a4396e65d4cb1f6a45f0ac0a1810.jpg,1,1,0.430977566733913,0.4368438498667509,0.43391070830033196,0.0058662831328378795,0.7035312749640615,1.621373387441527,166.82722240617645,-0.19557977921393632,-2.254971697873173
train,data\train\images\8762_jpg.rf.ea91a2c4ddaf3479042335e018bd319f.jpg,1,1,0.4226148449120292,0.42963092936046565,0.42612288713624746,0.007016084448436433,0.7849462852659603,1.8420655378104194,165.88064581061914,-1.6722090883377252,-1.677532727750304
train,data\train\images\8763_jpg.rf.8c5ddf679c6b99cf16ec92e605c518be.jpg,1,1,0.43230488417176144,0.4521113012869045,0.442208092729333,0.019806417115143082,0.7696268229360166,1.7404177707057258,167.17736469924523,-2.356082301223624,-1.5741487411410435
train,data\train\images\8764_jpg.rf.4b811d3d39a142a341e85e75c36babb5.jpg,1,1,0.41870305368236516,0.4358921950917796,0.4272976243870724,0.017189141409414466,0.6926968350875471,1.6211108968395755,168.4912089023196,-1.8812444133287352,-1.723021289693256
train,data\train\images\8765_jpg.rf.87c81b4142c3ecf500cb61e838735a0a.jpg,1,1,0.4277217710473477,0.43790890574542474,0.4328153383963862,0.010187134698077027,0.6977922077097581,1.61221691055389,167.60014544290297,-0.18383402016040268,-1.7031603060952787
train,data\train\images\8767_jpg.rf.345ce279b3b01b7cdc7aa3f0360dabf9.jpg,1,1,0.4336485185323699,0.4426017519194766,0.4381251352259232,0.008953233387106685,0.7349105836033721,1.677398817176761,168.2567159257371,-0.5387865081009477,-2.44367755043241
train,data\train\images\8769_jpg.rf.ffe4449abd38985b27be6ed62ea7bc93.jpg,1,1,0.4342935972715451,0.4673960334904133,0.4508448153809792,0.033102436218868214,0.6556293771834506,1.4542240585142838,165.7994176092168,-4.0093755131148505,-1.0835932851254015
train,data\train\images\8770_jpg.rf.c8e9afe80aa9cb1c6a485f7bab093cb5.jpg,1,1,0.44372646299647567,0.46204085538460465,0.4528836591905402,0.018314392388128986,0.6030486373656574,1.3315751741705895,167.77857458390162,-1.4275511236542828,-1.2551601995942407
train,data\train\images\8773_jpg.rf.3365df5f60408ec71c115b8c305d2b75.jpg,1,1,0.43168837372181085,0.5628775048808612,0.49728293930133605,0.13118913115905034,0.417833973384163,0.8402338796726148,-175.39261808693274,-39.66287151430473,-3.596294364109328
train,data\train\images\8774_jpg.rf.875d4e0bc3b8f2c5d81316ca1e077d93.jpg,1,1,0.3237084555254184,0.4850863119902239,0.40439738375782114,0.1613778564648055,0.835181974927847,2.065250687744328,168.4542137936915,-65.98406692011423,-172.37349245079758
train,data\train\images\8779_jpg.rf.38fa09a584d1ba433b4a5f49fee4309f.jpg,1,1,0.3811740102910891,0.5003379237750396,0.44075596703306436,0.1191639134839505,0.5951845312448794,1.3503720329672364,148.2788222871963,-62.70305391914453,-157.98124975221404
train,data\train\images\8786_jpg.rf.9c211f929928bda4d24d26cd0f1bed3b.jpg,1,1,0.11636741854081907,0.268351858510347,0.19235963852558302,0.15198443996952793,0.3391549753567794,1.763129614696553,151.86637374020918,-24.581301971211452,-160.01316260934212
train,data\train\images\8787_jpg.rf.1683659ff794646e89520dccfbe9ba04.jpg,1,1,0.46279014276118935,0.9188946667810636,0.6908424047711265,0.4561045240198742,0.2781597342059524,0.4026384777264877,104.04056830701784,66.68127914125427,-73.01036132512164
train,data\train\images\8798_jpg.rf.9102badfab24552db8783f162346cf0c.jpg,1,1,0.029345693282524343,0.1532423154114835,0.09129400434700392,0.12389662212895916,0.55021597278774,6.0268576969895715,-163.0843732267493,-32.476461739611274,-14.349117198510955
train,data\train\images\8799_jpg.rf.779c4974f93a0268490017813f71fc6a.jpg,1,1,0.42244216884189895,0.5371363255079598,0.4797892471749293,0.11469415666606081,0.41205986592317073,0.8588351413655906,-148.61515688531728,-44.37169244819112,-24.35235130954608
train,data\train\images\879_jpg.rf.7a9fb89d95af6a049811a4d024111b2d.jpg,1,1,0.2029414205352829,0.1474836350835957,0.1752125278094393,0.055457785451687225,0.29463296464593963,1.6815747614028016,166.05631709550929,11.969708346889774,0.2210987422332923
train,data\train\images\87_jpg.rf.63f11fd14fd841256bac7489c81e27df.jpg,1,1,0.3003041276557478,0.30118920599703164,0.30074666682638973,0.0008850783412838181,0.42751098913187624,1.4214986774189686,-178.23351565707117,-25.994072429956407,0.7943065879448382
train,data\train\images\8800_jpg.rf.a217e4add2cf774ae8ae49a6b7e676a2.jpg,1,1,0.44541545780701186,0.5283630969908493,0.48688927739893056,0.08294763918383741,0.3641198967624301,0.7478494878910429,167.01972472044818,-58.46653589314861,-172.565653412315
train,data\train\images\8801_jpg.rf.990271b11edae7001ec7e2c05ff8f120.jpg,1,1,0.4472788835190997,0.5316235804698521,0.48945123199447593,0.08434469695075242,0.28591712901830063,0.5841585643848733,177.43738739741417,-66.81760800411978,179.12520333805688
train,data\train\images\880_jpg.rf.dd26f4d5d80eee95d6c18980d174ad58.jpg,1,1,0.3491666294160199,0.34026511174931795,0.34471587058266895,0.008901517666701941,0.2987018786339318,0.8665161778859782,168.6394827529163,10.542678461217145,0.22643995650443025
train,data\train\images\8810_jpg.rf.616b0a267e3177d227a042c40613c0a3.jpg,1,1,0.3783311478883966,0.5101843881578616,0.4442577680231291,0.131853240269465,0.4852123887783729,1.0921866171017895,-162.02746863898383,-41.517260286972416,-11.773199853284911
train,data\train\images\8813_jpg.rf.b1aaaaacf3890f6e62a1d09e2b88bd27.jpg,1,1,0.43137904433370267,0.4209486021517864,0.42616382324274454,0.010430442181916244,0.5958257407151344,1.398114312428978,166.7334780119921,-0.28795779727133813,-1.6171114994960034
train,data\train\images\8814_jpg.rf.97da7b08731b15004912c189c2b2771d.jpg,1,1,0.45811459209453614,0.4529110003989978,0.455512796246767,0.0052035916955383565,0.5219211206543133,1.1457880545941252,168.27437063202743,1.440735844729447,-1.2408887585037516
train,data\train\images\8815_jpg.rf.80251da7f3aff0f63032b81103ba4565.jpg,1,1,0.4660111231598797,0.4614843712498171,0.4637477472048484,0.004526751910062576,0.38319390665366554,0.8262981523108072,170.70771826002596,3.172516707553001,-0.600444254977246
train,data\train\images\8817_jpg.rf.7698394c720bd1827e568cf2f07a6617.jpg,1,1,0.4623820397384228,0.4501159937598743,0.45624901674914853,0.012266045978548468,0.5330566811043267,1.1683459285073001,169.7565563179526,1.8068084510586748,-2.061439637629015
train,data\train\images\8818_jpg.rf.d2689a973a376cec1324968679cf7201.jpg,1,1,0.4360825341586602,0.45322668244787406,0.44465460830326714,0.017144148289213845,0.6926311054996188,1.5576834076736357,167.0724680761064,-1.125703416682152,-2.9092998376371977
train,data\train\images\8819_jpg.rf.8d5849e90f76871012affab422a475ca.jpg,1,1,0.4568450214044655,0.45460568445088384,0.4557253529276747,0.0022393369535816388,0.6346547933313451,1.3926256006039393,167.12696149795062,2.336441016886701,-3.843321403818151
train,data\train\images\8872_jpg.rf.4b298e6e825dacd7ffcb5c8c1f65ccec.jpg,0,0,0.45750892044992686,0.6297848006184497,0.5436468605341882,0.1722758801685228,0.012594210977799303,0.023166161514156843,179.17913367571288,-39.02331630618313,7.1462097266160205
train,data\train\images\8874_jpg.rf.9cb2de72dcfda19ee51d88b0141fe981.jpg,0,0,0.4581977332538947,0.5487788988930593,0.503488316073477,0.09058116563916463,0.013756445075354775,0.02732227270463058,-179.71483476217912,-20.598657783091998,5.152648118128828
train,data\train\images\8875_jpg.rf.4db28d3c5f3399483583d0a82c30b09d.jpg,0,0,0.510694428900559,0.6529197051805835,0.5818070670405713,0.14222527628002446,0.016614779350756892,0.028557197552222736,-177.99464007751456,-38.70679529093624,16.06065407376392
train,data\train\images\8876_jpg.rf.c6419c4b15daf6eb0fad83c1c4d4fa0a.jpg,0,0,0.5009038464871898,0.6143493498941109,0.5576265981906503,0.11344550340692117,0.016121258904981676,0.028910491280887362,-178.4028769821153,-37.55264137141863,15.526247252009236
train,data\train\images\8877_jpg.rf.c6f43b58b402452c5cc190be20e95087.jpg,0,0,0.47014297238091385,0.5815880194262159,0.5258654959035649,0.111445047045302,0.018014355135745935,0.03425658324433872,-178.68263487932506,-34.93042185388886,14.02818377593709
train,data\train\images\8878_jpg.rf.f78c0c4c3d7c91146ed0c70e234d7396.jpg,0,0,0.4789856069305683,0.629879194156622,0.5544324005435951,0.15089358722605367,0.018648937147747863,0.03363608823990707,-178.76951651173576,-38.32386156145426,5.45293084569049
train,data\train\images\8879_jpg.rf.c01f0a81bd3cf256e3bfc17ed9a23dba.jpg,0,0,0.4180747813710498,0.46445047809962126,0.44126262973533553,0.04637569672857145,0.019760838476107555,0.04478248812495155,-173.73171438789913,-28.17362499320608,3.2158668358392912
train,data\train\images\8880_jpg.rf.6bab9b14a20abfbfe97338e7086c4e68.jpg,0,0,0.09904978277805729,0.09576934520612643,0.09740956399209186,0.003280437571930861,0.2037403790721642,2.0915849606790635,-177.28410420564845,6.4270843677437,2.1721075724273673
train,data\train\images\8881_jpg.rf.099e224a1093146e7768aaa88807d7a9.jpg,0,0,0.28322575979028086,0.2601130407093519,0.27166940024981634,0.02311271908092899,0.2649513682732033,0.9752712967657182,-148.49847980296872,-12.67606497508625,-172.86449430173218
train,data\train\images\8884_jpg.rf.fa82b5850f377e71935ccb9e93c7f73e.jpg,0,0,0.4420384129654429,0.5408159716300922,0.49142719229776755,0.09877755866464932,0.07906354031157081,0.1608855626036752,-172.4851908585776,-33.248115091185014,-2.6623918063082743
train,data\train\images\8885_jpg.rf.b3b0082a1a6967e2753aa0897e409a49.jpg,0,0,0.48907447095674356,0.6594464551790281,0.5742604630678858,0.17037198422228456,0.2477906224902915,0.4314951810655979,179.9711391321404,-37.39253158640696,3.9693475048420437
train,data\train\images\8887_jpg.rf.ff435bbabeb5b4ab965476b52f59ae38.jpg,0,0,0.4452921455597587,0.5000315867122695,0.47266186613601413,0.05473944115251084,0.02806257653632181,0.05937135729973711,-176.2690117291421,-28.576958076435933,5.824851365949996
train,data\train\images\8888_jpg.rf.579cd2beeaeb3d4b05d987a220a46a6f.jpg,0,0,0.2615875236356127,0.2979536804068134,0.27977060202121307,0.0363661567712007,0.3147039519299811,1.1248642625650827,-144.21611024604692,-15.58218562562751,174.2450991152131
train,data\train\images\8890_jpg.rf.9311f78d8d72f4e859b51c86b655b7cd.jpg,0,0,0.3675956272553154,0.37809118397617636,0.3728434056157459,0.010495556720860943,0.14933778880428414,0.4005375622981846,-177.56798197219422,21.12054790709785,-2.5436673705877304
train,data\train\images\8891_jpg.rf.f1586edab09a1e350976c3aa3ae97a24.jpg,0,0,0.3799943707330846,0.5455004825482634,0.46274742664067403,0.16550611181517882,0.2518943006310089,0.5443451138337854,-178.49108381827762,-36.41535735366822,4.747921133708145
train,data\train\images\8892_jpg.rf.b311154e8ca60fd71828f8fb5bad79f1.jpg,0,0,0.36449005984967986,0.43515315825139833,0.3998216090505391,0.07066309840171847,0.23508456783267187,0.5879736425225487,-179.51700907390241,-30.85389520318534,4.925042455720557
train,data\train\images\8893_jpg.rf.ded45d57a81cc57b1425a1044a5b0534.jpg,0,0,0.34770915154545057,0.3882468757160823,0.36797801363076643,0.04053772417063173,0.1650881085338543,0.44863579458175373,179.96943879933642,-1.6318512788558748,1.2622324906665048
train,data\train\images\8895_jpg.rf.1cd5a8f4372d67bc38da972928c300a6.jpg,0,0,0.3528997445870317,1.1582477247745429,0.7555737346807873,0.8053479801875112,0.0988359559385423,0.13080914727706655,175.71706475648355,-49.9986829849534,8.01294885199705
train,data\train\images\8896_jpg.rf.077de162af8eba4e00d7793d34b9d059.jpg,0,0,0.6855566733407531,0.45057299002591306,0.5680648316833331,0.23498368331484004,0.031179356918700895,0.054886969197349963,-177.92867049365495,42.950093665792274,-2.4868908016085474
train,data\train\images\8897_jpg.rf.6b089b0325ad4140451396a85c23bab3.jpg,0,0,0.32318997496289664,0.376059807715421,0.34962489133915886,0.05286983275252438,0.15809869571229615,0.45219519441746536,-179.8426472086613,-26.602586276754554,7.563193421631774
train,data\train\images\8899_jpg.rf.4f2a9302249340a0f177b34a66754c11.jpg,0,0,0.3547220316829623,0.41559059635128126,0.3851563140171218,0.06086856466831897,0.29095460673925944,0.7554195430542138,177.87188797904608,-26.93265537186022,5.931852468614829
train,data\train\images\8901_jpg.rf.d5750cdce2838f385f580ff2e6c4e18c.jpg,0,0,0.41211649162466685,0.5239529950253767,0.4680347433250218,0.11183650340070989,0.24997712256471352,0.5340995003679022,179.78547888259405,-32.779986319855595,6.211554592689637
train,data\train\images\8902_jpg.rf.c2bef9cad98b6427d66d5d98228ed43e.jpg,0,0,0.2805205484988722,0.4997102549696582,0.3901154017342652,0.219189706470786,0.014793469620636308,0.037920752564168624,179.4038017980542,-36.86803705706195,0.7931770008066249
train,data\train\images\8906_jpg.rf.8a6cb01d1bfe8e1e43c2893570c80ae5.jpg,0,0,0.27505126194314444,0.5869697972666248,0.4310105296048846,0.31191853532348035,0.05405161150730568,0.12540670771281576,129.67635299321478,72.69613537459105,-48.55507313754921
train,data\train\images\8907_jpg.rf.c4fea7e000a6bec58937a04f1072af08.jpg,0,0,0.19502120988264646,0.3558357091627262,0.27542845952268635,0.16081449928007976,0.0239255949737411,0.08686682202414311,179.2404487454423,-25.77043425266982,5.629402452926407
train,data\train\images\8908_jpg.rf.9c5206d1fa75a6fbbd8f080805b15c95.jpg,0,0,0.31151941540230205,0.6437834151890308,0.47765141529566646,0.33226399978672877,0.0750074217045316,0.15703381022769916,163.64410570217785,0.89327345781738,-0.2535489716938405
train,data\train\images\8909_jpg.rf.baad854e3fc810442bacf01ed5797c53.jpg,0,0,0.23129419790044328,0.4847312744485331,0.3580127361744882,0.2534370765480898,0.021884886369531488,0.061128792800447286,-175.91366098918365,-37.107440381956515,-0.6647856073789902
train,data\train\images\8910_jpg.rf.bf0df1529d92fe066cdbad67a6ea2a06.jpg,0,0,0.23423874053243351,0.5394702829409477,0.3868545117366906,0.30523154240851413,0.2079970038354134,0.5376620861978854,177.73819779389527,-39.615540795398026,4.590523823246361
train,data\train\images\8911_jpg.rf.a282836e7f7d9e56dbb277287abc4ec3.jpg,0,0,0.20128321437186902,0.30950623442799113,0.25539472439993005,0.10822302005612211,0.030992591753162747,0.12135173044776972,-175.98212442847046,-23.19648663995319,-4.479251643710177
train,data\train\images\8912_jpg.rf.8b5bb3afe1f60a96d6f0c728f58d681d.jpg,0,0,0.3508943086206303,0.4024971268291971,0.3766957177249137,0.05160281820856677,0.039220801188020585,0.10411799057578354,177.50659912100937,-17.713190054368685,6.888233090857954
train,data\train\images\8913_jpg.rf.6a21dce59f1a99dc0dc3b54e43e1ed9e.jpg,0,0,0.2214727740584388,0.5695988080075112,0.395535791032975,0.3481260339490724,0.19325703065506647,0.4885955583194114,-176.7372920236449,-42.34257788561665,6.60122153145664
train,data\train\images\8914_jpg.rf.e11dd45c63c8cf2dcd39ff27453e6506.jpg,0,0,0.36661530440109436,0.412329399200493,0.38947235180079365,0.04571409479939864,0.08141285052037939,0.20903370969454652,-173.30582909364279,-24.34140954417598,-8.056562918997308
train,data\train\images\8916_jpg.rf.f5258687a6627ea8167603a1fb63b08e.jpg,0,0,0.40190409008834604,0.49114564850487025,0.4465248692966082,0.0892415584165242,0.02579079558522723,0.057758923093923935,178.5270417986215,-30.635456115781096,5.308988367550063
train,data\train\images\8917_jpg.rf.78e6477af35b0d7325971cf7cab3cb9e.jpg,0,0,0.41088136571395906,0.519616266338917,0.46524881602643803,0.10873490062495794,0.02144726794813613,0.0460984901182798,177.5903785735324,-33.50564671100353,6.920291701704246
train,data\train\images\8918_jpg.rf.45e68ad35db7c431a89772ebee58707d.jpg,0,0,0.3675757947572448,0.37989229602808094,0.37373404539266286,0.012316501270836167,0.04363408493037708,0.11675169941912308,176.9923060290882,-1.8306512511572992,4.454240458305118
train,data\train\images\8919_jpg.rf.603755e4386adaa3df14c131c22f661d.jpg,0,0,0.28087817333675574,0.6454802208413293,0.46317919708904254,0.36460204750457353,0.008237384958302741,0.017784445005459018,-178.72613804766578,-44.86524499932589,1.6808496386798861
train,data\train\images\8920_jpg.rf.eef6d9cd9d70041f9edf14ffc09d3721.jpg,0,0,0.41189303271400346,0.4800028161678586,0.445947924440931,0.06810978345385515,0.018142661619484086,0.04068336374079752,-177.67209841095894,-31.35277630337686,-3.1262758669777124
train,data\train\images\8922_jpg.rf.880be1579db361b7b2e99bb9e384363b.jpg,0,0,0.41836860816002186,0.4984607099155121,0.458414659037767,0.08009210175549025,0.0164305651655113,0.03584214606051167,-179.5448437187589,-30.591798275947905,0.033754638943746945
train,data\train\images\8923_jpg.rf.673a4fb00b93d74e880309ce7f0a83ca.jpg,0,0,0.3547779941002791,0.40691478932796116,0.38084639171412016,0.05213679522768205,0.04793305633848656,0.12585928968041055,-175.38027686722515,-23.829107741211523,-0.0020991372040895673
train,data\train\images\8924_jpg.rf.3a3c792091795c04ddb2531c49b5298c.jpg,0,0,0.0926970568186214,0.18563600165347313,0.13916652923604728,0.09293894483485172,0.10020059755653847,0.7200050048426748,178.89763930096893,-21.788470462856512,-2.2005640545638205
train,data\train\images\8926_jpg.rf.5194a6d540531a5d9fac53088c029296.jpg,0,0,0.27962374240478044,0.3510849674444915,0.315354354924636,0.07146122503971108,0.18732691932411397,0.5940203976852697,-176.82151730997973,-27.729828518649796,2.108044560975618
train,data\train\images\8927_jpg.rf.4121e70f9bd1abdf7f0e3fa109475256.jpg,0,0,0.09628869755525488,0.15865092028527397,0.12746980892026444,0.062362222730019096,0.10062171185385503,0.7893768156253881,-175.33013750555503,-32.25220406133013,3.201052535760092
train,data\train\images\8928_jpg.rf.691249de3fe390ddb0ff87f5ab098d25.jpg,0,0,0.34957409197198325,0.43270279801297956,0.3911384449924814,0.08312870604099631,0.1830827481146602,0.4680765863303963,177.11266043765852,-32.61234947541978,16.129070102858762
train,data\train\images\8930_jpg.rf.ffaf00ead654d953a28c36c0bfe0ca6f.jpg,0,0,0.41104251314404394,0.494459400149574,0.452750956646809,0.08341688700553007,0.030979058947993222,0.06842406071857289,-177.08686961786051,-31.19688947473947,1.8226421197260883
train,data\train\images\8932_jpg.rf.a47ba9f931eab077b12b961fff38844d.jpg,0,0,0.17756361903647894,0.2533544659187982,0.21545904247763856,0.07579084688231924,0.16981096970621753,0.7881357298979057,-177.60401606006204,-21.88774972874013,0.5971189500054689
train,data\train\images\8933_jpg.rf.eee74b11852582494c7e4f2607276056.jpg,0,0,0.3305754517340561,0.38652301761332,0.35854923467368804,0.05594756587926386,0.11538885042524567,0.32182149413945865,178.99587297278805,-27.9688888974254,3.339636654983297
train,data\train\images\8935_jpg.rf.1c817e839baeef31baca43ed5c95c0d2.jpg,0,0,0.3380795258669612,0.49755625046700697,0.41781788816698406,0.15947672460004575,0.21923050971561908,0.5247035034268374,176.44337479111775,-33.426068501721815,9.44789453076893
train,data\train\images\8936_jpg.rf.ccf0486fae139266eed5a47ca03c6282.jpg,0,0,0.061838092957596145,0.07007758020159882,0.06595783657959749,0.008239487244002676,0.17290846935977805,2.621500011618987,-176.22686908319713,-6.238320456153112,1.9676219161344055
train,data\train\images\8937_jpg.rf.d1bcb19bd18286b7343b21face676224.jpg,0,0,0.030674356880600436,0.12294535919124736,0.0768098580359239,0.09227100231064692,0.01165123711954334,0.15168934584014032,-178.18557311699925,-28.019392042253887,-0.27674698028882483
train,data\train\images\8938_jpg.rf.f2dc60a53006ada8e55d8be2bb385632.jpg,0,0,0.2339112057060462,0.28645921066475655,0.26018520818540136,0.05254800495871034,0.3246237376789254,1.24766407722766,-177.64208419378335,-29.34630706827995,6.36497131977426
train,data\train\images\8939_jpg.rf.91d80d8d119f11c1032bd63c43cc5d83.jpg,0,0,0.16691604495367765,0.19053584723523878,0.17872594609445822,0.02361980228156113,0.23832404023185233,1.3334607841767754,179.25653878862298,-21.327410464215887,4.320574871400556
train,data\train\images\8940_jpg.rf.c292ac9c2662657ca40ff970df1c91df.jpg,0,0,0.2879252769720129,0.3487570417718528,0.31834115937193286,0.06083176479983987,0.2600665870236894,0.8169430165322777,-176.5433652716012,-28.013490553199464,-3.313764176677424
train,data\train\images\8942_jpg.rf.8927d6a3ab0557c9a38ba7397dda45bb.jpg,0,0,0.3968305916003554,0.4624261245753089,0.4296283580878322,0.06559553297495352,0.007904282222851217,0.018397952728332903,-176.37329477427434,-31.062830452154305,-1.3436978944306868
train,data\train\images\8943_jpg.rf.50cccc19344a01ef5092f1c85baf3f2a.jpg,0,0,0.41133605932813716,0.4891662278485557,0.4502511435883464,0.07783016852041852,0.008570454149207407,0.01903483038577946,-177.54196752176654,-28.228148807425445,-5.5862733226568535
train,data\train\images\8945_jpg.rf.6d7b644b8f2b593c4f4124bda09b1a7d.jpg,0,0,0.38992797733809237,0.46673419662331594,0.42833108698070416,0.07680621928522358,0.013707843737208084,0.03200291586079907,-175.90071948191516,-27.250252178913758,-11.328235677761969
train,data\train\images\8950_jpg.rf.c06576fe6d5ffc9f962006dd714b15dc.jpg,0,0,0.40902271436111026,0.4946825832326144,0.4518526487968623,0.08565986887150412,0.012897647820427814,0.028543924340755963,-175.14440461799077,-31.043947360987268,-10.186836658057882
train,data\train\images\8951_jpg.rf.dec2fc977404fd109196e35a0ef77313.jpg,0,0,0.39884085339078185,0.4713124290900126,0.43507664124039724,0.07247157569923074,0.006906831814155184,0.01587497732460172,-175.33171102391864,-28.465986693429638,-7.3462789638499535
train,data\train\images\8952_jpg.rf.ddda7d266b57367859f9516734a44298.jpg,0,0,0.2943194206501722,0.632594651494644,0.46345703607240807,0.3382752308444718,0.28611911851717564,0.6173584523430861,-142.53598093905214,-71.251397974006,175.73889813637183
train,data\train\images\8953_jpg.rf.c97148aec00fdca26d589b47a2d223b8.jpg,0,0,0.4249046302492273,0.5296023444176331,0.4772534873334302,0.10469771416840579,0.18450892266536795,0.38660570862725185,174.71230864870165,-31.959357248243524,5.25391381879492
train,data\train\images\8955_jpg.rf.d1aa705e3751084325dcf0e119561225.jpg,0,0,0.3834466030635787,0.47858190672951934,0.431014254896549,0.09513530366594064,0.007729186246779334,0.017932553642882355,175.78238081535633,-31.16621397715741,10.64217694694735
train,data\train\images\8959_jpg.rf.041aaf49d916b14718a29106f257a444.jpg,0,0,0.5022380562859288,0.44468493496408623,0.4734614956250075,0.05755312132184254,0.14389471344956162,0.3039206245475336,-174.4544840858042,26.788628368325625,0.6339547860985794
train,data\train\images\8960_jpg.rf.0242a8d3cff190a68d610b2a41f3e352.jpg,0,0,0.371905561479847,0.44493407632066645,0.4084198189002567,0.07302851484081946,0.05173021599545898,0.12665941661389457,-174.37015580684675,-34.43860569390143,-7.343055638210086
train,data\train\images\8961_jpg.rf.d68629df36094471c0e9fcc3c36e573a.jpg,0,0,0.3841793949287218,0.42502477078438594,0.40460208285655386,0.04084537585566417,0.0054845678370278,0.01355546120352593,-153.7407871379198,-40.328448013515214,155.96469225038325
train,data\train\images\8962_jpg.rf.907c74b3d7b469ccd7f4f64757b16987.jpg,0,0,0.35049934389377485,0.3876652349107205,0.3690822894022477,0.037165891016945674,0.12083985416716954,0.3274062658570732,-179.473556581445,-16.68042281230691,-2.1037938965282943
train,data\train\images\8963_jpg.rf.7ae20eff3b8bb1b9151301e9ee3124c7.jpg,0,0,0.3999888184383085,0.45836696945499655,0.4291778939466525,0.05837815101668803,0.11090479504806175,0.25841217968660657,-179.25250274141877,-23.144458995839585,-3.2856370026863573
train,data\train\images\8964_jpg.rf.439b321a5cfd640af2e9cadb5432f79f.jpg,0,0,0.3662220666460874,0.4394308615348176,0.40282646409045253,0.07320879488873017,0.1640127525029879,0.4071548597814063,-178.900587762772,-23.839587888907612,-4.3417275034119625
train,data\train\images\8965_jpg.rf.407238c73e689524c40771b2cf0008f3.jpg,0,0,0.39052332611532853,0.4450056486217755,0.417764487368552,0.05448232250644697,0.22008237831827696,0.5268096857742727,178.0083538160638,-20.79948642570299,0.3553923426999461
train,data\train\images\8968_jpg.rf.110f09dabd30f9510b31d85f78b86bc0.jpg,0,0,0.4253339758093089,0.4378009621520471,0.431567468980678,0.01246698634273824,0.21453498395694778,0.4971064766852315,168.6701215121762,2.126173286234881,0.23883721947374686
train,data\train\images\8969_jpg.rf.2a2851bce29189d4fb02232fab2bf662.jpg,0,0,0.43321472596766847,0.4233962942835952,0.42830551012563184,0.009818431684073259,0.2216055644553674,0.5174006852967299,166.42547730658535,9.367143243219449,-1.5746031456999063
train,data\train\images\8970_jpg.rf.3ec5614d03bf910c70c47f2780bb5af8.jpg,0,0,0.4524474545497045,0.43261607553700304,0.4425317650433538,0.019831379012701433,0.2353399691937103,0.5318035625547798,165.7038570103401,9.856122752413116,-1.6167880227562845
train,data\train\images\8971_jpg.rf.2c6bd54d9f10200d44ffb1b3ef45377e.jpg,0,0,0.46266103276425286,0.43233556872334467,0.44749830074379876,0.03032546404090819,0.23723502762408083,0.5301361529859805,165.19904563535007,9.705909295011812,-1.6720512804284333
train,data\train\images\8972_jpg.rf.78a4086e87db09d0ee7bacdbe505e7f9.jpg,0,0,0.41546858991484875,0.3986523161569532,0.407060453035901,0.016816273757895572,0.2512921977641571,0.6173338527238219,163.5914640405764,8.21970777564638,-1.1327075570629668
train,data\train\images\8974_jpg.rf.e9b608fd7a97d21cc85e02aa9677dd1d.jpg,0,0,0.46651933141869073,0.4355979071309622,0.4510586192748265,0.03092142428772854,0.21420126451362997,0.47488564758612634,165.20247898858662,11.059594065185117,-0.9193990055772813
train,data\train\images\8975_jpg.rf.cb42c398f3d52f2ad5ee190bb651aada.jpg,0,0,0.4098235582053425,0.43325704038278434,0.42154029929406345,0.023433482177441844,0.055815965169179735,0.1324095590923394,172.17869726117644,-4.378687271353804,-0.5252305587412194
train,data\train\images\8978_jpg.rf.e0fc9ca952e89d527128581a972aaada.jpg,0,0,0.4493183235882705,0.44616624824619266,0.4477422859172316,0.0031520753420778425,0.03292891562013667,0.07354435052449751,166.8898307993992,6.5412186004353945,-2.100345421560433
train,data\train\images\8979_jpg.rf.c171776a94dd0422a4a33454ac530f6b.jpg,0,0,0.45835440033304603,0.4599021203497603,0.4591282603414032,0.0015477200167142713,0.12294632621006613,0.26778209234745093,167.22427443344682,4.438026870666004,-1.318883726420542
train,data\train\images\8981_jpg.rf.f392c25bc4e9cb0e6c74e3119307b55b.jpg,0,0,0.43931547109513214,0.4544329052495261,0.44687418817232916,0.015117434154393983,0.09170232692956794,0.20520837711531584,167.85735686554884,2.8579153502718135,-3.8316119253027803
train,data\train\images\8982_jpg.rf.5244cbf8b5fdcaab9abbc81a2de949c4.jpg,0,0,0.4361673073798247,0.43976265140763554,0.43796497939373014,0.003595344027810865,0.08036822830258059,0.18350377789071948,167.67352933208778,3.497019045498818,-6.182527733356973
train,data\train\images\8983_jpg.rf.d3d0f1c19f1fc8e6e8e153eeff385645.jpg,0,0,0.4375203428204153,0.44456028862360564,0.44104031572201047,0.0070399458031903395,0.016055354685264128,0.03640337201142375,168.5641343505737,2.656995439137127,-4.4735549474848915
train,data\train\images\8984_jpg.rf.5e798d79a281fdcc8c29cd24d947ae71.jpg,0,0,0.4343407407103218,0.44666202347542866,0.44050138209287526,0.012321282765106856,0.018396928402341667,0.04176361108093609,171.6291765781275,-1.8092472966256332,-1.627405043555633
train,data\train\images\8986_jpg.rf.8546dfaca34ffc8606c898736940360c.jpg,0,0,0.3876111886388754,0.406781868029812,0.3971965283343437,0.019170679390936585,0.04238874746732331,0.10671983374346666,170.9935503660215,-4.7033994019205725,-0.01115232832696303
train,data\train\images\8987_jpg.rf.016d02d20436bdaa3aeb04195435be65.jpg,0,0,0.4221790296641114,0.4299382875488362,0.4260586586064738,0.007759257884724757,0.01855274181111954,0.04354504112602874,169.81290996547824,-0.2699993627951463,-1.8768691750952227
train,data\train\images\8988_jpg.rf.45f6c1ae897365eba1deb65f4bf80478.jpg,0,0,0.42490697606231265,0.4316630850976773,0.428285030579995,0.006756109035364666,0.04594600479958703,0.10727903503273445,168.57345408185333,1.410240955700309,-2.692876606466758
train,data\train\images\8991_jpg.rf.c7cd37b5142c9ce401ba9f128da00264.jpg,0,0,0.436455796157094,0.44795023178843746,0.44220301397276573,0.011494435631343447,0.04811959563417588,0.10881788254193006,168.97852133910717,-0.9857077603985185,-2.1266650312162887
train,data\train\images\8993_jpg.rf.ca86bbb9a85a413a7ba310d75e51d040.jpg,0,0,0.4349960483617352,0.4323540017118201,0.4336750250367777,0.0026420466499151307,0.10470468474143803,0.24143581875059228,169.89710565037717,0.6261340362611107,-2.477319952214923
train,data\train\images\8995_jpg.rf.55f776b10fe413404ee1ee97fef3bd3f.jpg,0,0,0.4490037840798785,0.46307875803505183,0.45604127105746517,0.01407497395517332,0.14652486614992888,0.32129738128781216,171.34460441129127,0.8365352098818528,-2.199384133904442
train,data\train\images\8996_jpg.rf.18e67eb2aefc890a97f36bac8f98bbdc.jpg,0,0,0.44380116720365004,0.44347675412027,0.44363896066196,0.0003244130833800485,0.11237880091401203,0.2533113880402434,171.04312838773322,3.653914293492808,-4.493106995479226
train,data\train\images\8997_jpg.rf.b0931ac3ab1a2ba6b81b94bc948e27e1.jpg,0,0,0.39171513770405697,0.41471136300255695,0.40321325035330696,0.022996225298499984,0.03343805392868295,0.08292895607816354,172.20202442383658,-7.385071259147252,1.119663405905058
train,data\train\images\8998_jpg.rf.5ca94d6668b133e0bc3e7d4a3b05e7e2.jpg,0,0,0.44219049365507274,0.4660213251696866,0.45410590941237966,0.02383083151461385,0.06132800325012893,0.13505220253462094,171.00479532248215,-6.011159957089897,0.3910443086957547
train,data\train\images\8999_jpg.rf.dab4db1ec63ee0e22165e379bf188884.jpg,0,0,0.2883456151341687,0.3220985881407132,0.3052221016374409,0.03375297300654451,0.09344709021790196,0.30616095530625564,168.72739088764183,-2.3422151627281256,0.6200237276443911
train,data\train\images\9000_jpg.rf.64db29286c6226f47de2124c6b8e0e70.jpg,0,0,0.3936807655377826,0.4404314447370809,0.41705610513743174,0.04675067919929832,0.23470854310344252,0.5627745049460419,170.77083354481027,-15.50632163110233,3.9898846790146263
train,data\train\images\9001_jpg.rf.76272a472ed1ba0d3bd9b88d8e8f514c.jpg,0,0,0.3950774846645942,0.45229462565598616,0.4236860551602902,0.05721714099139197,0.11092947286314775,0.2618199761641449,172.6679939651443,-17.064005078392423,4.266387971749601
train,data\train\images\9002_jpg.rf.59412cdcc03db5b0516752095612943a.jpg,0,0,0.4076578483866987,0.4523681144342305,0.4300129814104646,0.044710266047531755,0.18104395868683515,0.42101975175959033,170.09384734841103,-13.264923310685159,4.885713648555811
train,data\train\images\9003_jpg.rf.e684d93744f45a6bafd9df9e3edd9d66.jpg,0,0,0.387212429502188,0.42892043993362,0.408066434717904,0.04170801043143202,0.17457977303754071,0.42782193825431286,171.05693707548213,-12.080850345981107,4.210970334832926
train,data\train\images\9004_jpg.rf.acbf259a79897b7c51ac637845584319.jpg,0,0,0.3939044014479105,0.44611822015872404,0.4200113108033173,0.05221381871081354,0.17665413151923362,0.4205937482525492,170.6738997911794,-10.925343314916024,4.227744686660016
train,data\train\images\9006_jpg.rf.e0094c195c95821e0cb6eb27de1fce4e.jpg,0,0,0.3939820111767951,0.4139629617264284,0.40397248645161177,0.01998095054963328,0.17521297409529696,0.4337250183405353,171.07847586729235,-10.159355768515924,3.9459151748856627
train,data\train\images\9007_jpg.rf.174be43b9d15f153d00048102667669a.jpg,0,0,0.39774301936582296,0.44959929578054814,0.4236711575731855,0.05185627641472518,0.18164438236451824,0.4287390801039855,170.95725114581322,-10.859194644502976,3.868421096722083
train,data\train\images\9008_jpg.rf.cb782f704ec22dc19083dd50046faba4.jpg,0,0,0.4014161807656166,0.4249314683110469,0.41317382453833174,0.023515287545430308,0.1949684580386176,0.4718799847896212,170.53123205560306,-6.06947248872468,2.1984290893227185
train,data\train\images\9009_jpg.rf.0609b602d6519bcb0b31b29f7004f90c.jpg,0,0,0.4171036343403538,0.4830655290053664,0.45008458167286014,0.06596189466501262,0.08988646404300868,0.19971016049677043,-178.72754491603374,-34.881342945215735,-3.8253094411589537
train,data\train\images\9013_jpg.rf.562a32be6bca4b7fa4f888642ccf1e44.jpg,0,0,0.3962033732177835,0.4821023622794907,0.4391528677486371,0.08589898906170723,0.04793304222362351,0.10914887672112274,177.06884367066047,-21.002925645536447,-0.26028844983158766
train,data\train\images\9016_jpg.rf.2728da32828edca19809e51e43ead85f.jpg,0,0,0.4205391997336357,0.5224574774517733,0.4714983385927045,0.1019182777181376,0.03932781640079029,0.08341029688073393,178.75081255148478,-34.27819606328131,-4.508659139130373
train,data\train\images\9019_jpg.rf.810adad06545479e6e0d36f48e6df67b.jpg,0,0,0.39317084129919605,0.42671848405004714,0.4099446626746216,0.03354764275085109,0.21839096091544094,0.5327327827384856,-148.88724126244526,-22.1023070493196,168.1925583342846
train,data\train\images\9021_jpg.rf.b6a02fcc0f275e78b0e366c1b4e4ddc5.jpg,0,0,0.39715397802687996,0.5551043218310933,0.4761291499289866,0.1579503438042133,0.43211657791899766,0.9075616940980125,-149.21569204692977,-57.120764808494464,153.45617017106295
train,data\train\images\9022_jpg.rf.945a0a961c64f8dcba57b476f69984ad.jpg,0,0,0.3254218363141195,0.36250982023741246,0.34396582827576594,0.03708798392329299,0.10307015836188398,0.29965231976256107,-150.3655644308857,-23.542491207550636,164.6185459248981
train,data\train\images\9023_jpg.rf.8a9ec01925ffb2e99bee765c7c850364.jpg,0,0,0.2907200450184129,0.36131884147248444,0.3260194432454487,0.07059879645407152,0.1909538205105733,0.5857129826665302,177.69313225050146,-19.894791601146867,-2.8624853179352177
train,data\train\images\9024_jpg.rf.5730cc2028767c0d3eded72fd9604d01.jpg,0,0,0.43277957000338674,0.4798478953170617,0.45631373266022424,0.04706832531367494,0.05711637155679593,0.12516908317402173,178.99357662849326,-20.529539985581742,-0.11850667888033908
train,data\train\images\9025_jpg.rf.a60f5edaf2b4cea0dda83a1322c482a9.jpg,0,0,0.42873024282255456,0.510296076801608,0.4695131598120813,0.08156583397905348,0.19949248839674213,0.42489221915864367,178.03332174511075,-25.931892417333874,2.714340287140758
train,data\train\images\9027_jpg.rf.1306a0304371273b194fc6340977055e.jpg,0,0,0.4559497365033873,0.5559622508140859,0.5059559936587366,0.10001251431069857,0.1807679528525779,0.3572799909837702,179.22095345570736,-31.8394979866056,-1.5437956518536813
train,data\train\images\9028_jpg.rf.e32a7af7703e5b994a67b812b5609c8e.jpg,0,0,0.4175428536432819,0.48792857923909955,0.4527357164411907,0.07038572559581763,0.27895510467305995,0.6161544020998299,177.59567008305834,-27.918088201368647,-0.6260333076638577
train,data\train\images\9029_jpg.rf.b1582288861243a5af38fc32dba95d6d.jpg,0,0,0.36222074958914746,0.4530623901391487,0.40764156986414807,0.09084164055000121,0.203705498530897,0.4997171868383898,179.9026078818628,-28.254682455745893,-1.1631074614817032
train,data\train\images\9032_jpg.rf.890ce6265a11a83c6528fd509993cdcd.jpg,0,0,0.39930285143374344,0.6972121516621658,0.5482575015479546,0.2979093002284223,0.35056401414001026,0.6394148974710333,173.01270522362037,-34.58837152350664,10.902336839454785
train,data\train\images\9033_jpg.rf.278f99a74a4acf5c9a6dca5a377fb20b.jpg,0,0,0.37504235071688863,0.42941993063638023,0.40223114067663446,0.0543775799194916,0.18026484620092031,0.44816233247798326,178.97080603260486,-12.833067246509007,-1.877274432592401
train,data\train\images\9035_jpg.rf.76f6d664004e9e3018489fae0adcfac5.jpg,0,0,0.3924974912906398,0.47961021927338887,0.43605385528201435,0.08711272798274905,0.21121646404370947,0.48438159985331836,-178.1690893467385,-28.624181932539127,0.85382193516084
train,data\train\images\9036_jpg.rf.0ed67de2c993dcea929c7a47bcf48ce4.jpg,0,0,0.41019370167128244,0.5740525496606187,0.49212312566595057,0.16385884798933625,0.08099420715646548,0.16458118493590917,-144.70269605434328,-59.035237077777154,150.58441327546848
train,data\train\images\9037_jpg.rf.529a57446088b0f63849367493c717c4.jpg,0,0,0.3268108479071201,0.37312944733107967,0.3499701476190999,0.04631859942395955,0.20164094457304327,0.5761661271535222,-175.9139989531224,-20.514746393319452,-6.95854790578866
train,data\train\images\9038_jpg.rf.77b67c1d506ebc5cfa6c58d75d4f3394.jpg,0,0,0.3414550086992654,0.41565478047035886,0.3785548945848122,0.07419977177109344,0.008977660780140331,0.02371561141743198,177.49128136766328,-32.29625568316222,1.6416269469913876
train,data\train\images\9040_jpg.rf.ce6eba4e2e7569246c6d42877bbd7522.jpg,0,0,0.3135805268001023,0.40929289162675675,0.3614367092134295,0.09571236482665446,0.01719307991515813,0.04756871528786956,172.54979239885455,-31.60652221269027,5.117840700062685
train,data\train\images\9042_jpg.rf.08f2800b93379533016c762893268312.jpg,0,0,0.3276427826047524,0.38789970612554775,0.35777124436515007,0.06025692352079537,0.016866098868621927,0.04714213099644189,172.6669092973655,-30.023640412070158,6.181333043287007
train,data\train\images\9046_jpg.rf.80239bd552804ad9cb19111a927b9536.jpg,0,0,0.3532715136487568,0.45887674906800435,0.40607413135838055,0.10560523541924755,0.010694148219367323,0.02633545797067582,175.35576484224313,-31.792751448717457,4.368483195753036
train,data\train\images\9048_jpg.rf.14536bf92da70384491d145368163a54.jpg,0,0,0.3195751689449588,0.4321429402953799,0.37585905462016933,0.11256777135042112,0.2630518453519863,0.6998683206336953,177.2599675838578,-29.779905795167835,4.734781021979458
train,data\train\images\9050_jpg.rf.2401ca3733f75d0aa61515086509df6a.jpg,0,0,0.3286304258219221,0.4451195346987039,0.386874980260313,0.11648910887678182,0.18759924419485416,0.48490921813715115,174.30849543191337,-31.980844058484394,5.974526397852858
train,data\train\images\9052_jpg.rf.94fa5ac2056f0f36395fdbb32a10727e.jpg,0,0,0.3185903388222601,0.37742117121135454,0.3480057550168073,0.05883083238909442,0.15980799540929144,0.4592107834583751,177.48959281062332,-23.227967084206202,1.8592435342946996
train,data\train\images\9053_jpg.rf.5764267298ea1abb68f46cb7fb987941.jpg,0,0,0.369151297045768,0.43037226059681916,0.3997617788212936,0.061220963551051166,0.01789907841713325,0.044774361545791286,173.96425346372374,-29.282657389902724,2.7453115418717458
train,data\train\images\9058_jpg.rf.6ad73d0146694065056e4d24c0c9aada.jpg,0,0,0.3623554284238754,0.4470178365222984,0.4046866324730869,0.08466240809842296,0.2548114761620415,0.6296513294863708,-178.49083467172375,-36.21043462266432,-0.9803610576752654
train,data\train\images\9059_jpg.rf.7df1f4b73ef903b9285b9db1a8f67420.jpg,0,0,0.40876828698593,0.36305441277756934,0.3859113498817497,0.04571387420836065,0.11241439478090519,0.2912959020649458,172.74894929024893,24.911996087261713,-6.63806125618624
train,data\train\images\9060_jpg.rf.ab3e239c1cf4d9bbb939ecb9aec6384c.jpg,0,0,0.3833948818837094,0.47517107981733453,0.42928298085052197,0.09177619793362513,0.29035191751018874,0.6763648466448066,-179.69183950097283,-35.59097368361189,-0.16359884766588742
train,data\train\images\9061_jpg.rf.6f5ce1da3e3f4dcc8b1a945917fb75b3.jpg,0,0,0.34837381451465954,0.46294310359749824,0.4056584590560789,0.1145692890828387,0.2698042194889538,0.6651019187834947,179.24005644960906,-34.626176848806274,-0.47467474052136516
train,data\train\images\9064_jpg.rf.4d293d1368b5b283ed322887bff5c0eb.jpg,0,0,0.3159186170292154,0.3154402873788014,0.3156794522040084,0.000478329650414,0.0069860250626293,0.02213012286309522,168.42382475405398,7.757170237311738,-12.27456800811161
train,data\train\images\9065_jpg.rf.a517010c6e072d2923f950f8c2b388df.jpg,0,0,0.3267446558629178,0.3412944729065311,0.33401956438472447,0.0145498170436133,0.01779977786564669,0.05328962660745484,171.87444469619209,-7.44739800766892,-0.3987888644789846
train,data\train\images\9067_jpg.rf.a60106c839fe55a48fb185f1d8596b00.jpg,0,0,0.34653272639549,0.3483274944714758,0.34743011043348293,0.0017947680759858309,0.023010982611074055,0.06623197564069397,170.97136714308434,0.2351613271426609,-2.4649421185295988
train,data\train\images\9068_jpg.rf.82fc02d1b94d7d89109e282001bb02ce.jpg,0,0,0.3430214319661,0.33371513683458054,0.3383682844003403,0.009306295131519482,0.024615023005722544,0.072746247625854,172.6382736707494,13.834502142614964,-9.249541427453865
train,data\train\images\9070_jpg.rf.3a7c3cc1b007121c80aa14a3b0681bc6.jpg,0,0,0.621946269849938,0.366602937201193,0.4942746035255655,0.2553433326487449,0.38910422993348776,0.7872227849824415,169.5484774344073,43.95645874080299,-21.279772882700097
train,data\train\images\9073_jpg.rf.fc59e2c07114b8692ce66acb738a06e4.jpg,0,0,0.32466123586921664,0.34263235288931304,0.3336467943792648,0.017971117020096405,0.019666206062191504,0.05894318900554587,173.46938547312482,1.517585824890024,-1.3420633547865286
train,data\train\images\9076_jpg.rf.1ca8cdfe7cdaa348e77673ec9e38ca02.jpg,0,0,0.37945692849572904,0.37707219106442363,0.37826455978007634,0.002384737431305406,0.01683493838831312,0.0445057247713108,174.94056195514838,-16.332050956424947,8.825728633624985
train,data\train\images\9077_jpg.rf.c580d80d81c7157f0977cf11fd5bbb3d.jpg,0,0,0.3345350314718061,0.3410402953526934,0.33778766341224975,0.006505263880887346,0.02611132160257012,0.07730099240096523,170.28535551053568,-14.698793208197795,9.498682072574654
train,data\train\images\9078_jpg.rf.5ff19d8d732d286918005b7508cd0b6c.jpg,0,0,0.3299594775664017,0.3383876041969439,0.33417354088167284,0.00842812663054221,0.019011553746239248,0.05689125984085924,170.1617245056679,-14.313438969298902,6.4908508044915765
train,data\train\images\9081_jpg.rf.a2e6fa1ff5c1f226627500114d42cc13.jpg,0,0,0.3503269819336711,0.3532519509911157,0.3517894664623934,0.002924969057444604,0.011917273147045451,0.03387615117327403,173.27635007717438,-6.723724508701135,-1.034100341910502
train,data\train\images\9082_jpg.rf.7f304c3bbd149d1fbc9a1085b6c88e85.jpg,0,0,0.333912566029105,0.34270673726172546,0.33830965164541527,0.00879417123262044,0.009471161589584092,0.02799554060464962,173.82990892732306,-1.057070476332154,-2.451433298610699
train,data\train\images\9083_jpg.rf.f4609409968c34d7a5b66cdeeadaa572.jpg,0,0,0.31493507394551723,0.3213889888942883,0.31816203141990274,0.006453914948771067,0.021968884838425264,0.06904936060529249,160.10099401756864,-3.1959815296566143,-4.649846227269299
train,data\train\images\9084_jpg.rf.7f51f6552a9b31b659cfbcd87af51e24.jpg,0,0,0.34991860623266297,0.32699791402402084,0.3384582601283419,0.022920692208642124,0.02205939117326517,0.065176105215752,174.8032795206673,15.62955121383873,-5.41198144452108
train,data\train\images\9085_jpg.rf.d11613842da11f1bd2689f4986df281d.jpg,0,0,0.35137064701061393,0.3318076143967938,0.3415891307037039,0.01956303261382014,0.016571171531908076,0.04851199889694966,174.77514143828185,20.589025979812362,-6.22492211480324
train,data\train\images\9086_jpg.rf.a4495fcca5ba28e648778e19f9dc62ec.jpg,0,0,0.34600441361797024,0.3191684845368362,0.3325864490774032,0.026835929081134025,0.01762886354016148,0.05300535722084905,175.40066449910742,23.69154600630402,-6.430893953685662
train,data\train\images\9092_jpg.rf.a4dd4f3d5a2748e14d25e5d116674194.jpg,0,0,0.30696933826624095,0.31355086445284225,0.31026010135954163,0.006581526186601294,0.033021579061834276,0.10643192249707792,169.40734652313435,6.870855314752095,-6.1746984774969675
train,data\train\images\9094_jpg.rf.304dc868fadadc14a30aaf99186c18a5.jpg,0,0,0.3316338658132563,0.3368241369456755,0.3342290013794659,0.005190271132419155,0.05036118559094022,0.15067868252929614,160.12226849117857,-6.167312090693474,1.2453116523326575
train,data\train\images\9095_jpg.rf.3b7ccd13e6c44e1895616fb04619e26b.jpg,0,0,0.20840484540244744,0.2591173280587769,0.2337610867306122,0.050712482656329466,0.023158093876959253,0.09906736061527123,167.72241184050696,-10.248620039070772,5.265793872347759
train,data\train\images\9096_jpg.rf.be7509391a9e9a0ce5b02221c0fab992.jpg,0,0,0.2954057244780657,0.31788406899711724,0.30664489673759143,0.022478344519051563,0.05812246260450042,0.1895432248273748,166.5812645169841,-13.88187884169506,6.434360762165815
train,data\train\images\9099_jpg.rf.d5f9345fc2ff40b934a2ff63c8c6f382.jpg,0,0,0.3061102580572343,0.2549559741293534,0.28053311609329384,0.051154283927880906,0.042663406371610466,0.1520797507465121,166.39945135197496,27.32992096196737,-17.676959061551326
train,data\train\images\9101_jpg.rf.814a45aa319812a2c006e9084bb64ae9.jpg,0,0,0.3217398393049401,0.3294198752666553,0.3255798572857977,0.0076800359617151814,0.018831108936288983,0.057838679251458795,170.90150212407158,-13.67418034548942,2.122754511727544
train,data\train\images\9103_jpg.rf.6c6cc100e08a3465f869f42803026809.jpg,0,0,0.30921873591497945,0.3000140476171666,0.304616391766073,0.009204688297812846,0.02764076863027156,0.09073959700598778,169.6018906426545,-9.201766663542394,0.8975575519899145
train,data\train\images\9105_jpg.rf.2fd3a651266c79b6bcf111fd4c6a7623.jpg,0,0,0.33895964020640706,0.3227891951629014,0.3308744176846542,0.016170445043505677,0.04260326805112604,0.12875963137086607,158.95632026660365,-5.485039815529862,0.500765873530748
train,data\train\images\9107_jpg.rf.f3c988b5bbfd147265ee25db283091d7.jpg,0,0,0.38064659915467774,0.3169043484000468,0.3487754737773623,0.06374225075463097,0.03158257810462733,0.09055274948830773,172.07485098505174,27.511266079297847,-13.78838773367894
train,data\train\images\9108_jpg.rf.4d34903a9bf1491e5a837557b30828f3.jpg,0,0,0.4569241560141784,0.3233083866282037,0.3901162713211911,0.1336157693859747,0.2672882664553988,0.6851502644331763,165.88606624117028,35.2188372758407,-22.698681151803008
train,data\train\images\9113_jpg.rf.aba432d68e4f6ce3c07324ea58a26250.jpg,0,0,0.3470185998509177,0.2963231766680582,0.321670888259488,0.05069542318285952,0.022007155347027484,0.06841512909702473,175.71013178435098,27.25600623555824,-9.445192052843081
train,data\train\images\9115_jpg.rf.d3959311e119e8838d82774fbdb4b614.jpg,0,0,0.43803249659047877,0.31246172311534537,0.3752471098529121,0.1255707734751334,0.2360220502665713,0.6289776631699744,172.02375079402165,35.10781462880417,-10.597154866367894
train,data\train\images\9117_jpg.rf.e1e75978aa24b255f0bcc5df7801513c.jpg,0,0,0.41761131385635547,0.31237206531993345,0.36499168958814443,0.10523924853642203,0.03789448551656687,0.1038228721298474,176.347923817933,35.84306634542136,-7.953996066220714
train,data\train\images\9118_jpg.rf.6ee3c229bd6e88a0dd8631c35e86f6ec.jpg,0,0,0.3182941864853599,0.3002429997448977,0.3092685931151288,0.01805118674046219,0.037147711306039416,0.12011472271356942,172.7309618118384,29.576191105332477,-10.637085975173491
train,data\train\images\9121_jpg.rf.c1479b3086823000b610b9094ee4c976.jpg,0,0,0.3155714579438547,0.2851063258614115,0.3003388919026331,0.030465132082443225,0.02346263869772947,0.07812054758907423,176.25328514354004,16.05481287893535,-13.523070592053584
train,data\train\images\9122_jpg.rf.32173ebe7481cca00047d7d3cc0ab30e.jpg,0,0,0.3185617604271706,0.3117783014690689,0.31517003094811974,0.006783458958101729,0.005374045531193776,0.01705125806228194,175.82279113232394,10.828472145801337,-9.482842820586253
train,data\train\images\9136_jpg.rf.ed305e3da49b0b0b0857a1ba137a535e.jpg,0,0,0.25780609691809764,0.3132750336102764,0.28554056526418703,0.05546893669217878,0.046848531734426345,0.16406961893866562,175.96847394982612,-26.459366552243647,-4.4041333025655
train,data\train\images\9141_jpg.rf.55ff85bc1d7b2c8a1b5bbd4efe042aa4.jpg,0,0,0.2897196017321997,0.2623587966502536,0.27603919919122666,0.027360805081946105,0.11332051493711863,0.41052327085841034,167.02865215963325,19.74731934370631,-13.81874010269328
train,data\train\images\9142_jpg.rf.222f9a31981ae78f0596767a874bbc5e.jpg,0,0,0.21349641265143596,0.25243514113624743,0.23296577689384168,0.038938728484811475,0.02633077792215719,0.11302423159842767,169.34661620007034,15.606443505745778,-14.971716337322379
train,data\train\images\9144_jpg.rf.72a1608d25e75df6ec7d026cced291c3.jpg,0,0,0.23341914965402058,0.2766736765290113,0.25504641309151593,0.043254526874990734,0.03144362664975264,0.12328590027443365,170.31512030567478,-12.834296853285785,1.0918987103947784
train,data\train\images\9145_jpg.rf.9cf15ed4214b98bd76f877839d8179ab.jpg,0,0,0.3133022117338197,0.3247339568599654,0.3190180842968926,0.011431745126145698,0.028041228912484558,0.08789855588997934,170.66511888430003,-9.468732009116083,2.73607026725875
train,data\train\images\9148_jpg.rf.e34bd4d4b465afeafa46a8dd0648aee4.jpg,0,0,0.3054417709063647,0.28564334763701305,0.2955425592716889,0.01979842326935166,0.06451107349549767,0.21828014772042825,168.66934689189276,24.874488796698113,-17.150633495268913
train,data\train\images\9156_jpg.rf.11eae4aa558d5146a4e809e1f19e146c.jpg,0,0,0.3285619211098724,0.3210555994375992,0.32480876027373584,0.0075063216722732196,0.06334895733083004,0.19503463292505432,175.69910702461095,18.356694013213566,-9.377242628098621
train,data\train\images\9157_jpg.rf.ff27b0ce059258c6f71e4f326157fbfd.jpg,0,0,0.319992555791206,0.31960988235062604,0.319801219070916,0.00038267344057996144,0.03622435988032772,0.11327148778721495,176.48801042714425,14.520380433395404,-8.172525313018138
train,data\train\images\9158_jpg.rf.977f571f4027b97f1ac26664e3e9de08.jpg,0,0,0.30654872117052506,0.33374592019502963,0.32014732068277735,0.02719719902450457,0.02336262155710353,0.07297459653036649,173.78662378882441,-0.1443817500129563,-2.977075369848705
train,data\train\images\9159_jpg.rf.82baf764af3eea4bfec3886a52cd61ce.jpg,0,0,0.3411336000476936,0.32539437281687505,0.33326398643228433,0.015739227230818553,0.009119005368225575,0.027362708661826735,-179.15973810381527,0.7416421378541008,-0.5840259114350328
train,data\train\images\9160_jpg.rf.6fd78e5fcc4cfabba44974dcc2671750.jpg,0,0,0.3494179974037031,0.3484349602160707,0.3489264788098869,0.0009830371876324295,0.01575590106173466,0.04515536085273506,173.9967958676482,7.999221717709036,-6.298940164487728
train,data\train\images\9161_jpg.rf.f3107e00a1aff93dbe0c69dc6058b077.jpg,0,0,0.3039919963636668,0.3475422912435252,0.325767143803596,0.0435502948798584,0.11900657909778856,0.3653117920619314,174.1907261957034,-9.690636323465968,1.6458511689690052
train,data\train\images\9162_jpg.rf.384fc31027decfc42acfe6e29624f298.jpg,0,0,0.3344642652872984,0.32836086350116706,0.3314125643942327,0.006103401786131335,0.01110264358927423,0.03350097365671101,174.29730470161905,0.37490467323432586,-3.349372244411952
train,data\train\images\9163_jpg.rf.974bf2494b8fcd1a20d0f947bd442b72.jpg,0,0,0.28100702938288674,0.2915326134644574,0.2862698214236721,0.010525584081570671,0.005367161691721829,0.018748611589688196,173.86567206945912,3.8462842234700005,-1.5044337916536543
train,data\train\images\9164_jpg.rf.f3b9ad17c2de815649f05a6d0677174d.jpg,0,0,0.31667549250427957,0.30762455730599736,0.31215002490513843,0.009050935198282206,0.010330530590469369,0.0330947613847181,172.8265368574313,-0.5300603399186292,1.0027040168140016
train,data\train\images\9165_jpg.rf.11efabc84bb99e51dffc8553b21f9846.jpg,0,0,0.34619330849003255,0.3238306933533275,0.33501200092168004,0.022362615136705066,0.02078595684551368,0.06204540968182532,172.06214828375923,-8.189806603672828,2.9525540646978254
train,data\train\images\9167_jpg.rf.f5e040bfc324d41a79f440ec9001edb9.jpg,0,0,0.33134377376137425,0.33293412675020423,0.3321389502557892,0.0015903529888299794,0.01800462619471297,0.05420811434746548,172.42410973223596,-8.3930117691903,-0.08737897342511969
train,data\train\images\9168_jpg.rf.8bf6252b6bc155fd1dd696c2be92fe45.jpg,0,0,0.2551453550166271,0.2774801781972258,0.2663127666069265,0.022334823180598706,0.20993600286716524,0.7883061917832408,167.9115937012283,-2.849985327334474,-2.73998066732887
train,data\train\images\9169_jpg.rf.3dd91a23d55d01d56453a5f6763929e5.jpg,0,0,0.2982417825657125,0.30994888423362793,0.3040953333996702,0.011707101667915443,0.07603755828365338,0.250045133654576,169.5456740856849,16.429135745845663,-12.062551119819487
train,data\train\images\9170_jpg.rf.ff5ab62dfb6a6c0f6d11afa626058165.jpg,0,0,0.29281057937562294,0.31853895111035035,0.30567476524298665,0.025728371734727418,0.019972567108897,0.0653392735675136,171.13068006398674,11.567637268168037,-10.32067123330291
train,data\train\images\9172_jpg.rf.5299914c8943d38055d70bfd1ee7b1ee.jpg,0,0,0.3208893242463119,0.3155804898340262,0.31823490704016905,0.00530883441228569,0.016948864450770366,0.053258973405551024,172.03328618228255,8.334675885455715,-5.864653287257106
train,data\train\images\9173_jpg.rf.8f6697d8c24ef2bb51f8d36b12c3b558.jpg,0,0,0.3197377011962821,0.32365705769170133,0.3216973794439917,0.003919356495419246,0.05657705353169574,0.17587042092006205,171.23564785361535,0.7566568810866271,-3.4949093314675643
train,data\train\images\9174_jpg.rf.48a159191d1c280f66f19bec52da3508.jpg,0,0,0.29232042482869197,0.2998004580196123,0.2960604414241521,0.007480033190920332,0.029733464810532968,0.10043038734761328,173.48793673798036,14.104672244946713,-11.768744939709707
train,data\train\images\9175_jpg.rf.368ca78302f0b4f070019c12f46dedbc.jpg,0,0,0.31484204073390964,0.3233558516963483,0.31909894621512896,0.00851381096243864,0.0098399271435843,0.030836601813628222,166.54533344999228,3.318029909537874,-11.735421918329504
train,data\train\images\9176_jpg.rf.057b1239026f0cea2082612582c6e3db.jpg,0,0,0.31995505503743876,0.3219438090197861,0.3209494320286124,0.0019887539823473244,0.029693336066011263,0.09251717904072852,174.38941654929474,17.068161236849015,-12.020331477476866
train,data\train\images\9177_jpg.rf.7bb5ac6943e45278c94e1c9283a6a737.jpg,0,0,0.3382878427846638,0.34319683874304935,0.34074234076385657,0.004908995958385565,0.01073447521965444,0.031503203257894255,173.02634570202625,1.0004554250539448,-3.998984895040314
train,data\train\images\9178_jpg.rf.cc297f55132f837d4dc3ad66c767fa00.jpg,0,0,0.32024871617002754,0.33357944827930885,0.3269140822246682,0.013330732109281318,0.020358319844322178,0.062274221121900585,172.78392569822068,-3.7821196824490477,-2.92940783840355
train,data\train\images\9179_jpg.rf.19618690b5b7da2894a63cca5c83dfef.jpg,0,0,0.3482393269982607,0.3585486652843217,0.3533939961412912,0.01030933828606101,0.011212813944978401,0.03172893163837278,173.95920256822035,-0.7487809041459245,-3.097565839312875
train,data\train\images\9180_jpg.rf.31ec91777dab2b17e7aaf4fe17cf1be3.jpg,0,0,0.4077072864782458,0.47327110065115496,0.4404891935647004,0.06556381417290919,0.2623481188162951,0.5955835526706528,-176.36920775552176,-30.771890148420578,0.8782215153812656
train,data\train\images\9181_jpg.rf.baa1a62605a1d4f333f07bfd6425fd57.jpg,0,0,0.47770055264659944,1.8646538434313307,1.1711771980389651,1.3869532907847313,0.36661406576013716,0.31303039913516134,-134.72813014010953,-79.31660113556664,142.68398990615586
train,data\train\images\9184_jpg.rf.099467daa7aa72faf16321b7548f1f5a.jpg,0,0,0.3773385300930618,0.44571938356023033,0.41152895682664603,0.06838085346716855,0.24497295135014913,0.5952751253257311,-176.71072882400463,-28.53920837378441,1.0628633191836456
train,data\train\images\9185_jpg.rf.5e6e66897930778c3d8b9e860c347455.jpg,0,0,0.40007867988850754,0.47829143876146446,0.43918505932498597,0.07821275887295692,0.23288012351212709,0.5302551135734369,-177.51690208384667,-33.25301637296624,1.3779205728283235
train,data\train\images\9187_jpg.rf.f629e2b0f6def083c05e1f236880582a.jpg,0,0,0.42442736221936866,0.42190905866689493,0.4231682104431318,0.002518303552473733,0.025843703225683048,0.06107193921447958,179.12627095758825,-2.321349030586235,-2.0328462298076015
train,data\train\images\9188_jpg.rf.3934fad15de32321ab6ff4c7bd561e30.jpg,0,0,0.44016922184361607,0.5108740721014691,0.47552164697254257,0.070704850257853,0.031866702466667354,0.06701419939460168,-176.51913243169383,-30.457496107222042,-0.5868660269191985
train,data\train\images\9189_jpg.rf.e3f6bb58b1ed0484a4d890e77bcc9782.jpg,0,0,0.43175838700009805,0.7527277580647572,0.5922430725324277,0.32096937106465917,0.03583859734181888,0.06051332468706347,-146.46101857586305,-69.42028057957883,152.6359339737871
train,data\train\images\9190_jpg.rf.7afbd06a8457624f4b78c0791d8afeae.jpg,0,0,0.45115771548001016,0.5343917467496482,0.49277473111482917,0.08323403126963802,0.29801160337313065,0.604762347896622,-177.61793899913155,-33.040930620292635,3.042147136126455
train,data\train\images\9192_jpg.rf.82a4c05ea2d9ee853b01da7a2d6aef2e.jpg,0,0,0.42711933383477035,0.5020227372899709,0.46457103556237067,0.07490340345520058,0.02238575078467371,0.04818585118543906,-177.4099646260389,-28.88951072185137,1.0312707938548045
train,data\train\images\9193_jpg.rf.21bf11af6a7ed87bdc0612626211032f.jpg,0,0,0.46230526962962554,0.5460285511470017,0.5041669103883136,0.08372328151737612,0.27553716162186714,0.546519725798042,-176.80199275359635,-31.356487840673523,0.741343871425325
train,data\train\images\9194_jpg.rf.a36f6061b0a0e41123b74cd19736c0f3.jpg,0,0,0.4393841170168785,0.543340409429734,0.4913622632233063,0.10395629241285553,0.3765897635297605,0.766419791905375,-175.32770426380816,-32.239832210112276,1.9773279761248919
train,data\train\images\9197_jpg.rf.b33f1e29b37569c67e2c67ba793bb595.jpg,0,0,0.44664308149966625,0.5449266875117508,0.4957848845057085,0.09828360601208452,0.14703723278664593,0.29657465844938025,-175.50149622133029,-31.572048185784602,-1.1101775801467832
train,data\train\images\9198_jpg.rf.0a46d6869d732f50f133dee1e7ed3a06.jpg,0,0,0.39846306521690655,0.48054251910380735,0.4395027921603569,0.0820794538869008,0.28085068720651135,0.6390191193689623,-175.58532623727106,-28.021875110615326,-0.11181186971169658
train,data\train\images\9199_jpg.rf.ab82bb41a8ae212b24988092f02f37a2.jpg,0,0,0.43276877870140945,0.5180587787618648,0.47541377873163715,0.08529000006045534,0.12628065165029068,0.2656226161286207,-177.8978082499647,-29.99801228647476,1.8895785541069976
train,data\train\images\9200_jpg.rf.75308d5d33c0cb9985683eaa70c6a011.jpg,0,0,0.4440395303331179,0.5162802664060104,0.4801598983695642,0.07224073607289255,0.2730914896152363,0.5687511400734392,-178.2420197548494,-27.952128610026367,2.993241993048548
train,data\train\images\9201_jpg.rf.a7b50b46d93a34148166346f341bd8aa.jpg,0,0,0.4530543359829964,0.5115018579698138,0.4822780969764051,0.05844752198681746,0.16986166256968344,0.35220687739006673,-177.50335434503995,-26.433909460372234,3.2486364263349388
train,data\train\images\9202_jpg.rf.258d4c70c79fa977b76cc87dedcf8ff9.jpg,0,0,0.427150091124116,0.5180406380226709,0.47259536457339346,0.09089054689855486,0.30408937474672626,0.6434455298164516,-177.40254021031743,-31.13042415608332,0.8441382710489482
train,data\train\images\9203_jpg.rf.da5600efd09fca9dee30a14d4c0df267.jpg,0,0,0.4072746183531073,0.4926084770070975,0.4499415476801024,0.08533385865399018,0.31551964674180566,0.7012458581978576,-175.98647217413034,-29.644008649502723,0.45212039563921175
train,data\train\images\9204_jpg.rf.aac4edaec4fddc5cabb7d22299fdff73.jpg,0,0,0.40894941899444703,0.6228560945058897,0.5159027567501684,0.2139066755114427,0.30006904639259996,0.5816387729401332,-174.06533355021548,-40.58632400544262,-5.866091892871082
train,data\train\images\9205_jpg.rf.5d2f8018e1d5b23d23ba1804ce1f42b1.jpg,0,0,0.41067587812423517,0.51015093508966,0.46041340660694763,0.09947505696542486,0.03871290658994115,0.08408292641875684,-177.36861024778776,-33.60600949582262,0.9915252070900812
train,data\train\images\9206_jpg.rf.d325e7e9c1624398fbadf5db5778e4e8.jpg,0,0,0.43508556658000214,0.5400024063197556,0.48754398644987884,0.10491683973975346,0.24874581586240116,0.5102017926088667,-176.33086357687753,-33.71526328906913,4.311453233621909
train,data\train\images\9210_jpg.rf.d710e2569d0ef30685f8f06edaca7312.jpg,0,0,0.36984234689278067,0.6391012761743208,0.5044718115335507,0.2692589292815401,0.02123062727643758,0.042084863397814656,-170.46615544501032,-45.570233771105684,0.6156493102973798
train,data\train\images\9212_jpg.rf.388b37355507ceafd566ceaac236e832.jpg,0,0,0.4029543702708115,0.512719048501431,0.45783670938612125,0.10976467823061953,0.016079214311247224,0.035119976143474015,-174.49625457686406,-33.14913211463019,-5.483516979602837
train,data\train\images\9213_jpg.rf.e5eda9d23ca6df8179344f81e338a75e.jpg,0,0,0.35350603930502705,0.45628999128276315,0.40489801529389513,0.1027839519777361,0.01992082221642087,0.04919960450278163,177.34421269704265,-33.73705536983831,16.64003078297133
train,data\train\images\9214_jpg.rf.f9cc0988dbcb36dca746634ad40e3753.jpg,0,0,0.356303969409683,0.46234699438085175,0.4093254818952674,0.10604302497116874,0.02630883110420653,0.06427362152581079,175.23587781455905,-36.84912151195616,15.02593075035285
train,data\train\images\9218_jpg.rf.15006c7ff103d7de17aff7c966de7ba9.jpg,0,0,0.32325527676782223,0.6626363714158156,0.49294582409181886,0.3393810946479933,0.04261169022229472,0.08644294796654495,178.09070720798826,-47.70209604514899,14.73225787260314
train,data\train\images\9219_jpg.rf.5b94efc75b518ec58d07fe1a4677b2ad.jpg,0,0,0.3799916562097655,0.45970293689834,0.41984729655405273,0.07971128068857453,0.015402522402707492,0.0366860106737034,-173.32965078175673,-31.51503906662983,-5.375343164699976
train,data\train\images\9221_jpg.rf.c7fd9fdd5f5e0981deb727609640a65d.jpg,0,0,0.35431235571678904,0.5365168326664475,0.4454145941916182,0.1822044769496584,0.04088551409308847,0.0917920396553047,-171.17864674199572,-39.82830222491729,-7.690334167234401
train,data\train\images\9222_jpg.rf.e6bc83ef1c2891e7c887cc55b660cd80.jpg,0,0,0.41020185362750156,0.5544457103990084,0.482323782013255,0.1442438567715068,0.015226187748513594,0.031568395165916065,-176.00927215022654,-39.27953769991167,-4.291851276282288
train,data\train\images\9226_jpg.rf.2011a904ca6d146eef8ca8a2dafe8b66.jpg,0,0,0.45660466588876225,0.5777302637231695,0.5171674648059659,0.12112559783440724,0.07703626862525563,0.14895807232219951,-175.69892571711338,-40.15229173486402,-0.27155607679468247
train,data\train\images\9228_jpg.rf.e9106d6b78a60c72a6e78c153dcb06e2.jpg,0,0,0.3971369801616088,0.5291590146762023,0.46314799741890555,0.1320220345145935,0.04392752107421797,0.0948455381843887,179.87735536430472,-40.239832695020695,1.0819248286587109
train,data\train\images\9229_jpg.rf.422a0c32806e61899a309956da26d907.jpg,0,0,0.4179954633372191,0.4783621303474533,0.4481787968423362,0.06036666701023419,0.01623216064088546,0.03621804680464555,-177.58507870553254,-14.369803437770347,-5.503700570933005
train,data\train\images\9232_jpg.rf.a0938dfd6b74c9868931bb2d8a501486.jpg,0,0,0.2705388900035185,0.37716943576853873,0.32385416288602864,0.10663054576502023,0.06418232110902965,0.19818278862642508,-163.69785488240558,-50.6755751239067,175.09534502091432
train,data\train\images\9233_jpg.rf.dd29b9a38a53a8ff3bf2ae064b0aab75.jpg,0,0,0.34152278911570655,0.4042349353681891,0.37287886224194783,0.06271214625248256,0.1505998967889104,0.4038842424143407,-154.34000976207284,7.11535769575594,-177.5966576731129
train,data\train\images\9234_jpg.rf.498f5584443970198752935c68743e20.jpg,0,0,0.23895119365237869,0.3200460303210846,0.27949861198673165,0.0810948366687059,0.32756073973290284,1.1719583771974251,176.3668970823262,-31.641552186008234,5.4992003526153415
train,data\train\images\9235_jpg.rf.ab6746931f53b2a48440ff51b9137f5e.jpg,0,0,0.3758396201054533,0.42202253775342785,0.3989310789294406,0.04618291764797455,0.1344295843341801,0.3369744585829995,179.97331458913428,6.346295699043997,2.055530986432987
train,data\train\images\9237_jpg.rf.df8069d075f5c09cc7aba720b517ad12.jpg,0,0,0.39593983045562253,0.4424502479276095,0.41919503919161605,0.046510417471986976,0.1706728484726878,0.40714424674923794,-154.72981992000425,11.561367034579968,-175.90797771487846
train,data\train\images\9238_jpg.rf.f5f19d1ce14596d09f49ddcac054adac.jpg,0,0,0.4502077518937003,0.48967661252795064,0.4699421822108255,0.03946886063425031,0.1176627630779061,0.2503771049544138,-162.37689155316713,26.167052601707635,-172.34198592657333
train,data\train\images\9239_jpg.rf.e4eaa3ab2a39aace9433dc43b9f6c1be.jpg,0,0,0.41849678066532914,0.5794532649534203,0.4989750228093747,0.16095648428809117,0.11302920447182407,0.2265227702890552,-173.0338336945097,-42.17803754369779,-1.589910405668732
train,data\train\images\9240_jpg.rf.90ffd8db6fbe3cc882a0b7c17cccb211.jpg,0,0,0.39358887803030257,0.40150393285721997,0.3975464054437613,0.0079150548269174,0.09399167374357655,0.2364294393220794,173.01160979427004,-0.3333755652811226,-0.4407216732711408
train,data\train\images\9242_jpg.rf.bb9f82ad8623ef8c1809a54e4f466020.jpg,0,0,0.5352081407669409,0.45379011219336896,0.4944991264801549,0.08141802857357194,0.3001085668028192,0.6068940281836132,168.99262073214618,28.5203642796299,-3.391421310456811
train,data\train\images\9245_jpg.rf.03064ed715cd5d5ded5fe4276ae27b70.jpg,0,0,0.3995162476087424,0.39575614461162173,0.3976361961101821,0.003760102997120651,0.171868594792683,0.4322257291312068,172.67057262925516,8.3375261401338,-2.7213955905351614
train,data\train\images\9247_jpg.rf.b18c3336a2a82f455ca4adcad651e046.jpg,0,0,0.36957321915353936,0.3712371313017972,0.37040517522766825,0.00166391214825784,0.01928979172531778,0.05207754376936385,172.7237336073951,5.993627477552564,-2.2708416200621553
train,data\train\images\9249_jpg.rf.e5e5758cffa6842f0f537a4a519d93fc.jpg,0,0,0.3796291393007386,0.3821748012393524,0.38090197027004546,0.0025456619386137747,0.011418643421729768,0.029977905899605535,173.698645753444,3.9676162900019767,-0.9878860050237863
train,data\train\images\9251_jpg.rf.366a981d8f6765e99a2822a92b233d21.jpg,0,0,0.3786486554274937,0.37625496363567706,0.3774518095315854,0.0023936917918166434,0.19269372318396616,0.5105121192109199,172.62023935064326,2.6385657971043517,0.038159909791273844
train,data\train\images\9252_jpg.rf.facec9cabe33e809d76a4222b120b663.jpg,0,0,0.4041802089757904,0.39271823351538104,0.3984492212455857,0.011461975460409335,0.2037132493663974,0.5112652717191232,172.00402097189595,3.998755777819665,-0.3996669443134962
train,data\train\images\9253_jpg.rf.7493a98aac9016be25ea28db6af52ed2.jpg,0,0,0.3940863536304123,0.37762084772633014,0.3858536006783712,0.016465505904082134,0.1839594733001744,0.47675976841152784,172.9509107871532,7.25078619242947,-0.9998289294116836
train,data\train\images\9255_jpg.rf.3282ca610f98df3c9e5212701c8dddad.jpg,0,0,0.3909207094351926,0.3696312447607822,0.3802759770979874,0.021289464674410397,0.145656033142719,0.3830271747751953,172.30581981116387,5.983073285326887,-0.8429332482932635
train,data\train\images\9256_jpg.rf.496800e372e052c1bb5516738903934f.jpg,0,0,0.37372440580865823,0.3765782211492016,0.37515131347892994,0.002853815340543353,0.0825788795724297,0.22012152591614922,173.38604382965255,3.89651562861794,-0.2884986618180137
train,data\train\images\9259_jpg.rf.430421ef0e3d6ffd22c965af84c23cd5.jpg,0,0,0.404495391515597,0.41141171895346423,0.4079535552345306,0.006916327437867242,0.15981273514319308,0.3917424743395544,172.8291364588899,-1.8935158263661356,0.7189281890459817
train,data\train\images\9266_jpg.rf.beb73bf32da867690d9381a022ef8830.jpg,0,0,0.5299865416717016,0.42703099073399314,0.4785087662028473,0.10295555093770842,0.21199819471746895,0.44303931231972377,177.85663560661237,32.29863785089099,0.5249618148188872
train,data\train\images\9267_jpg.rf.a2791edaabf8aea8d882246ac71cc4d5.jpg,0,0,0.40808078184050817,0.37969510525453803,0.3938879435475231,0.028385676585970132,0.23504579035334028,0.5967326347600728,173.742065808009,22.801066377777296,-5.430144635692391
train,data\train\images\9268_jpg.rf.9d2886c47502529e38c08504718a548b.jpg,0,0,0.3934069582220826,0.38370454784618113,0.38855575303413187,0.009702410375901471,0.24444613020276398,0.6291146850714397,172.98743978338345,16.224299880289553,-6.473429081438041
train,data\train\images\9269_jpg.rf.3dde0390afc7dd413693fe9816dbf87b.jpg,0,0,0.4018959140193486,0.37754786830234677,0.38972189116084766,0.02434804571700183,0.29846159727893,0.7658322615389026,169.89602113922854,17.656887234944705,-5.4754905505395985
train,data\train\images\9270_jpg.rf.0fa5380edc91014a9f3f87f1e9edeca8.jpg,0,0,0.42221295526156183,0.4113373143197716,0.41677513479066675,0.010875640941790221,0.1493865480984755,0.35843440653797104,174.12160399458008,13.294442716306243,-2.8839872877634862
train,data\train\images\9272_jpg.rf.10e7eb871632f068498b9339cbf55978.jpg,0,0,0.34248049325933105,0.30463222258135614,0.3235563579203436,0.037848270677974916,0.2979649787632722,0.9209059611081055,174.44819758224799,11.743108448535166,-0.9339764316948367
train,data\train\images\9273_jpg.rf.2fb9070a0ec14e31a085532c4c6fed6c.jpg,0,0,0.3277844724531407,0.3139606154601903,0.3208725439566655,0.013823856992950412,0.2647365681971233,0.8250521061499003,174.3843581922222,6.206156507526369,0.30765972877578013
train,data\train\images\9274_jpg.rf.0a5eb8b3a41127e5ab357ee5f3823f62.jpg,0,0,0.3429355453860533,0.3304490268832666,0.33669228613465996,0.012486518502786703,0.26892639913234034,0.798730503213202,174.39301855122363,2.3424720043294713,0.7475664461877515
train,data\train\images\9279_jpg.rf.7026e728940977d44601fc06873b7c07.jpg,0,0,0.39639148791805623,0.38708059876374673,0.3917360433409015,0.009310889154309498,0.22924152761539282,0.5851938607954422,171.51028362506764,10.638363307253998,-2.115599335637127
train,data\train\images\9280_jpg.rf.352542557180b5b94cc2adbfc8b02707.jpg,0,0,0.4183780762214991,0.40436605288057625,0.4113720645510377,0.01401202334092283,0.20105717285628685,0.48874775460437786,172.5994927378386,5.250613591956305,-0.7724666519658651
train,data\train\images\9282_jpg.rf.39e2dcaef3e960327e5314ed37b9f523.jpg,0,0,0.42319991025740483,0.45491456354542736,0.43905723690141607,0.03171465328802253,0.19031866730414088,0.43347119989932925,173.77243152708573,-15.91214567242644,5.01977905807164
train,data\train\images\9285_jpg.rf.cb2b374cff8eb5e97eec947ade885581.jpg,0,0,0.40323507218854365,0.4472963604555003,0.425265716322022,0.044061288266956655,0.016328821323781117,0.03839674983679267,172.86053185473793,-15.311968947675341,5.1258030843881865
train,data\train\images\9287_jpg.rf.32e288dcd597c4949ae8a376b2540fe0.jpg,0,0,0.4824832403030823,0.43983283975851495,0.46115804003079863,0.04265040054456737,0.03325682521213151,0.07211589590828871,174.69459275492966,20.759551297809637,0.23189138183942545
train,data\train\images\9288_jpg.rf.0b16f013e0ff03f899c0d92d010c3c82.jpg,0,0,0.47622351686407194,0.4360913587615534,0.4561574378128127,0.04013215810251852,0.019402864092732786,0.04253545483280025,172.00000640007005,23.551871844703744,-1.107503059803525
train,data\train\images\9289_jpg.rf.673d467295b590b8096957b2091a8daa.jpg,0,0,0.4729639536894385,0.4274675242403643,0.4502157389649014,0.04549642944907417,0.024439724652107832,0.054284474168534436,171.4484519123522,24.868040181872246,-0.7633831726772892
train,data\train\images\9292_jpg.rf.5205ec05d2f440ba947399ae683d59a4.jpg,0,0,0.3873505081187002,0.38569707454915636,0.3865237913339283,0.0016534335695438385,0.17885724713911788,0.4627328282222046,172.00320267389583,0.6733936552010257,0.2138127578434353
train,data\train\images\9294_jpg.rf.cb1bc12380f0b5d634a28d89620cdf28.jpg,0,0,0.39236689296060884,0.3896499992224,0.3910084460915044,0.0027168937382088254,0.022227653968279932,0.05684699190123934,173.052177643924,9.107179925155986,-1.5576783277438462
train,data\train\images\9295_jpg.rf.bb3c34f490f5bbd88015f5c3f2c39134.jpg,0,0,0.4019367480259074,0.39859595198411985,0.40026635000501365,0.0033407960417875526,0.21448641802834786,0.5358592297995104,171.46511720579022,2.718938384292099,0.6635637113383152
train,data\train\images\9296_jpg.rf.02b936c4db98dde0b0cb2c4e5be68ab5.jpg,0,0,0.3928257649206091,0.38553734045879257,0.38918155268970084,0.007288424461816545,0.18482965854908157,0.4749188579769311,172.15967765094857,2.4375690599052233,-0.37086270365990803
train,data\train\images\9302_jpg.rf.2cffeadcf0ca59e9d9e6cbfad43d7d3b.jpg,0,0,0.38169843273357956,0.6289696961109366,0.505334064422258,0.247271263377357,0.02796411700708233,0.05533788235521654,173.81854522399686,-44.643503757794214,6.58916305984487
train,data\train\images\9303_jpg.rf.481e4be82bde0e21f44609fb48deadf1.jpg,0,0,0.4131726827188648,0.44805380993128496,0.4306132463250749,0.03488112721242015,0.025305776879500374,0.058766833337023615,173.66132645275067,-29.994183287296824,4.928789681613362
train,data\train\images\9304_jpg.rf.efc6afcdcda946a4a6d712a6472123fe.jpg,0,0,0.4018888488635765,0.4272144329517876,0.41455164090768204,0.025325584088211117,0.024127910008444674,0.05820242311817987,173.82401562773106,-24.49320772829365,2.0321980714378887
train,data\train\images\9305_jpg.rf.ed88178114c4bbf38733e0d78b9bf0b4.jpg,0,0,0.42252678058884746,0.44085049397422765,0.43168863728153756,0.01832371338538019,0.06774433892393937,0.15692870525975425,173.50798545924584,-21.956845698371914,5.087230682802505
train,data\train\images\9308_jpg.rf.10824fe34d203a750987321aa4c986c5.jpg,0,0,0.40530511340469977,0.4425771127109235,0.4239411130578116,0.03727199930622371,0.013181031729124668,0.0310916571267463,174.74546701937467,-31.82296048850269,8.176873911698928
train,data\train\images\9311_jpg.rf.87187199f7e3c68dfbb4eb3fdd868fe4.jpg,0,0,0.43007429177484513,0.44100319123656606,0.4355387415057056,0.010928899461720931,0.032028122797086035,0.07353679419277669,169.40826807673224,-25.882813316766406,9.120515856069874
train,data\train\images\9312_jpg.rf.5cde8a76b687a28cae0487bdf8b6810b.jpg,0,0,0.31003113872889715,0.3437840931094855,0.3269076159191913,0.03375295438058834,0.018804190817635336,0.05752142165535711,175.91271438635127,-15.178003204138324,-15.322820446742094
train,data\train\images\9313_jpg.rf.873386ac449c02c9ef43e1957b98ddb0.jpg,0,0,0.37349898586039615,0.4220035223723034,0.39775125411634976,0.048504536511907226,0.10396993305076971,0.2613943563339628,-179.59382947724797,-24.808659443800128,-10.278803335110013
train,data\train\images\9315_jpg.rf.887cbfecfef71b387d7c0fe5a0b0c7b6.jpg,0,0,0.3889997033205279,0.4155217441008281,0.402260723710678,0.026522040780300182,0.1418117098896499,0.35253680394521075,176.51931917276832,-24.65392699971946,2.174840885742236
train,data\train\images\9316_jpg.rf.3a50449a7639a555a804cdf52da070c4.jpg,0,0,0.3320251197986911,0.3664852366001676,0.3492551781994293,0.03446011680147648,0.09412796684208057,0.26951058342886547,177.5418120410372,-27.326774534839615,-2.680465758934502
train,data\train\images\9318_jpg.rf.67719c602ab83a270fa6ecbe9f748ab5.jpg,0,0,0.3421525307759874,0.4099120927805859,0.37603231177828667,0.06775956200459848,0.18064543600275546,0.4803987060273327,172.2343609051374,-28.5765555293989,18.64441346448133
train,data\train\images\9319_jpg.rf.d269bedbcbbd7ef04872999f44b208a6.jpg,0,0,0.34150199277671,0.3675036821116013,0.35450283744415567,0.026001689334891276,0.271914517857104,0.7670305823713988,177.0260849186537,-19.390725862772317,-6.1359595403840625
train,data\train\images\9320_jpg.rf.0f87075da0c0b7a3f2ee7e81f4efd350.jpg,0,0,0.505632287302826,0.4078291877686351,0.4567307375357305,0.09780309953419086,0.0242937171049747,0.05319045798417317,176.49254673610528,35.7036754567039,-5.693750336021893
train,data\train\images\9321_jpg.rf.09c9de7306b74fd7e388a8ae1566fa58.jpg,0,0,0.3884643483040521,0.42060439588447507,0.4045343720942636,0.03214004758042299,0.15592416939036205,0.38544109016780653,179.4651476261208,-23.389488881951856,-0.6485604687159767
train,data\train\images\9324_jpg.rf.4c8d90cf20f4366ea1be75ecb6fb45f0.jpg,0,0,0.3365784131348722,0.3925240220892111,0.3645512176120417,0.05594560895433892,0.07849580517055975,0.21532174733838255,-179.5382742384796,-26.875839192180663,-4.6661475358729545
train,data\train\images\9325_jpg.rf.5e4716ab0f6695735da0e0ebd514a97f.jpg,0,0,0.3839001386357684,0.38069650418329526,0.3822983214095318,0.0032036344524731253,0.15782317521151334,0.41282727747697184,172.47576039747506,-1.6145308541061225,-4.331972388335635
train,data\train\images\9328_jpg.rf.f29bb0ba28c33d4f341c6861bb6ab35b.jpg,0,0,0.30097400589020107,0.33226698213817046,0.3166204940141858,0.031292976247969395,0.18830573355973812,0.5947364024746336,179.96646854799616,-29.40152758393646,-0.43607173909344554
train,data\train\images\9329_jpg.rf.d6a04411c15d2268413a087ddb85effe.jpg,0,0,0.3162721180205229,0.3535665845136465,0.3349193512670847,0.03729446649312357,0.026027181159187562,0.07771178661585287,178.8412610913236,-31.123357008749046,-1.5110275266387607
train,data\train\images\9330_jpg.rf.0d34ef8074f817678f2fa48ba0a7cef1.jpg,0,0,0.41557107904162777,0.516105857009983,0.4658384680258054,0.10053477796835525,0.09316356486296083,0.19999113696595786,-171.62284882047516,-53.82010214720489,167.26870293239102
train,data\train\images\9331_jpg.rf.01e08bca4f39ae9102282a8f2464cd65.jpg,0,0,0.3836663099957894,0.8096175551955898,0.5966419325956895,0.4259512451998004,0.30946560120733513,0.518678933378024,-178.33489981405012,-49.257136758845114,-3.7966687762474396
train,data\train\images\9333_jpg.rf.0a8b3c7e349815a78f854e9628e75f1b.jpg,0,0,0.4100079823549769,0.5261952885923395,0.46810163547365824,0.11618730623736268,0.08657584521308363,0.18495095648508061,-175.80305390328127,-39.14502178766253,-4.161493817033194
train,data\train\images\9335_jpg.rf.0f2c506d3f3db0ad2f0b3d7c572f3606.jpg,0,0,0.45513226407840096,0.555665246243523,0.505398755160962,0.10053298216512202,0.031633399963509445,0.06259097324732167,-178.38863922321073,-32.69485641212357,-3.8108477074965124
train,data\train\images\9336_jpg.rf.e5252064f1ebe77ea65e7bba80549f4d.jpg,0,0,0.20359763317273752,0.37339181248851283,0.28849472283062516,0.1697941793157753,0.179351602951864,0.6216807059488609,178.8145377945074,-31.518540579379014,0.48019571812291467
train,data\train\images\9339_jpg.rf.11094fd44068d3c30755bef72f0215f0.jpg,0,0,0.4273202681745494,0.497794202851964,0.46255723551325667,0.07047393467741464,0.16937943767261565,0.36618049544651715,-169.37581176105513,-47.24183291414682,166.42404010563052
train,data\train\images\9340_jpg.rf.ac4f0dec04864e86734129df8ab63773.jpg,0,0,0.38098486520139013,0.3890004440184926,0.38499265460994136,0.008015578817102464,0.02191762542814647,0.05692998337942967,176.64186784558086,4.7126701928421015,-4.419316078753954
train,data\train\images\9342_jpg.rf.99660cb3ffd15390e3a1926a188e506b.jpg,0,0,0.3620796420220299,0.44158260919999354,0.40183112561101175,0.07950296717796362,0.3301301660297114,0.8215644458296402,177.49745910635073,-25.884327592153507,-2.378746810600557
train,data\train\images\9343_jpg.rf.6cee52a8c6ad0693fa8a558f128e1be9.jpg,0,0,0.3625709765896429,0.43177675306337937,0.3971738648265111,0.06920577647373649,0.16494038273339595,0.41528508630708444,-168.92922030862584,-45.64978843907541,164.48398279022643
train,data\train\images\9344_jpg.rf.5cb38dd10499fbae0dc43b5d13a8ca0c.jpg,0,0,0.3331410837377404,0.40929386222483227,0.3712174729812863,0.0761527784870919,0.046748528649514655,0.12593299629479274,-166.66689359855906,-51.146433181051066,161.42816824166354
train,data\train\images\9346_jpg.rf.c69aab69286c7a028eedb2995c2d075c.jpg,0,0,0.3814383561979518,0.4564195603360669,0.4189289582670094,0.0749812041381151,0.19925980384456562,0.47564103629609916,-165.4633859896652,-50.879095665464284,162.5394950555524
train,data\train\images\9347_jpg.rf.77da69ebc1eecd86a7399fa6f8ed051d.jpg,0,0,0.23032789260706646,0.33389661265400267,0.2821122526305346,0.10356872004693621,0.2776349289528107,0.9841292831630836,178.788815134393,-23.08726310251352,-4.300465957874841
train,data\train\images\9350_jpg.rf.0f0c058eef2cea7d1bba170a960d98e4.jpg,0,0,0.3543826502098411,0.4293295748136954,0.3918561125117682,0.07494692460385427,0.10189606459952437,0.26003438850648075,-178.5748474212202,-32.52176910976935,-1.8342647179345877
train,data\train\images\9351_jpg.rf.966542b16fded28bfe044a4bc19f3da2.jpg,0,0,0.40416454721861744,0.5271233774486465,0.4656439623336319,0.12295883023002901,0.1302699902219018,0.27976308243972015,-176.48101453151247,-35.00314580443727,-7.013148392862608
train,data\train\images\9352_jpg.rf.39827e1860001822f1d394e7162ec174.jpg,0,0,0.4335728095241103,0.5405567516127089,0.4870647805684096,0.10698394208859857,0.18935770757777443,0.38877314708896016,-168.27658648701583,-55.23463867995558,160.52224783815242
train,data\train\images\9355_jpg.rf.d4b05826d998495ae87823214e1779aa.jpg,0,0,0.35555355399805,0.48660027567672076,0.4210769148373854,0.13104672167867076,0.2904670916146298,0.6898195588015186,-165.95104767181508,-50.65827496468618,173.15318452536127
train,data\train\images\9356_jpg.rf.c3e19e831c6bc6990b39844f92d3e227.jpg,0,0,0.31760354292635407,0.43211513875366653,0.37485934084001027,0.11451159582731246,0.30323272679411356,0.8089240249812345,-166.62636702703176,-57.11516952757503,173.76620804613955
train,data\train\images\9357_jpg.rf.1c3a6590e93336891fbbf3b57376a7c9.jpg,0,0,0.34254062793418033,0.44306920283425416,0.39280491538421725,0.10052857490007383,0.31050283627827846,0.7904759439544283,174.6115528694634,-31.670182839754656,9.789134341072522
train,data\train\images\9361_jpg.rf.4abdf9f39bda97a3b44abb8dd97695d1.jpg,0,0,0.5106167057351907,0.4380599277935408,0.4743383167643658,0.07255677794164989,0.08684132121443658,0.1830788661704853,166.54447317120315,31.586356051394404,-5.23771244075029
train,data\train\images\9363_jpg.rf.2d1a6a46d896220cc2451e8677161986.jpg,0,0,0.4180384341914599,0.3713110124808915,0.3946747233361757,0.04672742171056843,0.34212655155192895,0.8668570124277066,170.45652652809164,20.054414457806608,-2.8175645537777165
train,data\train\images\9365_jpg.rf.272c40df7d4f4c9733c88dc3f36f707e.jpg,0,0,0.2721960197028914,0.2629047948852821,0.26755040729408675,0.0092912248176093,0.29910427991198074,1.1179361785953499,172.0472003338701,5.709364324911109,0.9897490593994838
train,data\train\images\9366_jpg.rf.4ab8f00bfa22fb4a9c532bec2dea8d1f.jpg,0,0,0.27701148028198025,0.2642860192011476,0.27064874974156394,0.012725461080832667,0.29445870197338225,1.087973627273556,171.79725319102306,4.949054755787692,-0.1674897088078805
train,data\train\images\9367_jpg.rf.6e15582868db6c6583e919599c9df073.jpg,0,0,0.31126910573767214,0.31677829828090187,0.314023702009287,0.005509192543229735,0.294350335352283,0.9373506950872703,172.65466253810123,1.6543623650588961,-0.2025807101524578
train,data\train\images\9369_jpg.rf.6ae69f44ee021c319f9b79461ff8f26a.jpg,0,0,0.2659934491609011,0.23898396883228312,0.25248870899659215,0.027009480328617996,0.26907008796656706,1.0656717642379752,171.0751768847374,-0.7000778872902643,0.22990734614148542
train,data\train\images\9370_jpg.rf.4088cf715c809df8bb9385f62c38dc91.jpg,0,0,0.3399643081189666,0.35116766913171066,0.3455659886253386,0.01120336101274405,0.25718272825071437,0.7442362290160186,170.31078165892046,-1.1371721665469652,1.1038669555646186
train,data\train\images\9372_jpg.rf.ee89d0c0ad8b9d86308f1741644ee03d.jpg,0,0,0.5256214737245423,0.4525597081055879,0.48909059091506507,0.07306176561895439,0.18733098961321665,0.3830190011685347,167.85506634512285,33.29349001941291,-3.36339534200661
train,data\train\images\9373_jpg.rf.ec8b9c8fa46b65528e46333b9a381aed.jpg,0,0,0.40636820511864874,0.48089530161579386,0.44363175336722127,0.07452709649714512,0.03065335795032731,0.06909640195424344,173.71393218308896,-31.262913320583284,9.351958856736468
train,data\train\images\9374_jpg.rf.4e12facff39aeb5bd7efe269c5fc9a2b.jpg,0,0,0.41773824942538335,0.5074189464730515,0.4625785979492174,0.08968069704766818,0.24559102195276675,0.5309173901290783,173.32465877387028,-33.33585612089281,9.67262598754469
train,data\train\images\9375_jpg.rf.8e295c5c276a0b096b46ba087e2fd714.jpg,0,0,0.3949826002095922,0.4950109697168818,0.444996784963237,0.1000283695072896,0.22798778752406282,0.5123358083202731,176.24635880842158,-28.938673127473763,6.794244693140987
train,data\train\images\9377_jpg.rf.0f721ba0a5fc6490ab05ccf87874c6ad.jpg,0,0,0.3405187828966357,0.3579661459886525,0.34924246444264406,0.017447363092016832,0.2578248591561403,0.7382402926505598,171.67977875222542,-1.5938670956040755,1.3411492118816617
train,data\train\images\9380_jpg.rf.ab37a13417f12adb6977908ac31b539b.jpg,0,0,0.3229203556388647,0.32834372109158555,0.32563203836522514,0.005423365452720874,0.04678221643580588,0.14366588948270342,171.474485780562,4.7557829482134055,-0.21359006987615625
train,data\train\images\9382_jpg.rf.4c9d17df110e813983f403fe73958505.jpg,0,0,0.3817681224567424,0.397048015048465,0.3894080687526037,0.015279892591722577,0.13522163049662658,0.3472491747019622,172.8418875480999,7.48437444863619,-1.6422014791279869
train,data\train\images\9385_jpg.rf.6b39af18fd7956d0ecf5594094b8cc1e.jpg,0,0,0.38491602136075803,0.396058465256724,0.390487243308741,0.01114244389596597,0.206487871853233,0.5287954354246911,172.23125456948614,6.957942854710653,-2.1084466193413327
train,data\train\images\9389_jpg.rf.f84ef1ed67c315369b5d6f6f1ff7e81f.jpg,0,0,0.5177469694742077,0.4609957636729158,0.48937136657356173,0.05675120580129195,0.16388677094817067,0.334892439857401,173.12010959029706,25.554149128262583,-0.1299102645375536
train,data\train\images\9390_jpg.rf.7290e36932b59a35b2c968a0a3022524.jpg,0,0,0.48586443657262685,0.4386213472733952,0.46224289192301105,0.047243089299231655,0.2654524754420919,0.5742705406193772,172.94946496390418,25.168917046866223,-0.5628644678647982
train,data\train\images\9391_jpg.rf.6586a1b546abc874f0b0741b8950d845.jpg,0,0,0.478171656709949,0.4407733364155693,0.4594724965627591,0.03739832029437967,0.29002361927422604,0.6312099667419633,173.0360692710545,24.371293627023157,-0.2524585758314713
train,data\train\images\9392_jpg.rf.db65fb70e25f043ef611c329fb771bc5.jpg,0,0,0.4919572342519289,0.4361771491127394,0.4640671916823341,0.05578008513918947,0.24576869757468434,0.5295972263924215,170.4500954693493,21.702747392651542,-0.9365693905284627
train,data\train\images\9396_jpg.rf.dabb93006c0c7121372edb6ec541700b.jpg,0,0,0.39359815014952615,0.3871442156839733,0.3903711829167497,0.0064539344655528685,0.20880531437882147,0.5348891606667369,172.238771196211,11.4915568141127,-0.7470246895616435
train,data\train\images\9397_jpg.rf.759f7e8a1262c4b903e2ab228d07f87e.jpg,0,0,0.40413337316570297,0.40527213960148467,0.4047027563835938,0.0011387664357817018,0.12187789591709053,0.3011541038321214,172.53092417550891,1.6067898552001392,0.9543055333923319
train,data\train\images\9399_jpg.rf.a9a25f9774c64dc922f41adce04e3989.jpg,0,0,0.3669425557342939,0.372992762771809,0.3699676592530514,0.006050207037515076,0.19957969825417746,0.5394517419633926,171.3815106683505,1.0535391638014566,0.9724333918123237
train,data\train\images\9400_jpg.rf.82db4771d0f1bd718e89b31475c26b74.jpg,0,0,0.37312826800779275,0.3781891890603246,0.3756587285340587,0.005060921052531864,0.19468673318203125,0.5182542515164271,169.89627047181438,-0.07940921886736785,1.9781003853143033
train,data\train\images\9401_jpg.rf.4218ef339df17c25c15b9450ec4943c8.jpg,0,0,0.34738669327895455,0.3613911952283491,0.35438894425365186,0.014004501949394565,0.06930532832629842,0.19556289621917078,170.14299063668324,-4.498034538488812,1.5188532674146205
train,data\train\images\9404_jpg.rf.0f29c092dfc32032becd397ee0dae029.jpg,0,0,0.3635135729823241,0.37073654612582524,0.3671250595540747,0.007222973143501121,0.03515868941956329,0.0957676097138901,172.20953317789434,6.818274376018725,0.17031103417224006
train,data\train\images\9406_jpg.rf.5d32693dc8917af68f8cf3a8c714d35d.jpg,0,0,0.37363113693186506,0.3376345335402088,0.35563283523603695,0.03599660339165628,0.26961432893011184,0.7581255222149726,170.42450834468133,14.338211536393905,0.5526379390056362
train,data\train\images\9407_jpg.rf.73c178e48830e0a479cb1d325784ffb9.jpg,0,0,0.5164186631801063,0.45328534069389836,0.48485200193700234,0.06313332248620795,0.2505588215477919,0.516773820767574,174.12638328004368,26.21485895098988,0.22758077762183873
train,data\train\images\9408_jpg.rf.431bfcd110772a87ffd86253ebf0bd31.jpg,0,0,0.5266872716420995,0.4621210334739985,0.49440415255804904,0.06456623816810098,0.05653810103258452,0.1143560399726745,172.6854783999822,26.627954798014823,-0.2794175121522149
train,data\train\images\9409_jpg.rf.9cfc80fcae360df4b767499d48569eeb.jpg,0,0,0.5413623651236971,0.4685915295707476,0.5049769473472223,0.07277083555294944,0.1306634404292065,0.25875129768916416,172.1743468292827,27.211451534114193,-0.5154400422392127
train,data\train\images\9410_jpg.rf.d264e0140f8ea859e03697ce6709581c.jpg,0,0,0.5411717522647254,0.4525412152066065,0.49685648373566593,0.08863053705811885,0.20759544888699016,0.41781773144261436,174.37702179115843,28.787985406275542,1.8107844701345928
train,data\train\images\9411_jpg.rf.8a35c53685fcb48a9936852e60068a48.jpg,0,0,0.5211247393935825,0.4516656814996881,0.4863952104466353,0.0694590578938944,0.15374277387464394,0.31608611798103176,171.81917964107532,27.763640660821746,1.0814987366314537
train,data\train\images\9413_jpg.rf.322dacd6aee890bfa232b9181832b598.jpg,0,0,0.3854260674120037,0.3724511698939806,0.37893861865299217,0.01297489751802311,0.21085618421370628,0.5564388896630115,169.19448792129455,4.698099302324408,3.0456595235172275
train,data\train\images\9414_jpg.rf.f8dc54ff2293a0bf515ecaab8ce151fa.jpg,0,0,0.3764539364750425,0.38883884810168273,0.3826463922883626,0.012384911626640238,0.2561398302454108,0.6693904226134285,169.0610044460504,-1.3192985377821296,3.369934741269239
train,data\train\images\9415_jpg.rf.91a23346a0313d11ea08e58504cbc2f5.jpg,0,0,0.3963000879286924,0.41195822096932355,0.404129154449008,0.015658133040631128,0.20808784281540202,0.5149043084978865,171.22156372491256,0.9392208238536929,1.8075086936283573
train,data\train\images\9420_jpg.rf.9589fe38cdd2e03b95223a9a1a33c761.jpg,0,0,0.34613661393053236,0.37277292239307486,0.3594547681618036,0.0266363084625425,0.14637373670629722,0.4072104466852116,170.33442202285147,-4.8642991231783395,3.6155904859307397
train,data\train\images\9421_jpg.rf.2f587e52e2e068ad2aff52e65aacf7f7.jpg,0,0,0.35636829743462084,0.37990262675191466,0.36813546209326775,0.023534329317293823,0.1962670810762482,0.533138209397832,169.5591425158415,-3.1201265620467336,2.9262659686592225
train,data\train\images\9422_jpg.rf.99149f847c54ab4bf17a8de9354fae7d.jpg,0,0,0.3621270027631104,0.38180215297250375,0.37196457786780707,0.019675150209393366,0.18054810947279434,0.48539059957735964,170.15079729926214,-1.585626965634185,2.4603176568750977
train,data\train\images\9424_jpg.rf.e9483be6ddbe2ce7710f4660b5f27717.jpg,0,0,0.2964725077651676,0.3026896015342448,0.2995810546497062,0.006217093769077198,0.2763322928333528,0.9223957541522856,169.38030399581157,-0.4219394506912199,0.2544746319326015
train,data\train\images\9426_jpg.rf.d6d07dfe265aef4c9f841251b227959a.jpg,0,0,0.30370112710437275,0.3172271035919841,0.3104641153481784,0.013525976487611335,0.335622011934651,1.0810331865834433,171.00338799178468,-0.5779344361182284,2.1771508780132995
train,data\train\images\9427_jpg.rf.b987f79db545f985e4211a7353ff01de.jpg,0,0,0.5225527599452973,0.4317239082958617,0.4771383341205795,0.09082885164943555,0.32001483761521865,0.6706961372220125,169.74433762313635,31.775533302068794,-5.15690881852406
train,data\train\images\9428_jpg.rf.c145178efb175ebe683ccdd823160005.jpg,0,0,0.30212552849206914,0.31832920028462935,0.31022736438834925,0.016203671792560215,0.32083269037213435,1.0341856560741982,171.64679239170908,-1.4517310115889284,2.700558714570535
train,data\train\images\9429_jpg.rf.33113f6b39a213aa3d6217f4527e5529.jpg,0,0,0.322208072188076,0.3332773383205825,0.32774270525432925,0.011069266132506472,0.025381518273659916,0.07744342701377224,175.43707208259377,6.021863156536496,0.566042045005033
train,data\train\images\9430_jpg.rf.7c778561b686bc035a56fdf327ab53ce.jpg,0,0,0.311654078939426,0.30748758335125453,0.30957083114534023,0.004166495588171448,0.2991453976181987,0.9663229462266524,172.2029536883142,1.5242380792216035,-0.09206290373680757
train,data\train\images\9431_jpg.rf.aef0924606b81696f2a4785019c8d5a5.jpg,0,0,0.31326570642257945,0.3657571693724608,0.33951143789752014,0.05249146294988133,0.01045351016206982,0.030789861533988026,179.7308403454217,-25.266651113646155,9.405757435710202
train,data\train\images\9432_jpg.rf.8c490c4c66865e8efbd4df84d174f24a.jpg,0,0,0.3361144789221852,0.4238494545077317,0.37998196671495843,0.08773497558554649,0.022294477051047396,0.058672460811203406,-176.77035666361385,-32.53572345879388,-1.5937592840397203
train,data\train\images\9433_jpg.rf.bd9b5a47f6cdc90cce8011c20e1d186f.jpg,0,0,0.34094461428091155,0.4378153091628289,0.3893799617218702,0.09687069488191735,0.01679284207143786,0.04312713473281607,-177.71930413275444,-30.709818040172113,2.7937367754486404
train,data\train\images\9434_jpg.rf.4e6dcaf156ce4b70c1311e46fff79f95.jpg,0,0,0.43249200950514655,0.5786221303196514,0.505557069912399,0.14613012081450483,0.014322545650666572,0.02833022521700335,-179.378132913057,-38.02456127261634,4.141136836267665
train,data\train\images\9436_jpg.rf.86a1849365c4c81d53a6ab95078d58bd.jpg,0,0,0.35714188153640997,0.45441676443765244,0.40577932298703123,0.09727488290124248,0.016067344157444867,0.03959626143384931,-176.40155566796653,-31.68034003611252,2.3832987234442435
train,data\train\images\9438_jpg.rf.eb91080ced1e981fe06984e789dded3e.jpg,0,0,0.3584104642972605,0.46586982439208796,0.4121401443446742,0.10745936009482748,0.00980183625441847,0.023782774837437726,-179.30966588186948,-32.07403960869509,3.0214177262677557
train,data\train\images\9439_jpg.rf.10c509a4e58f92fa3a74b37dccda9c27.jpg,0,0,0.39470120265558367,0.5019602018934535,0.44833070227451854,0.1072589992378698,0.07786177566487988,0.17367040729056324,178.85738144655656,-36.41801560092178,4.0808741007120135
train,data\train\images\9442_jpg.rf.751aa0a47e809df4c2e97a4e05207be8.jpg,0,0,0.36171691100948633,0.44551644073288704,0.40361667587118666,0.08379952972340071,0.03856248839244716,0.09554235664126595,179.6142519360557,-31.20098661483927,4.408776417477703
train,data\train\images\9443_jpg.rf.18f27f52c8f0b991f3385cb45f1ab439.jpg,0,0,0.27600122162938023,0.2981721664821719,0.287086694055776,0.02217094485279164,0.011941735380042012,0.04159626909675562,179.27270859813262,-22.417450973643703,4.153532726483339
train,data\train\images\9444_jpg.rf.32092246c2e7c1e1b8dab8e3a53dc005.jpg,0,0,0.31091464967486254,0.35558688181532716,0.3332507657450948,0.04467223214046462,0.0673232206686816,0.2020197028449665,-176.93961214840007,-23.025580156368285,2.298047082533198
train,data\train\images\9447_jpg.rf.ac85f372196dd5ada59c9d4cab34cb84.jpg,0,0,0.2604958290386495,0.23807914142525446,0.249287485231952,0.02241668761339502,0.15266845080866678,0.6124192342291669,178.88484164240896,-13.668016054415938,4.91677817757219
train,data\train\images\9448_jpg.rf.198d8ce9ef44d553342e95bdcb5660d0.jpg,0,0,0.2607940879109189,0.30435835176218323,0.28257621983655107,0.04356426385126433,0.12873119790410664,0.45556274331423885,-174.37139345568252,-21.771816390012155,0.993154253778036
train,data\train\images\9449_jpg.rf.3797f3240fdbc02e46607f0fa7cb0891.jpg,0,0,0.26454153803128755,0.2787367667368371,0.27163915238406233,0.014195228705549567,0.1626278622861564,0.598690803070324,-178.86451735133625,-18.80579179269334,2.966403361969872
train,data\train\images\9456_jpg.rf.38d1fc5b0025e219eb2e72affc4f814b.jpg,0,0,0.2964581472603802,0.31331075536389524,0.3048844513121377,0.01685260810351502,0.06122983871463759,0.20082965350027338,-178.45652311334277,-22.401291567194985,3.8082169739707816
train,data\train\images\9457_jpg.rf.1d9edc9f93b2521548516dc208c134e9.jpg,0,0,0.26291327266880654,0.2808848474005204,0.27189906003466346,0.017971574731713846,0.0788634187517858,0.29004667666645034,-178.68978169907712,-21.108743569573587,1.6173506981508403
train,data\train\images\9461_jpg.rf.bce4829874baa84f9ea74fb8d653cb24.jpg,0,0,0.32277960778718984,0.34714429983740613,0.334961953812298,0.024364692050216297,0.11639042080172636,0.3474735547636191,-176.7682362592147,-26.94406663573402,1.8991305764321875
train,data\train\images\9462_jpg.rf.70c44a1f1a08cdfb77c1bc399126197f.jpg,0,0,0.27139049069827353,0.31006967821924514,0.29073008445875936,0.0386791875209716,0.13489602726126815,0.46399060321672153,-176.52148537748107,-27.667584871833053,1.0364430358644001
train,data\train\images\9463_jpg.rf.adaa285c6c23c71ca81edea5acc87462.jpg,0,0,0.28763158149838886,0.3194354126957528,0.30353349709707084,0.03180383119736396,0.07921518370295422,0.26097674378792196,-175.65469638455798,-24.440261805361793,0.9491095149022601
train,data\train\images\9464_jpg.rf.c2c8b2815ad74e59902d31364580eeb0.jpg,0,0,0.32240101236117064,0.3794965190681109,0.35094876571464073,0.05709550670694025,0.058459403788477284,0.16657532238198863,-178.97371313355313,-29.284470810186498,3.0012541957988996
train,data\train\images\9465_jpg.rf.2273475e31ab218428067794ce457d10.jpg,0,0,0.322453512935531,0.3811992723780406,0.3518263926567858,0.05874575944250959,0.07400403094117677,0.21034246573243667,-177.69043165858733,-28.130869836016235,3.0836385983833865
train,data\train\images\9466_jpg.rf.f66af411d9361bce7d667206c5d4b6d8.jpg,0,0,0.39353694909295384,0.516189613299033,0.4548632811959934,0.12265266420607918,0.12404139185909846,0.27270038490016296,-175.92686790422584,-35.29812817440718,3.367356782835812
train,data\train\images\9467_jpg.rf.02f49cbf06d7386ef31d9c05c930b610.jpg,0,0,0.37265054006457016,0.44309612344521404,0.4078733317548921,0.07044558338064388,0.02668027430231483,0.06541313742558709,-169.91294376420143,-36.48416675641521,-6.616254550510552
train,data\train\images\9472_jpg.rf.23f610b3d08e62203b058651e6d04fdd.jpg,0,0,0.32600157702119054,0.41086764338034154,0.36843461020076607,0.084866066359151,0.04094259792873483,0.11112581933175207,-173.01076474741552,-34.339868437323084,1.4333373592770233
train,data\train\images\9473_jpg.rf.800a5e28e92f1b0cf59043a2af3429a6.jpg,0,0,0.3971589216929849,0.493337899821983,0.44524841075748395,0.09617897812899812,0.0478515341624424,0.1074715439882973,-174.30443313438934,-39.28787953610419,5.675245641352798
train,data\train\images\9476_jpg.rf.bea01ddaf1f002add43ef04be1c3bcca.jpg,0,0,0.3638348314050587,0.387383345489525,0.37560908844729185,0.023548514084466343,0.1581056665863447,0.4209314189918256,-175.5372058677609,-31.379135928386045,5.131781629767085
train,data\train\images\9477_jpg.rf.4064a8f9254a7a4d795c9aca51661db3.jpg,0,0,0.33655739793824146,0.4117534811720403,0.37415543955514086,0.07519608323379884,0.15814069584099427,0.4226604216392487,-170.40283734011481,-34.92227419849141,-1.6828683380673215
train,data\train\images\9478_jpg.rf.32e5961723e09a0e530aa46920560f61.jpg,0,0,0.40535265036668977,0.5229853754919098,0.4641690129292998,0.11763272512522005,0.13366366559312967,0.2879633535845029,-176.86107770110908,-43.353475784676434,12.854087327376202
train,data\train\images\9479_jpg.rf.51dd8d40ca4ddef097a555d67865890c.jpg,0,0,0.2784298632204995,0.3465945501346222,0.31251220667756086,0.0681646869141227,0.21986853822156724,0.703551840611525,-173.36611219566575,-31.48540596304356,11.359437979526843
train,data\train\images\9480_jpg.rf.40dacf005d631d66e1a1b36109e036d9.jpg,0,0,0.29081187553294185,0.3726259491066264,0.3317189123197841,0.08181407357368453,0.17214079604170562,0.5189357303684821,-175.16162158814973,-35.404299013959786,9.644742472553439
train,data\train\images\9484_jpg.rf.d3dee23fb3f136ce1e855ab553d4d902.jpg,0,0,0.31130042838718014,0.38414940614568643,0.3477249172664333,0.0728489777585063,0.2014556321165962,0.579353454737433,178.38318097617923,-27.32492439686983,-1.2449232848639717
train,data\train\images\9485_jpg.rf.062da3cd3d46ac0202e7011497ea4a37.jpg,0,0,0.3909174511306388,0.48763964979101876,0.43927855046082875,0.09672219866037995,0.10467796519434983,0.2382951889741408,-176.06091237018876,-41.1559022041404,12.331295469224228
train,data\train\images\9486_jpg.rf.e95a799a0f783e1088589af8707cdc98.jpg,0,0,0.3263823957714586,0.44560947220805713,0.38599593398975784,0.11922707643659852,0.10723565771388499,0.2778155111777173,-166.39297280878662,-32.86849669604959,-13.804600316932715
train,data\train\images\9488_jpg.rf.6629aa1a1fbd636bb476aac20312e108.jpg,0,0,0.353190442165063,0.3752247928138512,0.36420761748945707,0.02203435064878817,0.07948557399393597,0.2182424808735278,-170.69626244773488,-32.63303793637082,-2.5944258886517146
train,data\train\images\9491_jpg.rf.5091d7d8d7f00cea891b4597ee402605.jpg,0,0,0.27571095349159014,0.4130133341439621,0.3443621438177761,0.13730238065237194,0.13340510167930078,0.3873976976688062,-174.2588963187407,-33.307264563870305,-5.136055150783996
train,data\train\images\9492_jpg.rf.67925fc961a090a27e74d07bfadd2e61.jpg,0,0,0.354931952608248,0.4170286008153128,0.38598027671178037,0.062096648207064786,0.018057872149528812,0.04678444272688318,171.10359067721188,-22.570263131102067,7.819964277926607
train,data\train\images\9493_jpg.rf.51697b493fe40cc746212fed0f09ebca.jpg,0,0,0.37168342050551856,0.38518873588251323,0.3784360781940159,0.013505315376994675,0.013098211119955181,0.03461142283913009,172.6562696625698,3.60331113761907,0.42562343626214716
train,data\train\images\9496_jpg.rf.fd026b59e8c007b364ba836b4dc8bcde.jpg,0,0,0.3433487300797364,0.37868653223661863,0.36101763115817753,0.03533780215688226,0.21934537118100184,0.6075752324819202,170.24556735104437,-4.216897270605721,3.0082583030626715
train,data\train\images\9499_jpg.rf.7fe3788a53e03847d33f936b7053e659.jpg,0,0,0.429383743372029,0.5113839374477972,0.4703838404099131,0.0820001940757682,0.02545703239683661,0.054119700146697716,172.40343130822995,-27.997052678508197,8.142059075604838
train,data\train\images\9500_jpg.rf.046778a88da37538659ed28190e1b1f5.jpg,0,0,0.5127163008684905,0.4508082772147444,0.48176228904161744,0.06190802365374609,0.029920256633713314,0.06210585036291337,173.3754173144597,26.36397739217359,-2.016831044004462
train,data\train\images\9502_jpg.rf.46931c94d465178d4349fdad5a047bbf.jpg,0,0,0.41099633502838806,0.3808449646108309,0.3959206498196095,0.030151370417557166,0.026691024434018374,0.06741508543739615,173.3246820105534,16.796365001241927,-0.394699586321938
train,data\train\images\9503_jpg.rf.a8dc4d2bbcb6f3e1e6ccac52fa0682f0.jpg,0,0,0.5136508753561931,0.4399616251302195,0.47680625024320633,0.07368925022597361,0.02683092902232938,0.05627218395028091,172.65534928714794,28.865067180502574,-1.819350404338469
train,data\train\images\9504_jpg.rf.ce26df15a18c2f6fa1ef7882253f6499.jpg,0,0,0.5289005676208851,0.45248043576559066,0.4906905016932379,0.07642013185529445,0.2143611121280854,0.4368560454877039,170.8541952589654,29.60545641525943,-3.676975078578976
train,data\train\images\9505_jpg.rf.06bdef2a02066990aa17f4a5c0386f4c.jpg,0,0,0.502830315162873,0.4491388912604078,0.4759846032116404,0.05369142390246523,0.30830636648174825,0.6477234019787481,173.4044170555019,24.56470483972115,-1.0536325988338369
train,data\train\images\9508_jpg.rf.d8cbfb7e75e464dc1ac338288e522b43.jpg,0,0,0.30851144507242484,0.2880716579668607,0.29829155151964276,0.020439787105564156,0.23034491777947086,0.7722140188214565,175.25998811569673,4.386625514949396,0.6231389672847824
train,data\train\images\9511_jpg.rf.54a24e9212075f6a24d6359b1d7f0849.jpg,0,0,0.5050101616776604,0.4476728619807987,0.47634151182922957,0.05733729969686174,0.05920374126180128,0.1242884354849721,171.38115837778406,25.42264066650357,-1.975297160361727
train,data\train\images\9512_jpg.rf.e08e040b96c1641e8786f87f96c67315.jpg,0,0,0.3383389952424972,0.3295530452616211,0.33394602025205916,0.008785949980876118,0.23276026810065986,0.6969996765494456,176.9079871448629,2.5319651701774193,-0.3153810736771274
train,data\train\images\9513_jpg.rf.ab023c38e49ef55c9f4ab87cf0aec3fd.jpg,0,0,0.35232525240398893,0.34462850573915715,0.34847687907157304,0.007696746664831777,0.2692005975223625,0.7725063374063099,176.00025509834816,2.1895121404663147,0.28090680822758024
train,data\train\images\9516_jpg.rf.060fff9601e6bf79f9a76072f1d0c39f.jpg,0,0,0.3907170026475334,0.395609227990693,0.3931631153191132,0.004892225343159584,0.03283370624316412,0.08351166465988155,174.1997658312364,5.5770674229575015,-0.9613958285046388
train,data\train\images\9520_jpg.rf.61349de9519b98718cbd7e769a9368d9.jpg,0,0,0.41170244578195164,0.39853631458179956,0.4051193801818756,0.013166131200152087,0.011892600953672307,0.02935579371278956,174.59723234025995,10.325390590079124,-1.740977534716452
train,data\train\images\9522_jpg.rf.a6819ab2773553afe9dd1f0e107b1f24.jpg,0,0,0.5170558863916114,0.45045764253607057,0.48375676446384097,0.0665982438555408,0.06801085979556051,0.14058895873205732,169.98857929515313,26.864844135108644,-2.3964703036838273
train,data\train\images\9523_jpg.rf.ce5b33184feba8cf92ae57bf999c58bf.jpg,0,0,0.401433308548847,0.4064615025390029,0.40394740554392494,0.00502819399015586,0.015913733613065775,0.03939555841839743,174.2324790170263,3.266773022975354,-0.7772381551408456
train,data\train\images\9524_jpg.rf.3dde3c70f61d6185a56498a655aa86dd.jpg,0,0,0.3981621509822955,0.40087429212637,0.39951822155433275,0.002712141144074476,0.012585170005415978,0.031500866109318244,173.82332914829692,5.807725164664374,-1.1366961682898404
train,data\train\images\9525_jpg.rf.2382c91fe39074d30ec510d4bb0e7c52.jpg,0,0,0.3958426986747089,0.40152233362109907,0.39868251614790395,0.005679634946390177,0.01834778735216219,0.04602104835055143,172.39686955583315,2.9091503856104737,-0.42064182717725457
train,data\train\images\9529_jpg.rf.5a5d5f9a17a47075a938f0b9bbfe5856.jpg,0,0,0.3639246690635134,0.37123352236703494,0.36757909571527414,0.007308853303521545,0.01125328978741408,0.03061460762755358,173.00221096992928,1.1979559634132364,0.531951581081075
train,data\train\images\9530_jpg.rf.ddf0c607120100e28fd49eebc67b69b2.jpg,0,0,0.39050696394966355,0.4033221581312102,0.3969145610404369,0.01281519418154664,0.007475629695837037,0.018834354870330482,172.20925664842198,3.1289622450617642,0.11584331346041117
train,data\train\images\9534_jpg.rf.f726ccdf7470b18f9b96b31d9ebef3b3.jpg,0,0,0.39951364529142114,0.40216284755835996,0.4008382464248905,0.0026492022669388215,0.009870304726262972,0.02462415903247017,172.11121813493597,2.7987597824831045,0.5731653622026834
train,data\train\images\9535_jpg.rf.9253834820dac92cb7895af971a7c679.jpg,0,0,0.3930024590884661,0.3972472493875391,0.3951248542380026,0.004244790299072987,0.008559706406995922,0.021663295323457434,173.88590157890508,6.9234884124902525,-0.41816318339490327
train,data\train\images\9536_jpg.rf.170674f7e534ce5fdd25aefef69b591a.jpg,0,0,0.44556866333223555,0.4239984483010215,0.43478355581662853,0.021570215031214035,0.013051472623246636,0.03001832164220843,174.4637867719635,15.648046009035408,-0.9884048633849853
train,data\train\images\9537_jpg.rf.a9c21cb31c6b697e9237c10f57c3c2e2.jpg,0,0,0.5025611666672306,0.4464143166092408,0.4744877416382357,0.056146850057989806,0.013126951553274428,0.02766552305008298,173.47442426194664,24.632911649497895,-0.7543653507278283
train,data\train\images\9539_jpg.rf.faa3c5da4d09ea9a6473a66c026c77ee.jpg,0,0,0.4913580273358917,0.4422571340662556,0.46680758070107364,0.04910089326963607,0.013361867569198799,0.028623930119410904,172.49774471506737,22.457208627615465,-1.2315094772700008
train,data\train\images\9541_jpg.rf.ea036147e573efbd36a1480f83249075.jpg,0,0,0.4732436399901305,0.41981569209699826,0.44652966604356437,0.053427947893132266,0.007908442739385093,0.017710901068359316,173.65269954888873,22.499276347237497,-0.7230075797180091
train,data\train\images\9542_jpg.rf.5fb9324cc0121e8f82459f7e8d525440.jpg,0,0,0.4481631679624856,0.3990163008090696,0.4235897343857776,0.04914686715341604,0.01483155648617654,0.035013965831072136,172.53695009341908,18.86064210395314,-0.508514096967554
train,data\train\images\9543_jpg.rf.dceb66f529f3ad0874aa7bc120a35068.jpg,0,0,0.43957274241344446,0.3990813601097733,0.41932705126160885,0.040491382303671164,0.008419493590918183,0.020078584402286624,172.96617705332454,18.160157981288148,-1.2770034444166598
train,data\train\images\9544_jpg.rf.119b3bc6b1cabfafa71465407e1c9c2a.jpg,0,0,0.5000007567496833,0.43611960119394205,0.4680601789718126,0.0638811555557412,0.08474469081894055,0.1810551177523778,170.86263484904393,26.81449689291108,-1.409870420432141
train,data\train\images\9546_jpg.rf.9fb9219c6e97d0ca6c50f04823d4428b.jpg,0,0,0.43382870981142574,0.38097495872795845,0.4074018342696921,0.05285375108346729,0.009668690597033461,0.023732565206451613,174.74042375108593,18.22338317411417,-0.6319899087081796
train,data\train\images\9547_jpg.rf.5ffa8af264eca9afbdabf6a994329669.jpg,0,0,0.4372754197843403,0.4122432410361876,0.4247593304102639,0.025032178748152722,0.012088007846514632,0.028458486915023482,173.98150711165974,15.24864107816529,-0.5377825852179239
train,data\train\images\9548_jpg.rf.a3472d1008beb799d14851607fac3721.jpg,0,0,0.43192006879362355,0.40903092991047424,0.42047549935204886,0.022889138883149307,0.01462745439553366,0.03478788756556449,172.9160135892003,14.476063048848863,-0.7487406043609671
train,data\train\images\9551_jpg.rf.2a65214058ab99147b0210af3037e2e3.jpg,0,0,0.41467451731631516,0.3905624159144231,0.40261846661536915,0.024112101401892072,0.014701042717143979,0.03651358279894357,173.69504865682035,13.716052473116012,-1.1773711546220849
train,data\train\images\9555_jpg.rf.4f5c62586fd6df1eed80efecd501b380.jpg,0,0,0.5205549597494199,0.44404058675106617,0.48229777325024303,0.07651437299835373,0.07297288617439826,0.15130255668117268,170.08533909575934,26.788482147093323,-2.1363282789986213
train,data\train\images\9557_jpg.rf.3d3017a2b5de3b451b258635d7f3827f.jpg,0,0,0.4113830704204749,0.4092899421551933,0.41033650628783414,0.002093128265281574,0.015801518337880453,0.03850868274146766,174.29257540492972,11.841712822402574,-0.998619295825567
train,data\train\images\9558_jpg.rf.74be1586ec0fc4ff4867b26580a1a5b1.jpg,0,0,0.4245013085090221,0.41215198070825937,0.4183266446086408,0.012349327800762755,0.1652262535552791,0.394969471069322,173.50151330018318,12.360063586699216,-1.5137891356697106
train,data\train\images\9559_jpg.rf.515f46c862e54dd1155d9bea847f930e.jpg,0,0,0.43754520368143024,0.430666778995839,0.4341059913386346,0.0068784246855912445,0.18018108316643758,0.41506241968884294,172.8181698496762,9.162340507353033,-1.006053277009671
train,data\train\images\9560_jpg.rf.49034b0639275ebe4cd8cfab70096ae0.jpg,0,0,0.4387375214956845,0.4318675593512786,0.43530254042348154,0.006869962144405939,0.13258379371381118,0.3045784974855139,174.6964395343211,11.021532198199052,-0.550319238998643
train,data\train\images\9562_jpg.rf.8d0e903670ed8ec593175f5b56f5487e.jpg,0,0,0.4033997486217417,0.38957940346403896,0.39648957604289037,0.013820345157702751,0.09261623471433143,0.23359059180994116,172.3336576839958,15.12325060816932,-1.7552224563833447
train,data\train\images\9564_jpg.rf.84a82885e178e03af94b2c5acd6ab240.jpg,0,0,0.3826779672092134,0.3849788475020649,0.38382840735563917,0.002300880292851526,0.03289594137167964,0.08570481168476844,171.57472718663843,-1.2512533895717255,1.9704306564929908
train,data\train\images\9565_jpg.rf.92dbf72f0b21638c2b8b57c260399b9b.jpg,0,0,0.41585369224980956,0.42183043284677135,0.4188420625482905,0.005976740596961794,0.01795841275646485,0.04287633540720216,171.95359044187455,5.700856634695304,-0.3509457627878855
train,data\train\images\9567_jpg.rf.a5217966bbf7f23cf9947468832252a8.jpg,0,0,0.46812683857829135,0.4147482186211448,0.4414375285997181,0.053378619957146545,0.18056402934626747,0.4090364267828197,170.2002361486692,21.950029843363048,-2.1463245393422112
train,data\train\images\9568_jpg.rf.55ce82def476ea7b56ff9a1070df5bc8.jpg,0,0,0.41302824499573665,0.38051750460050676,0.39677287479812173,0.03251074039522989,0.13239135386469758,0.33367037485125056,170.96699011290454,19.359495802760275,-1.4880452511563549
train,data\train\images\9569_jpg.rf.595ae12a0fc078e3d45e834fb941a4f7.jpg,0,0,0.38999321327289915,0.3665156039848144,0.3782544086288568,0.023477609288084733,0.011777847699382955,0.031137370591599316,173.44262910317929,15.164417120973656,-1.5327140716083856
train,data\train\images\9570_jpg.rf.93907938045df4e6ce20afbdcc3b4acf.jpg,0,0,0.4265636040533402,0.38701425828500763,0.4067889311691739,0.03954934576833258,0.018290650758076177,0.044963491768338026,174.09098873103343,15.329890266119442,-0.9421338340496581
train,data\train\images\9575_jpg.rf.c1b26d1daafb08e60fbcaf5015010201.jpg,0,0,0.3830842491248678,0.42947641743635007,0.406280333280609,0.04639216831148224,0.01849590890200233,0.04552499194989979,-176.29938787257205,-27.846006395585498,8.16668720247237
train,data\train\images\9577_jpg.rf.3db610b0d70914ab79044eee6de38a5b.jpg,0,0,0.40374530150940874,0.44870870085897335,0.42622700118419105,0.044963399349564614,0.009399824578199907,0.022053564302787657,-175.2592154825244,-33.03130038751988,7.607279322028662
train,data\train\images\9578_jpg.rf.de029ce1020e61bbf6d5a9e86cf5ea43.jpg,0,0,0.41822420625766477,0.634894084886783,0.5265591455722238,0.21666987862911824,0.015159548479029998,0.028789830366645272,-176.70593333211994,-44.08389636662959,9.380181008704055
train,data\train\images\9581_jpg.rf.59c5d5ccd7ff31793824abf500fb478b.jpg,0,0,0.42238315580010183,0.6301873819046151,0.5262852688523585,0.20780422610451327,0.010577959542215151,0.020099288671487858,-172.85239661817639,-43.97340451628309,-0.06832027816889762
train,data\train\images\9583_jpg.rf.fbf5ebd26b59642b518f402e3fe51f58.jpg,0,0,0.44035697431429316,0.6726472014973344,0.5565020879058138,0.2322902271830412,0.018050834542772003,0.03243623866839301,-174.83158998107632,-43.77734799474088,7.165683375239861
train,data\train\images\9584_jpg.rf.58ce75a3f73dcf17133167d1e813696a.jpg,0,0,0.34381677351052614,0.9787843949734153,0.6613005842419707,0.6349676214628892,0.037585659744000334,0.05683596936041371,-179.72493084169182,-48.68252827580256,3.435239446523421
train,data\train\images\9586_jpg.rf.03ae5b9018c072f41e00f2af05aef295.jpg,0,0,0.5809541763005446,0.2236733106372647,0.40231374346890464,0.3572808656632799,0.1540297892703373,0.3828598743414354,-170.26203650433877,42.049271189710396,6.3696228378712085
train,data\train\images\9587_jpg.rf.7b2ededfe460953bb92df6bfde9b85f5.jpg,0,0,0.33468722140413465,0.36731903458006865,0.35100312799210165,0.032631813175934,0.00509913599342736,0.014527323510182797,-153.08103496291068,-35.50384980033836,177.63121527668503
train,data\train\images\9588_jpg.rf.4f03907ba40c2c17c698c66e4e3f8260.jpg,0,0,0.3711580117704267,0.79376478861078,0.5824614001906033,0.42260677684035336,0.20694462167000252,0.3552932805543551,174.24717296941458,-47.520403508139374,15.179139885620199
train,data\train\images\9590_jpg.rf.0041f7b721926fca05e777f89343a0c0.jpg,0,0,0.3339946430007536,0.4536909715875843,0.393842807294169,0.11969632858683071,0.0927288042174553,0.23544623006963872,-175.79040501999168,-40.53272204976293,5.294690504563519
train,data\train\images\9591_jpg.rf.9471b06c4168c79ec59f4bd01b7ad278.jpg,0,0,0.38484776419674865,0.5168566506863812,0.45085220744156496,0.13200888648963255,0.018360969819292416,0.04072503032309581,-172.55708581492237,-39.82110224425139,4.251553172929345
train,data\train\images\9592_jpg.rf.23e204b6db72267f2118f0019144d1e7.jpg,0,0,0.3213801914417886,0.5004626183499098,0.41092140489584916,0.1790824269081212,0.24542241772832807,0.5972490476385187,-171.48123685930938,-39.20036005489276,6.177314196288534
train,data\train\images\9593_jpg.rf.b74967fba7ee10981b1ecb5114141e3d.jpg,0,0,0.31653542329894385,0.6531751718840603,0.48485529759150203,0.3366397485851164,0.27380534634534015,0.564715591858966,170.8372802402833,-49.29765573794651,12.135174252430035
train,data\train\images\9596_jpg.rf.5fb07aa2d2b3afd3e708211d5910b471.jpg,0,0,0.3795586036080057,0.5077696109283789,0.4436641072681923,0.12821100732037322,0.16904802810639438,0.38102705478540294,-171.52345309986248,-39.61516919517756,1.789133562609231
train,data\train\images\9599_jpg.rf.878e086054436c5fddb631b26f8252ac.jpg,0,0,0.3089862291600014,0.3880888930656478,0.34853756111282463,0.07910266390564641,0.01552519413265655,0.04454381927470626,-172.85724029746808,-37.57282808679974,2.8968611068391126
train,data\train\images\9600_jpg.rf.a4f8e51e9cfad4a4e6941b0a9aed2b71.jpg,0,0,0.3607194393691896,0.4791450056211264,0.419932222495158,0.11842556625193679,0.022015982562991258,0.05242746658538477,-171.4388086954446,-38.98588901062515,1.3859687894325545
train,data\train\images\9601_jpg.rf.fc654a1f620755ca38d2aef31e75b878.jpg,0,0,0.37304154821340596,0.44303307506210554,0.40803731163775575,0.06999152684869958,0.09055269831272855,0.22192259317971083,-168.46878205950057,-36.342029402016635,-0.500333994349006
train,data\train\images\9602_jpg.rf.bf764ddbb865c3bd58829540fdcb44e4.jpg,0,0,0.3442906758674209,0.4163678894413158,0.3803292826543684,0.0720772135738949,0.015909142066007093,0.04182991631613292,-176.46357985795927,-29.111592506264873,3.0588064924187193
train,data\train\images\9604_jpg.rf.a8e051cf8953adbe2fccb0deca56e2b8.jpg,0,0,0.30755999564609515,0.6230848049059521,0.4653224002760236,0.31552480925985693,0.014575026318415769,0.03132242571982359,-179.4368881036815,-39.18326116048781,5.644636002472158
train,data\train\images\9606_jpg.rf.f1fe4645a294788c479d908602c93480.jpg,0,0,0.30259392082946013,0.6960375320972024,0.4993157264633313,0.3934436112677423,0.030790104346110393,0.06166459959953125,179.27361636210156,-40.34441961789328,2.782884270962175
train,data\train\images\9610_jpg.rf.6a18f99ca2b380a9f7ecf478b568fbe0.jpg,0,0,0.29871850509361636,0.5393911573465092,0.4190548312200628,0.24067265225289286,0.014044550106381925,0.033514826843761066,-177.61904041091273,-37.01195413766463,6.086224482904217
train,data\train\images\9612_jpg.rf.fc1146031f6c0055e4601be5be1516e1.jpg,0,0,0.31060518951509397,0.8914173643731507,0.6010112769441223,0.5808121748580567,0.020492647549755605,0.03409694349489031,179.37880641485555,-45.60996840375841,9.077575893935377
train,data\train\images\9613_jpg.rf.43a3a1aae8230fb9cd4b8aa4c8135187.jpg,0,0,0.3175272526079283,0.6154028947014037,0.46646507365466605,0.29787564209347545,0.011544973935403614,0.02474992145703625,179.75890124139048,-39.261758326278006,5.310140334793533
train,data\train\images\9614_jpg.rf.caa382380ee39140105fa187f92d884b.jpg,0,0,0.3325226985314797,0.5517575418902018,0.4421401202108407,0.21923484335872206,0.01385384408887367,0.03133360546938665,-177.4676938161565,-37.7589285348856,4.760536174890562
train,data\train\images\9615_jpg.rf.6a03396caffbda35ea3d6b47b6bddb88.jpg,0,0,0.2238315270290068,0.3337921133843333,0.27881182020667006,0.10996058635532649,0.14176375531920868,0.5084567620344285,-160.4677152948932,-46.47464255783044,-16.721664681616453
train,data\train\images\9616_jpg.rf.34375372923b33ab7464c24ffefd6fe9.jpg,0,0,0.27974008396257766,0.3330518873394826,0.3063959856510301,0.05331180337690494,0.00885314888521645,0.02889446761649074,-179.89552857315925,-24.75778588903137,-7.1954645171166565
train,data\train\images\9617_jpg.rf.3c20008c09e8d6c0ea44a2af371fb2b1.jpg,0,0,0.2918051124470719,0.3486836179581863,0.3202443652026291,0.0568785055111144,0.018386740133076805,0.057414718667861374,168.63405133556546,-19.620427409337424,-0.062284086065425306
train,data\train\images\9618_jpg.rf.a4031f47a2a4d118d7b4fa81e59f9cfa.jpg,0,0,0.320876349248387,0.367696508899141,0.344286429073764,0.046820159650754034,0.021996442244502135,0.06388994856311736,170.6807153819495,-19.097164270033094,-1.9297963493438095
train,data\train\images\9619_jpg.rf.27efae7ec142620aad78c8ab5c75e337.jpg,0,0,0.3149938327544233,0.40251790852024383,0.35875587063733355,0.08752407576582055,0.0333258019661389,0.09289270139868447,23.92416826996799,-47.65415303073929,-17.534520615902938
train,data\train\images\9622_jpg.rf.72c1f328a6941bc53cd735b551856285.jpg,0,0,0.26871258009970594,0.3589364348692256,0.3138245074844658,0.09022385476951966,0.02372187037945388,0.07558960442446677,172.12102229801857,-22.699964443162393,-2.4253057606900437
train,data\train\images\9623_jpg.rf.b7650c6195bfb9ca32f9245c88ecbc12.jpg,0,0,0.321730718347903,0.4048163684132263,0.36327354338056467,0.08308565006532331,0.012151903171340435,0.033451109756732614,170.20796084354063,-23.379049366951037,-2.6196983796558864
train,data\train\images\9624_jpg.rf.95fedcaca69828e0b7afa1320b94f086.jpg,0,0,0.3237329433884389,0.41965933784311715,0.37169614061577805,0.09592639445467827,0.023467192595766507,0.06313542173693033,175.45411449288113,-21.49668528419802,-3.2489340957462325
train,data\train\images\9626_jpg.rf.4519ec18c73047e1ca151e9ef8da1256.jpg,0,0,0.3015919900927602,0.35770730899437125,0.32964964954356574,0.05611531890161103,0.025541916967288768,0.07748200855864465,175.79712427741975,-19.916678852065232,-0.8490488024147699
train,data\train\images\9627_jpg.rf.c3201218b8a47787e86a599c2a753608.jpg,0,0,0.3013309265941428,0.36491669900665635,0.3331238128003996,0.06358577241251356,0.14870329975513244,0.44639048318119534,168.0628072159656,-23.91007625571178,2.2600204586655153
train,data\train\images\9629_jpg.rf.c6ec0ee50653a200a26bbd68aba5da5a.jpg,0,0,0.31810213227501044,0.38817827806302724,0.35314020516901884,0.0700761457880168,0.0883347306534676,0.25014067885923413,172.29172062878868,-21.553250766600918,1.2628842121873858
train,data\train\images\9630_jpg.rf.07b0548fbdda5180d0750395eaffee08.jpg,0,0,0.2844716626003536,0.2920937678487313,0.28828271522454246,0.007622105248377697,0.16494868675268,0.5721768182466369,174.21853217244285,-7.528591571680351,-4.144967984878187
train,data\train\images\9631_jpg.rf.fab2209ddb1d8efd5defebaf35bd2b9f.jpg,0,0,0.27980274101784774,0.28802631459307304,0.2839145278054604,0.008223573575225296,0.31688425409441556,1.1161255344832026,-165.60234644085082,-10.25686928293053,170.65617101436433
train,data\train\images\9633_jpg.rf.9efcce3971bc57c5047d176b66a2e43e.jpg,0,0,0.3483550799451034,0.4035843497748318,0.3759697148599676,0.05522926982972842,0.39623634394028895,1.0539049510620018,168.6271874923975,-20.505463380135907,4.0998686140344445
train,data\train\images\9634_jpg.rf.f05a3b1f1f6cffa3be4efdff7fe7cdca.jpg,0,0,0.3385022784213093,0.3869527050689043,0.36272749174510677,0.04845042664759497,0.033359523584507576,0.09196855585445875,177.31175953108638,-11.011356155177689,-9.894610061212967
train,data\train\images\9636_jpg.rf.17676c0ff5b7c97a91940ad256ac117f.jpg,0,0,0.29412526239876546,0.3414433539687368,0.31778430818375114,0.047318091569971354,0.13799446558616346,0.43423939455931687,172.87725436850997,-15.53236124014997,-2.6401457620939754
train,data\train\images\9638_jpg.rf.b7cfb8ecea3c935896662fed26dad0da.jpg,0,0,0.34653187215288866,0.39312905218482835,0.3698304621688585,0.04659718003193969,0.02597747431964482,0.07024157547028653,173.34487025847903,-20.880595223062947,5.07404775043161
train,data\train\images\9639_jpg.rf.163168ea8190530b8b6a3f1fc37d95b2.jpg,0,0,0.30364623206781294,0.36160907991461316,0.332627655991213,0.057962847846800225,0.04039317692598208,0.12143661598315547,170.41907333413343,-18.867007631096392,-3.1194278944937057
train,data\train\images\9640_jpg.rf.976fc1eeb0ad08f881497fe3d5dbd848.jpg,0,0,0.3016909902798321,0.3643835282156445,0.3330372592477383,0.06269253793581242,0.13139145846637665,0.39452480110832805,165.2480520186261,-18.367089014510483,3.609534893290693
train,data\train\images\9642_jpg.rf.6fe806e12e9b04b54dc7fbf8f8d8b5ef.jpg,0,0,0.4144957653040297,0.4010306630080854,0.40776321415605754,0.013465102295944331,0.015146788605798725,0.03714603985832279,175.07793946324102,4.1807648637520805,0.9047930725719252
train,data\train\images\9643_jpg.rf.26856c978d34911e7b7fa3970e70dd10.jpg,0,0,0.4173128259155182,0.4079862898637115,0.4126495578896149,0.009326536051806722,0.05205953211050895,0.1261591854762996,169.50816369078865,4.382669718696109,0.888811927374441
train,data\train\images\9644_jpg.rf.7032b599262eb72d0cd076ab0a2a1cac.jpg,0,0,0.42197782870728195,0.41631437303737284,0.4191461008723274,0.005663455669909112,0.2586657852571396,0.61712559109772,170.8996859077114,5.10063942842242,-0.4573375245736601
train,data\train\images\9645_jpg.rf.8552690348604e4cf95334d49fdd1396.jpg,0,0,0.43683237720303464,0.43692838669495987,0.43688038194899725,9.600949192523078e-05,0.15587863322440157,0.35679934294371524,171.83898177129421,8.269611980192701,-4.483197811456344
train,data\train\images\9646_jpg.rf.8074f172dca004e45507323aede634bb.jpg,0,0,0.4283750926801748,0.411744219392365,0.42005965603626993,0.016630873287809822,0.11177426820192918,0.26609141486388793,170.9456572667881,10.341184953330092,-3.07106134239399
train,data\train\images\9647_jpg.rf.53aa163a07b728f3a13c3282e62474ca.jpg,0,0,0.43010670169667115,0.4280946913763255,0.4291006965364983,0.0020120103203456474,0.19530720390787026,0.4551547118993266,171.07332330350636,9.819504187525448,-1.722481367007266
train,data\train\images\9649_jpg.rf.3315110797c9d6c59d2e7cfbc2321009.jpg,0,0,0.4228893655896836,0.4798205581888233,0.45135496188925345,0.0569311925991397,0.2012497385908669,0.44587908759989764,172.6437876514668,-30.077757606926234,7.203126690799619
train,data\train\images\9650_jpg.rf.6c76be9aa838d8c5ff152b97b158dbf3.jpg,0,0,0.39150073612968633,0.3937283980152978,0.3926145670724921,0.002227661885611465,0.06945524071157981,0.17690439055654203,173.9051028110712,7.988855503725528,-0.13713356524451037
train,data\train\images\9652_jpg.rf.00ad964ab3ff9e56a56ce6dd40e4f49e.jpg,0,0,0.4137656368092035,0.4131720128805286,0.413468824844866,0.0005936239286748468,0.22194191162781793,0.5367802801362129,172.20140439639178,10.663001920020427,-0.600248047384742
train,data\train\images\9653_jpg.rf.78bc17cbfd2f28c16672f820dee12289.jpg,0,0,0.43169406201746957,0.4251932788985659,0.42844367045801773,0.006500783118903675,0.01845156982807635,0.04306650115370156,173.66010136546177,10.085058038372956,-0.950388875639062
train,data\train\images\9654_jpg.rf.92bc56ee7d7e16428efc3eecf3b1f961.jpg,0,0,0.4216705923157825,0.42048632985448425,0.42107846108513336,0.0011842624612982688,0.008847563575665813,0.02101167452941037,171.67787959574085,6.198972920959316,0.031804513397998106
train,data\train\images\9655_jpg.rf.23b8b8f2ecfbd358caa82911937bb28c.jpg,0,0,0.41006553427472736,0.40142243591872745,0.4057439850967274,0.008643098355999912,0.009815818517433763,0.0241921479503725,173.2926003723701,8.077904570455226,-0.23980960738540313
train,data\train\images\9656_jpg.rf.f91b0997d99eaf24697c0ea0d49c0e23.jpg,0,0,0.40941844063030125,0.39720632851740284,0.40331238457385205,0.01221211211289841,0.009538356575720061,0.023650046317815112,174.17261269003495,7.195965628315907,0.12046454653004002
train,data\train\images\9658_jpg.rf.2c749cf7b364d4a3a548adbc28c24b8c.jpg,0,0,0.42009430951505794,0.4107951567344149,0.4154447331247364,0.009299152780643027,0.2768613258707511,0.6664215569381742,168.985726710988,6.9914396905646,0.15996037900742124
train,data\train\images\9660_jpg.rf.ba602f63890fc81bc17c3df4b9976f5a.jpg,0,0,0.40418116495343825,0.4793493298046992,0.44176524737906875,0.07516816485126093,0.2549249819728122,0.5770598377424353,172.9260722705386,-29.725034981968424,8.020930371290644
train,data\train\images\9664_jpg.rf.bdb9b3b235be0ae382c96daa870d3271.jpg,0,0,0.43013352382602066,0.4933522468476892,0.4617428853368549,0.06321872302166853,0.015562241672186365,0.03370326250037021,172.04836378848105,-23.537252688288905,6.2662321566521
train,data\train\images\9665_jpg.rf.7b07a111eb1fe3e64ed387828559d00c.jpg,0,0,0.4236495814801589,0.4756250515000548,0.44963731649010685,0.051975470019895886,0.010948340041327321,0.024349269154950604,171.9417250001449,-24.173805096412188,6.505564502975969
train,data\train\images\9666_jpg.rf.1957bdb658cae1984399c3bc7c0d4fca.jpg,0,0,0.41461616064416595,0.4607228101190455,0.4376694853816057,0.046106649474879524,0.013558666401014035,0.0309792362818993,171.48847290578266,-20.89459495953192,5.576597867670463
train,data\train\images\9670_jpg.rf.b90ced45f27ffd3efa17e476ffc89abd.jpg,0,0,0.5017959363333137,0.4502134790687734,0.47600470770104353,0.05158245726454025,0.2789234012866277,0.5859677368187008,171.12842658578725,24.93272014488148,-2.6506796460180193
train,data\train\images\9672_jpg.rf.66b065b5a9cd31dc9a909f2c69d78f0e.jpg,0,0,0.5024337809318523,0.4518431528720742,0.47713846690196327,0.0505906280597781,0.14509796702874947,0.30410033374769274,171.1082710624206,22.439368326692197,-2.176904113027507
train,data\train\images\9673_jpg.rf.0390e9c85bcc83755fbc20b4c3cfd417.jpg,0,0,0.48173014013250065,0.45518832265353987,0.46845923139302026,0.026541817478960783,0.10844422726642072,0.2314912803488762,174.0225608048683,22.378033843996736,-1.0005515438009178
train,data\train\images\9675_jpg.rf.3903dd756431dab1bc6807fe8b9db1f1.jpg,0,0,0.46430807687836806,0.44901246543840967,0.45666027115838886,0.01529561143995839,0.09530915290112954,0.20870909715741912,172.92864577574022,20.32175256578943,-1.487703358220802
train,data\train\images\9676_jpg.rf.6a070c4728c54fe8f23ce6d7d2bd9e42.jpg,0,0,0.47532923673870364,0.43704171364792355,0.4561854751933136,0.038287523090780096,0.09333041207236938,0.20458874108786473,171.49875029766812,20.66287357345237,-2.29240952648604
train,data\train\images\9677_jpg.rf.77248c327f3e52337e929b65bbaf21f7.jpg,0,0,0.4442512077294686,0.4206988548612704,0.43247503129536946,0.02355235286819818,0.1428437520270915,0.33029363937899303,170.7823550518127,17.75753011484208,-1.8383108954773588
train,data\train\images\9679_jpg.rf.f60c4e939b7afcd0596da483ae8b5aea.jpg,0,0,0.37713512161508544,0.3543173042175165,0.365726212916301,0.02281781739756894,0.01835934611790234,0.05019969985608881,170.58741508773946,6.2045871859413495,1.1361089935096813
train,data\train\images\9680_jpg.rf.b699070bcc8bd8ff8a130d50d7373318.jpg,0,0,0.40448120691640504,0.40750069200246325,0.40599094945943415,0.0030194850860582045,0.22788160295035817,0.5612972487533929,169.33451174783735,0.6873247949666944,1.3029521921550364
train,data\train\images\9681_jpg.rf.bf7e33ec2bfe5c85ba9392bef5827e3d.jpg,0,0,0.39941124224530555,0.40541179401201033,0.40241151812865794,0.006000551766704776,0.20377574545968172,0.5063864633082671,170.20008792710604,-1.749510525100041,1.6946910830903812
train,data\train\images\9682_jpg.rf.a0e7ac614ce0799db6cb8fd1f958d5ed.jpg,0,0,0.4647156889572855,0.43061000700301794,0.4476628479801517,0.03410568195426755,0.14997201697897503,0.3350110862575409,173.51019962118826,20.23705101138335,-1.5447222170712611
train,data\train\images\9683_jpg.rf.4f1cc33bfaa8a99f408d0014bc7ad28a.jpg,0,0,0.41937497726758455,0.42992402003562463,0.4246494986516046,0.010549042768040084,0.16279955469446353,0.3833739477178313,171.0891459075834,-0.1257487875326686,1.466173719942896
train,data\train\images\9685_jpg.rf.1d4b965b7cb7ec73c86cd200421c2549.jpg,0,0,0.4222589309103385,0.42479284154868063,0.4235258862295096,0.0025339106383421295,0.06691773342079352,0.15800151914334382,171.01866540550688,-2.5031348056283798,1.8354341307444744
train,data\train\images\9686_jpg.rf.2f9dcd134f5f1d4a81eeb2b95ccd80d2.jpg,0,0,0.4316972162595472,0.4402172864860232,0.4359572513727852,0.008520070226475995,0.03573096748682898,0.08195979622845082,171.63713928709157,-1.7749483463157392,1.5305657245574698
train,data\train\images\9689_jpg.rf.7df2f823bbfe21b8c697a2a4176d0a4d.jpg,0,0,0.37143279198439083,0.380502400801325,0.37596759639285793,0.009069608816934194,0.15778485394194477,0.41967673665437766,169.69312225004577,-0.6688544675598047,1.974541303886688
train,data\train\images\9690_jpg.rf.4ed73e1241d8a719140ea3177279b9e5.jpg,0,0,0.39046946491895523,0.39212404142179574,0.3912967531703755,0.0016545765028405102,0.16322792651849186,0.41714613064376843,169.8545375533712,3.092922750113524,0.6177962000380461
train,data\train\images\9691_jpg.rf.2cf892ea542c64ed244c836f3ac351d9.jpg,0,0,0.3847048147474303,0.38696376895993984,0.38583429185368506,0.002258954212509545,0.17950861574872393,0.4652479562827367,169.36649852623026,-0.5725981852062695,1.7255424866559523
train,data\train\images\9692_jpg.rf.30272b934bac83c7ef2d449161c0ebe9.jpg,0,0,0.3990146342896607,0.4048019540157081,0.4019082941526844,0.005787319726047402,0.16511563157919967,0.41082912192021714,169.8337724317291,-0.7092364166262429,1.535395571139676
train,data\train\images\9693_jpg.rf.0bf9bdc5463bf1a9b588686f60a97f5c.jpg,0,0,0.5578057402544158,0.46880078027598693,0.5133032602652013,0.08900495997842883,0.19373981398432258,0.377437333798008,169.3479366340271,28.287812791134787,-2.3857310634419058
train,data\train\images\9694_jpg.rf.b9a3d9e3bf2c1b58c59a9f2262edf5b7.jpg,0,0,0.4002141599664388,0.41851023732652004,0.4093621986464794,0.018296077360081264,0.14142548208040287,0.3454776297079065,170.75957111492175,0.20977861498037076,0.9758489324905457
train,data\train\images\9695_jpg.rf.5e07da5ec2bcaf0ebb9c23d26a585f70.jpg,0,0,0.41223846732070624,0.4131834933414541,0.41271098033108017,0.0009450260207478633,0.12150868168790269,0.29441591689764934,170.8233434975657,-0.49878023371955194,1.3936465427873856
train,data\train\images\9696_jpg.rf.ae50237a2f83427d311f56863a2d20d3.jpg,0,0,0.4066013114730133,0.4132565583878106,0.40992893493041194,0.006655246914797297,0.13254739520147021,0.3233423745117455,171.67119183947352,-1.3200993475082445,1.5177575977885327
train,data\train\images\9700_jpg.rf.d998a8bb5db427f1a3470f6c03d6de88.jpg,0,0,0.5619598509042043,0.4639320087928411,0.5129459298485227,0.09802784211136323,0.21252881018182349,0.4143298500186658,169.45188577057348,31.313203315626936,-2.409975933797916
train,data\train\images\9701_jpg.rf.918dc3eb78d468c1fb3f7745a532bac0.jpg,0,0,0.5828026116915992,0.4684939840122944,0.5256482978519468,0.11430862767930478,0.2751095532861009,0.5233719093362076,168.8287444802719,30.025279711022197,-1.3904558391622865
train,data\train\images\9703_jpg.rf.1a57ebc522c52e13c152788c7e667f2c.jpg,0,0,0.5601087599194399,0.47026078851154646,0.5151847742154931,0.08984797140789341,0.2878247839160769,0.5586826286828201,170.37841587508484,30.460702214465563,2.023594664988541
train,data\train\images\9706_jpg.rf.1e2e3691392250cc81a6aac015befc49.jpg,0,0,0.5442873827513132,0.4714938206713414,0.5078906017113273,0.07279356207997179,0.24599300510059022,0.4843425026407689,167.46097024913252,27.396672905178047,-2.5523749749977744
train,data\train\images\9708_jpg.rf.dcaf2af2e8d3359732676b52bc451452.jpg,0,0,0.5505045503703003,0.46385231109121194,0.5071784307307561,0.08665223927908838,0.21712466624260665,0.4281031153666525,169.77950848193535,29.379857257167952,-2.2103706591458847
train,data\train\images\9711_jpg.rf.b7324c115d1b2ca1b1de5f0390d8623b.jpg,0,0,0.42517822327137766,0.3750352033168737,0.40010671329412567,0.05014301995450399,0.012445620725509988,0.031105753320267306,172.49290870645817,18.289716602526127,-1.0561337024340474
train,data\train\images\9712_jpg.rf.cf6ae42aea2f4f3923e6ed53202964cb.jpg,0,0,0.4274311126704854,0.4134437858629767,0.42043744926673104,0.013987326807508693,0.011295291056157586,0.026865568411798886,170.2678889472876,11.127242160896767,-0.3809385717459661
train,data\train\images\9713_jpg.rf.0672dcd6cee33cf3ab77e844e5783acf.jpg,0,0,0.40787073897767934,0.39885543783975647,0.40336308840871793,0.009015301137922871,0.006442106183612412,0.015970985865431456,171.4186698321633,4.735240331754735,1.1585226961150716
train,data\train\images\9714_jpg.rf.b0dc40b097e965bd3207b8007090db9c.jpg,0,0,0.3675092688833407,0.7080962367828394,0.53780275283309,0.3405869678994987,0.015509410952454353,0.028838474460668638,-177.3473087279657,-43.94940996313073,3.2558433049165885
train,data\train\images\9716_jpg.rf.2940fc32fd1fe74bf7dbf84b862b13e7.jpg,0,0,0.4353117442390771,0.8167183175308923,0.6260150308849847,0.3814065732918152,0.013309879800356226,0.021261278313941312,-178.32391294696137,-44.22468335171959,4.379289441360346
train,data\train\images\9719_jpg.rf.5080b8da5a3664f868045f89628542b3.jpg,0,0,0.4292267789704201,0.7322751606497424,0.5807509698100812,0.3030483816793223,0.011848392366995242,0.020401846889502286,-177.92825791837774,-43.662555084075166,3.882898952548598
train,data\train\images\9720_jpg.rf.f5c5992ab527cf5682defaffe5930e4b.jpg,0,0,0.4060231612714294,0.5965137343518907,0.50126844781166,0.1904905730804613,0.011280520893795293,0.022503951611240625,-172.27929293942003,-45.279247527730135,-0.7159483524501549
train,data\train\images\9722_jpg.rf.e1f0f16b0edb7d846bb54b5874dc7a42.jpg,0,0,0.4018655061955146,0.8118066470577827,0.6068360766266486,0.4099411408622681,0.010166362507828354,0.016753062152043297,-179.73677243778607,-45.02600224806737,5.280236953295657
train,data\train\images\9725_jpg.rf.505d35df6685ccd263c96c807e580217.jpg,0,0,0.3976158328750361,0.5531405294520729,0.4753781811635545,0.15552469657703683,0.17499338331683376,0.36811404109568724,-179.58339266862095,-40.043082972917716,2.297678557269703
train,data\train\images\9726_jpg.rf.7c91cee64dd89adbb05c7a2a9a9d0796.jpg,0,0,0.39538197157259564,0.6057110615642786,0.5005465165684371,0.21032908999168293,0.028646581470303602,0.05723060798963108,-178.4589206896783,-40.184678521418576,4.328563523813958
train,data\train\images\9728_jpg.rf.979a750ba83284991f2a6489fd3a373f.jpg,0,0,0.40288148475784324,0.5218348597443522,0.4623581722510977,0.11895337498650893,0.22064742870980694,0.47722186381076365,-176.89146238500234,-33.2017019725448,4.4484543627579205
train,data\train\images\9729_jpg.rf.2ebd611ff8d15904bc079e94c164cf9a.jpg,0,0,0.40533472684849703,0.5296630466156339,0.46749888673206547,0.12432831976713687,0.005322895526350905,0.011385899897129768,-174.3537530125796,-36.932222738098034,3.0769084617176383
train,data\train\images\9730_jpg.rf.aeecbe89f970e8cbc6dc77f4cc2890bb.jpg,0,0,0.3838192251102323,0.5556643653661234,0.46974179523817783,0.1718451402558911,0.3065154823514881,0.6525190763493219,-176.90863299582287,-38.53490177788483,3.5748073790865154
train,data\train\images\9731_jpg.rf.1360c7ec9767f0bada6c8a1622db0fe3.jpg,0,0,0.37411968962449205,0.4782486517946643,0.42618417070957815,0.10412896217017226,0.28842878158471197,0.6767702824450063,-176.08674034969962,-32.83025234187418,0.7138514812810693
train,data\train\images\9732_jpg.rf.fb2637185e0581fbafa778c75661682d.jpg,0,0,0.3914081006092403,0.5309259136054879,0.46116700710736414,0.1395178129962476,0.28008278849472273,0.6073348357063123,-178.24467500356843,-38.85723154707573,3.2119908530954717
train,data\train\images\9733_jpg.rf.302612b6080ab2f89eb3ffad7c0eb739.jpg,0,0,0.429604558882364,0.3883921744566521,0.40899836666950806,0.0412123844257119,0.01410953195696326,0.034497770912529084,-176.204108416857,25.468357281224417,2.212024396734613
train,data\train\images\9734_jpg.rf.c985c6a938a9bbc034339045806c8d50.jpg,0,0,0.4052325458938434,0.5671398970862356,0.4861862214900395,0.1619073511923922,0.32245306043174554,0.6632295325924855,-178.1464501004771,-38.737877440918496,3.790412373928644
train,data\train\images\9736_jpg.rf.fce873eb38991be50e81ea403f229c67.jpg,0,0,0.37739544793043295,0.4979375130296514,0.4376664804800422,0.12054206509921844,0.22333477601772736,0.5102853107982336,-176.38167599288377,-36.25241063634248,2.521435699858803
train,data\train\images\9739_jpg.rf.9bd8fd0903e03ae1bae73bd0c76a26cb.jpg,0,0,0.24364572651153538,0.3440434810657469,0.29384460378864113,0.10039775455421152,0.3666428792195191,1.2477441290133096,-149.79967838903787,-45.105541583713965,167.17110074193434
train,data\train\images\9740_jpg.rf.137eddff96cd33fd29d972b7323cf562.jpg,0,0,0.37824091738058535,0.5456775194810835,0.46195921843083443,0.1674366021004981,0.31179642309074357,0.6749436111478452,-175.4103221799232,-36.59867479891463,3.9922459499185714
train,data\train\images\9741_jpg.rf.60186687fcfb29faea6e7a142c8b0dd8.jpg,0,0,0.3496862265375544,0.773200585119134,0.5614434058283442,0.42351435858157965,0.11181908228733246,0.19916358643905785,-179.43069639972745,-46.57341234894905,-4.491793603487213
train,data\train\images\9742_jpg.rf.455596a70d3dd64b392432419c54a256.jpg,0,0,0.39466183872980315,0.6151777693138131,0.5049198040218081,0.22051593058400992,0.10013211192346917,0.1983129026152128,-179.44408384815355,-40.78966416857656,-1.2855000884098278
train,data\train\images\9744_jpg.rf.94a5b51b92f0346657096aa4995a2252.jpg,0,0,0.40976748981079086,0.5603037629085219,0.48503562635965636,0.15053627309773104,0.15180667895649874,0.31298047134363144,-179.7186633637708,-38.513080900266374,-2.271690371556029
train,data\train\images\9745_jpg.rf.4479119174031b8f00694706e1461d42.jpg,0,0,0.31392597711336573,0.3419291893743378,0.32792758324385174,0.028003212260972077,0.16871598602209423,0.5144915970567641,-178.50665874561432,-29.277506597385962,-3.6690637895500458
train,data\train\images\9746_jpg.rf.ea76f80584536dabd6c58fef93c97163.jpg,0,0,0.33581360558090145,0.40314251227992526,0.36947805893041336,0.0673289066990238,0.06816857349563869,0.1844996525449361,-176.43878189236804,-20.419724713032508,-5.949046055039066
train,data\train\images\9748_jpg.rf.598b2cfb51e590c482b36eb519b8e6c6.jpg,0,0,0.3903421074950216,0.5038247611782428,0.4470834343366322,0.11348265368322125,0.22743606941403444,0.5087105715547181,-175.52885171001537,-33.448401684603006,-10.524134279973284
train,data\train\images\9751_jpg.rf.a796d6ff9c54c483e6537f8c7ad37aa9.jpg,0,0,0.38108766688918955,0.47051354009861945,0.4258006034939045,0.0894258732094299,0.24328030185473723,0.5713479498584597,-167.20646398711577,-40.94517736702916,161.2270127322892
train,data\train\images\9873_jpg.rf.2c43a07dc571b0fca35cb0566fbdd67c.jpg,0,0,0.3373969355867522,0.45041042702399225,0.39390368130537223,0.11301349143724004,0.25351899948451095,0.6436065757099929,175.4550678221268,-29.843198774395578,3.2164361783502904
train,data\train\images\9876_jpg.rf.622c047fb0681c87a6a0279e34baadf6.jpg,0,0,0.4286918000670685,0.5212813498569132,0.4749865749619908,0.09258954978984474,0.014882153455620524,0.03133173491653194,-177.099263145762,-34.40173607779326,5.8353383854623
train,data\train\images\9877_jpg.rf.0aab2be85750d2f418b401a0a2d00809.jpg,0,0,0.3307211461928868,0.34565639891112543,0.3381887725520061,0.014935252718238645,0.00746338442822882,0.022068693682257334,-177.3952147724111,-16.54862519141484,4.3247014403686475
train,data\train\images\9880_jpg.rf.37987218cb4bb29f6909337b9f31a9a9.jpg,0,0,0.4232770896167075,0.4971412456379088,0.4602091676273081,0.07386415602120128,0.016993902987787527,0.03692647644418445,-179.76518999351077,-36.242463823026654,7.33911147398283
train,data\train\images\9881_jpg.rf.10a2e57182ea34cf7ddd9fe03a652a1b.jpg,0,0,0.41786420891487097,0.486171565712453,0.452017887313662,0.06830735679758204,0.010103912872564638,0.022352904953855026,-179.5799706245646,-35.40006265856786,7.51719217307811
train,data\train\images\9883_jpg.rf.306cdf382c9d4fc3750987119193df75.jpg,0,0,0.15122125287603824,0.21564013666007664,0.18343069476805746,0.0644188837840384,0.01350933562692573,0.07364817346414064,178.72007859989432,-31.401016396091563,5.439704778731959
train,data\train\images\9884_jpg.rf.0998c478efd23b109313acaaf2dc56d0.jpg,0,0,0.3872596651481931,0.48418018667907614,0.4357199259136346,0.09692052153088304,0.025071739242508672,0.05754095177065237,179.5428552221627,-35.50805393995663,6.1113622994838455
train,data\train\images\9885_jpg.rf.b273b4ff79df4b0dcbb07ab7ab347272.jpg,0,0,0.40862170420688754,0.4900633596068095,0.44934253190684853,0.08144165539992199,0.017934862262968015,0.03991356479623438,-179.6831732449201,-35.051164244201566,5.741389600767754
train,data\train\images\9887_jpg.rf.08c1bfafe7bbdb3692101ea8fd993d31.jpg,0,0,0.42330974224208473,0.5028702603478868,0.4630900012949858,0.07956051810580211,0.025626481837927314,0.05533801586358023,-178.2216291263692,-34.43200232703696,6.835390161532951
train,data\train\images\9888_jpg.rf.3fcddaca764d6d727f548acb905f1900.jpg,0,0,0.29117291523441996,0.3190136914633282,0.3050933033488741,0.027840776228908237,0.008077270448075647,0.026474754966480833,-178.42337124819383,-0.5246492022196677,3.77011460968449
train,data\train\images\9889_jpg.rf.8e0dbec4b0bd2748bdc0f2061adeacef.jpg,0,0,0.37838925506855775,0.42266461816441286,0.4005269366164853,0.044275363095855114,0.13637498085200941,0.3404889119419998,-177.47713346053717,-27.720636191859725,5.950104280024631
train,data\train\images\9891_jpg.rf.069411a3c99c3b4e0a5594b7e48484d5.jpg,0,0,0.21671200923144637,0.19156337628301118,0.20413769275722876,0.025148632948435196,0.09385135865952815,0.4597453679029335,-173.93007572924301,6.986566383309142,2.621489873892028
train,data\train\images\9892_jpg.rf.2c0fcaa980b3f96e5729fdd1578835d8.jpg,0,0,0.3624095855051648,0.3856023852092164,0.3740059853571906,0.023192799704051636,0.10967198934301593,0.2932359203777844,-176.6505227437414,-24.02699662796054,6.555823569106975
train,data\train\images\9893_jpg.rf.40688c31c3f8e60d4a496dc7731a7804.jpg,0,0,0.5316922906070378,0.33328813217499365,0.43249021139101573,0.19840415843204418,0.016517426768534675,0.03819144649634907,-177.14357114051373,36.38599971143613,-4.318963695484477
train,data\train\images\9894_jpg.rf.8e267ba53a81071cb33b9b7778cee92d.jpg,0,0,0.15207864689809944,0.23313819756791,0.19260842223300473,0.08105955066981055,0.06126928382063168,0.31810282806071805,179.00436273026563,-32.123830852945055,6.745987630374103
train,data\train\images\9895_jpg.rf.5e1bd6ce70c4236254e60c2d9550c595.jpg,0,0,0.41735240050259176,0.6733522746021784,0.5453523375523851,0.25599987409958663,0.06579702616943463,0.12065048893847335,173.6113004673753,-46.35940605184477,17.420040866371913
train,data\train\images\9896_jpg.rf.3fb1c4b28aece99c3c48260dcbbe4985.jpg,0,0,0.3480638448369775,0.3872636478133071,0.3676637463251423,0.03919980297632958,0.012787190050621636,0.034779578292479574,-179.23962309179382,-25.03776759572061,5.837706402836019
train,data\train\images\9897_jpg.rf.07b76add5cfaa6aa14602668b319b1a7.jpg,0,0,0.4236154628879567,0.5068053985447495,0.4652104307163531,0.08318993565679278,0.03278502485793294,0.07047353776536998,-177.48860779349138,-34.67892970368184,7.829128471786765
train,data\train\images\9898_jpg.rf.976f763c3d625c476d8acab30976f88f.jpg,0,0,0.2732409392009546,0.22425132004081794,0.24874612962088627,0.048989619160136666,0.023351522942971034,0.09387692977800727,-174.3428475032452,14.401685747994025,0.516907103576492
train,data\train\images\9899_jpg.rf.ece59d1a253406ee7b811ff59eb0e494.jpg,0,0,0.3448471254996251,0.3196563354894648,0.33225173049454493,0.02519079001016028,0.01559328481533893,0.046932140254405535,177.70788160826044,-2.014735744569782,5.249491383584928
train,data\train\images\9903_jpg.rf.d24d9cf91cbb6028c1bc41f7c52a9ead.jpg,0,0,0.3732995206630905,0.4340806122890843,0.4036900664760874,0.060781091625993766,0.01617650228150604,0.04007158863906366,170.24307167086698,-23.709459095961478,8.989585352627437
train,data\train\images\9904_jpg.rf.3af3b3f9c3759e6d26516546bb6de6e7.jpg,0,0,0.34963105513555814,0.42381279480820744,0.3867219249718828,0.0741817396726493,0.007766281839988298,0.020082341699537615,170.8292278005286,-19.28319924183911,6.2099412721184395
train,data\train\images\9905_jpg.rf.b0a823754fa8c05a0fae7c37c2330765.jpg,0,0,0.339054488159996,0.38565504827581787,0.3623547682179069,0.046600560115821865,0.06657678889321583,0.1837337182580663,169.03777577047376,-17.001237166511693,5.571181980227588
train,data\train\images\9906_jpg.rf.62f2ecf6fce853aee29c3eee01f28b19.jpg,0,0,0.3407125345566121,0.3810325432566652,0.3608725389066386,0.04032000870005309,0.11263795274487662,0.31212669461118847,168.15534259997088,-13.92148709013741,4.038456110965914
train,data\train\images\9907_jpg.rf.9e85d98b867b9817af33d6a6f58f324e.jpg,0,0,0.16613135155167785,0.1326364643075159,0.14938390792959688,0.03349488724416194,0.18579993877600115,1.243774790411607,166.93723258298155,-4.98616762936405,2.130322440161198
train,data\train\images\9909_jpg.rf.57dbf5612806094e5b394b585c0672bc.jpg,0,0,0.4241171065307924,0.33417573569320097,0.3791464211119967,0.0899413708375914,0.015922074679159594,0.04199452716040895,176.6729822874527,31.21938450439593,-0.34186617733055313
train,data\train\images\9910_jpg.rf.8ec76cde4b52ee0483fc2d23ccf04ef6.jpg,0,0,0.46636193726881336,0.4086698907362697,0.43751591400254153,0.05769204653254367,0.12331263350636247,0.28184719586141993,174.25749199072015,28.016205792917162,-4.184186979743337
train,data\train\images\9911_jpg.rf.68cdacda0d0e50200488e636ac5b9b69.jpg,0,0,0.4950073211583015,0.41284214148710197,0.4539247313227017,0.08216517967119952,0.18759143555437638,0.4132655099177993,178.5897910068917,30.557482610649018,-1.2193312355680737
train,data\train\images\9913_jpg.rf.d99f56cf9877b20d53da1d701d33ee25.jpg,0,0,0.5357644294088906,0.40646899797786085,0.4711167136933757,0.12929543143102973,0.020944608266316455,0.04445736620575122,-177.61839022135567,33.5805691214108,3.0792069116098593
train,data\train\images\9914_jpg.rf.e64a5c6328f3f51ea2bf0367f26f493e.jpg,0,0,0.48382257255660516,0.38963402473075387,0.4367282986436795,0.09418854782585129,0.006421667531102851,0.014704033494156969,-178.82371493843152,34.3777144419657,1.1945632340829957
train,data\train\images\9915_jpg.rf.920391f87d0fd99eb6b6f01a59df6ed5.jpg,0,0,0.48653171255780964,0.3903083301758685,0.4384200213668391,0.09622338238194111,0.07919690056031223,0.18064161466304438,179.00505357115628,32.963190624600394,-0.249660261871078
train,data\train\images\9917_jpg.rf.82f35c124736862cdffa5ba3b997e4c0.jpg,0,0,0.5061800571579758,0.40571183838121977,0.45594594776959774,0.10046821877675599,0.20435885224709188,0.4482085063959383,178.95459483409664,31.0692593029694,0.06552803894062416
train,data\train\images\9918_jpg.rf.65a2afb7760da106fe756a08103fb646.jpg,0,0,0.42421217215312856,0.35102802268750977,0.38762009742031917,0.0731841494656188,0.011839511861812263,0.030544112497278456,175.49845178393207,25.91926012198987,0.29390080360041837
train,data\train\images\9919_jpg.rf.d641c967d5d241b83e1476d68a4f78c2.jpg,0,0,0.3996762887959334,0.3507647060772837,0.37522049743660857,0.048911582718649704,0.15700255616539227,0.41842745062699294,168.54040031041905,16.98615972072529,-0.5945888731566983
train,data\train\images\9921_jpg.rf.cf7e78af9b3be1fda3108f144f6c0dd8.jpg,0,0,0.3718031374706189,0.3549517773245925,0.3633774573976057,0.016851360146026395,0.20543071936549542,0.5653369937604968,168.38362493086353,5.234782518260033,1.1085727193178183
train,data\train\images\9922_jpg.rf.6c59b8c6d749af77a936a2702bceeebc.jpg,0,0,0.3370901930137447,0.288334011865368,0.3127121024395564,0.04875618114837671,0.18747231462980915,0.5995045064367004,167.17914560216357,3.7566563460342963,0.8393368863939719
train,data\train\images\9923_jpg.rf.99112d90c1f98032a2ab38d84d9683c2.jpg,0,0,0.3849797300759332,0.3586237670604904,0.3718017485682118,0.02635596301544285,0.20339500539024835,0.5470523099299865,162.2734557209675,0.5174175808847888,0.8205486122822363
train,data\train\images\9924_jpg.rf.ea01c7c721d715b0df9bfe819603dbd5.jpg,0,0,0.3815736112411443,0.3769554879352027,0.3792645495881735,0.004618123305941579,0.007491507069189349,0.01975272162221342,166.15510295674477,1.1813683259590269,0.636938281011173
train,data\train\images\9926_jpg.rf.77d4c2d5c158fdaab5fb799a7e90b1d4.jpg,0,0,0.3714123563233502,0.3815859176603266,0.3764991369918384,0.010173561336976444,0.03635955227279791,0.09657273735951777,166.36918358080064,-2.559090904055425,1.170399774470888
train,data\train\images\9927_jpg.rf.6368bbe8152471ffcb70ade3572b3c0b.jpg,0,0,0.4738288984220622,0.3629505929468902,0.4183897456844762,0.11087830547517202,0.013096646171270829,0.03130250276532235,-179.05852410231682,33.01898662667623,0.5860318065446861
train,data\train\images\9929_jpg.rf.d6fd11a1e98a166871cebde33825ec48.jpg,0,0,0.33540420919986375,0.39677213415155743,0.3660881716757106,0.061367924951693686,0.0465930889355413,0.12727286085827033,169.12730157845712,-23.357057560077138,6.401891505597216
train,data\train\images\9931_jpg.rf.9deffb85161526c8dd856bd5df9c8946.jpg,0,0,0.3680823965761964,0.41981579696926913,0.39394909677273277,0.051733400393072726,0.039946245793849845,0.10139951105636023,-178.39148640644854,-26.262542988285702,4.067566457050281
train,data\train\images\9932_jpg.rf.b9a5ed13147c65bc1388b34d624adea6.jpg,0,0,0.21384155893259024,0.2993991105464508,0.2566203347395205,0.08555755161386056,0.016671279898299075,0.06496476561462311,-178.9501247846269,-34.22749271777326,3.755778038657447
train,data\train\images\9933_jpg.rf.0e40fe37dc4318787398febf3ff48d80.jpg,0,0,0.3954488053070079,0.4952932548262196,0.4453710300666137,0.09984444951921173,0.02422115811883812,0.0543842245761144,-177.7150138359971,-34.114391265748345,3.790020512870424
train,data\train\images\9934_jpg.rf.857264d0ffb77dd7cb09a441a582e583.jpg,0,0,0.3850861255903606,0.48390020834804903,0.4344931669692048,0.09881408275768844,0.028942241024848107,0.0666114986956732,-177.09989719187905,-33.769749452918475,3.41347236314869
train,data\train\images\9935_jpg.rf.1a583489ced64c23d7861bb73575c495.jpg,0,0,0.37663869396254956,0.4541363184915893,0.41538750622706944,0.07749762452903974,0.02044554648519686,0.04922041751063261,179.08786055685368,-30.434317641007095,-3.3215938550441626
train,data\train\images\9936_jpg.rf.e1c98f03aa15c55dd45454ba9ea5ecbc.jpg,0,0,0.39176605788684826,0.4728729372566206,0.43231949757173443,0.08110687936977234,0.030107992813898622,0.0696429214574178,179.34121575818028,-31.87814707328692,3.3237153925802803
train,data\train\images\9939_jpg.rf.1820155dec9771d91c96525d7b0b92b7.jpg,0,0,0.4694115144278823,0.8958716188125597,0.682641566620221,0.4264601043846774,0.1717844139277299,0.25164657754176867,179.93480068923392,-45.81579248273255,3.4042885313933597
train,data\train\images\9941_jpg.rf.3dc69904defcd4c7dd281aa45c3f69ae.jpg,0,0,0.38489454127251155,0.4856195418826812,0.43525704157759637,0.10072500061016965,0.023897518413391793,0.05490438093034599,-177.46665480440677,-33.575332094138126,5.62227367827474
train,data\train\images\9942_jpg.rf.d99b211bd58656cc24a1b2a3ac6cdfe0.jpg,0,0,0.41468530701250134,0.5061577870055265,0.46042154700901394,0.09147247999302516,0.05817248446958882,0.12634613833233557,-176.39534844297103,-33.7144474232708,-5.181144892034807
train,data\train\images\9944_jpg.rf.92cdf9b8f9c83041fc53df40c1c0335b.jpg,0,0,0.39048772388703273,0.4899475826192034,0.44021765325311807,0.09945985873217067,0.04484316867397139,0.10186590279283345,-178.96641234773782,-34.04744128255446,-1.5239299868118805
train,data\train\images\9945_jpg.rf.8712eb2f79fe0c21d4dcc3f9dd31332a.jpg,0,0,0.3605407851304977,0.4596082397805266,0.4100745124555122,0.09906745465002892,0.040577343316610205,0.09895114688702417,-155.53559407939855,-45.413850102388245,164.26934163206099
train,data\train\images\9946_jpg.rf.3a85e9737cabb0d0b86dd46b30ae3063.jpg,0,0,0.30267843742880174,0.40008618073105795,0.35138230907992984,0.09740774330225621,0.17776929915811812,0.5059141981951074,-176.17434999612578,-33.27014902263757,2.5494121114828103
train,data\train\images\9948_jpg.rf.ba3fad4b19acc7a0411353c472f9379b.jpg,0,0,0.3633162368547579,0.42909655740210645,0.3962063971284322,0.06578032054734856,0.03354037812996127,0.08465380259645074,-175.3962536473375,-33.06734614664983,2.7177981377340155
train,data\train\images\9950_jpg.rf.624eca6b57a1590f248d667403358166.jpg,0,0,0.27031464444827036,0.3882677191924385,0.32929118182035444,0.11795307474416816,0.19234493715535284,0.5841180929657784,-176.3327034796065,-29.747653376000795,4.456908409887786
train,data\train\images\9952_jpg.rf.fb43b887a378c8b193c9c9e44394695a.jpg,0,0,0.14033917381159652,0.2700072148984526,0.20517319435502457,0.12966804108685606,0.30063418505270195,1.4652702854179624,-173.18040112626798,-29.503750477761223,-1.5626762388095696
train,data\train\images\9953_jpg.rf.3a2a2f7a5528e71fc3c3851b5c191f35.jpg,0,0,0.33307665159327904,0.39445273852130075,0.3637646950572899,0.06137608692802171,0.09569142219148681,0.2630585746547399,-177.83277790350346,-27.23160673068461,2.3055922909041104
train,data\train\images\9954_jpg.rf.fd2b5b93cf38a228a64df5e476c3c80d.jpg,0,0,0.34551866692204314,0.4314540262091289,0.388486346565586,0.08593535928708579,0.024842470609066546,0.06394683063815867,-177.9011217993823,-32.81726358734405,1.0468848345013149
train,data\train\images\9955_jpg.rf.329ca2981c0bd6ba655616285f60e110.jpg,0,0,0.352274502711249,0.4387795288308806,0.3955270157710648,0.08650502611963162,0.16303322308385199,0.412192382778266,-177.60764161266945,-31.33281435243449,5.7877568829678845
train,data\train\images\9956_jpg.rf.21a43d9edfc4a9e366d3aaba98f640ac.jpg,0,0,0.31970794694973614,0.4295483710239497,0.37462815898684293,0.10984042407421357,0.02294257643435779,0.06124092886238042,-177.104701337573,-30.996210921415706,1.7999094659498973
train,data\train\images\9958_jpg.rf.8674ae517a8dfeffe4970f373f15f770.jpg,0,0,0.3373177479774485,0.4124000029630365,0.37485887547024255,0.07508225498558802,0.18234346227813325,0.4864322928179094,-179.56400368706613,-29.695279063504668,4.587993498728864
train,data\train\images\9959_jpg.rf.bf69b009c07b990d3bd575737a6e0639.jpg,0,0,0.047551507015860764,0.06297524497394948,0.05526337599490512,0.015423737958088712,0.220896041180521,3.9971506844041884,-174.20498565469305,-1.0745930032992612,2.607990734838273
train,data\train\images\9960_jpg.rf.876fa36f636b615632f55863b1ed633b.jpg,0,0,0.11264812186198638,0.24676634714674256,0.17970723450436446,0.1341182252847562,0.36041773916167896,2.005582803361907,-143.2423894171899,-42.95343750182118,164.22199620959597
train,data\train\images\9961_jpg.rf.75b35dce50b2426141591b71bb622774.jpg,0,0,0.32145746120225543,0.4286681109508758,0.3750627860765656,0.10721064974862038,0.043091196499574456,0.11489062124861885,-177.54911634707943,-35.17366555611616,2.4520561338588656
train,data\train\images\9965_jpg.rf.38085ae7bf4775633a2fc42119b945c7.jpg,0,0,0.24762353987574898,0.4237076898524534,0.3356656148641012,0.1760841499767044,0.017702048219989778,0.05273715101011074,-179.55290189546244,-37.07524175188911,4.792495634284573
train,data\train\images\9966_jpg.rf.956ddbafb1f956cb255107831926fc3a.jpg,0,0,0.1837333062840834,0.6378116909628193,0.41077249862345133,0.4540783846787359,0.06898196264181519,0.16793228094135354,-159.34922925262867,6.9766092246793185,-176.08023628124906
train,data\train\images\9967_jpg.rf.a024202d80f634be84971c9127a1aa83.jpg,0,0,0.3560322396264203,0.4893224605997555,0.4226773501130879,0.1332902209733352,0.019831701042957065,0.046919242390563554,179.68841911708554,-32.365935464273,2.2808822084753944
train,data\train\images\9969_jpg.rf.c2c450a40a9a13bf756ba15b15139981.jpg,0,0,0.2174432421035948,0.3617930605157208,0.2896181513096578,0.144349818412126,0.02004182992561359,0.06920087651614418,177.01185010356312,-36.726327381311016,3.271898332345544
train,data\train\images\9971_jpg.rf.4ae7c2c27226dfaec2ea9667e96c8805.jpg,0,0,0.19200249825658744,0.3677760588280713,0.27988927854232937,0.17577356057148386,0.025346215625723194,0.09055800835861574,178.0420415372548,-37.76014594427668,2.4470170850369435
train,data\train\images\9972_jpg.rf.6f368fbd91f3c0e932bcbe2a16da22db.jpg,0,0,0.27589526174661705,0.479142737106211,0.37751899942641404,0.20324747535959398,0.02323272314362097,0.061540540155382274,-177.72334138747797,-37.561511483756945,-0.20030195654482882
train,data\train\images\9973_jpg.rf.5c473edc20ff5764823f20fc176f3c4c.jpg,0,0,0.26391874031234913,0.4286401977148041,0.34627946901357665,0.16472145740245497,0.018208925686863178,0.05258447963644434,179.6013049421566,-34.349671281645456,4.098035514614707
train,data\train\images\9975_jpg.rf.fd618ef44306394fb1f9d8b2d4926e3e.jpg,0,0,0.18994706739939524,0.35285915608098767,0.27140311174019144,0.16291208868159243,0.01813279893698622,0.06681131553990571,-179.6889037567557,-35.47297726289743,-1.1337794415426725
train,data\train\images\9976_jpg.rf.4bd078482e4c86a5c5bd6e4812d2a19d.jpg,0,0,0.2821827514487235,0.45769906547948885,0.3699409084641062,0.17551631403076534,0.01682115779202045,0.04546985047384273,-177.60399403909204,-34.36252178269837,-7.077066200850731
train,data\train\images\9977_jpg.rf.a97166081335cdb7e1225e23d9bf9632.jpg,0,0,0.24975212714565911,0.39625539483152855,0.32300376098859385,0.14650326768586944,0.1370363326955049,0.42425615192865823,-177.6239087498274,-34.268113941299575,-1.375710417796976
train,data\train\images\9978_jpg.rf.31dbe1fa5ad4425d512aa3ad1452da67.jpg,0,0,0.4033799750444947,0.3627679241241622,0.38307394958432844,0.04061205092033249,0.06844160817751288,0.17866421940666682,-177.75280701030192,33.82755576733703,-0.8668461118112704
train,data\train\images\9979_jpg.rf.ae64c0a083e9967a33f15bbd363581d2.jpg,0,0,0.26909003778810187,0.40734499611577085,0.33821751695193636,0.138254958327669,0.019533184541478107,0.05775332016364469,-175.70095927211275,-33.40048156616345,0.9894623569192731
train,data\train\images\9980_jpg.rf.6c4870c620f492745575795029aa6ea5.jpg,0,0,0.19736484896833917,0.4976569219364067,0.34751088545237296,0.30029207296806754,0.030099660351651965,0.08661501441161958,-145.96759241527047,-62.05103228933001,149.8222454399457
train,data\train\images\9981_jpg.rf.4aa9c6e0113ed53b4781f9dd573e24e1.jpg,0,0,0.2530219787626732,0.4620900676239322,0.3575560231933027,0.209068088861259,0.12376433600313301,0.34613970392053295,-176.76894870074082,-37.00447302126549,-3.1390664003697535
train,data\train\images\9986_jpg.rf.1c80260651cd88175e6fb75ecf64684a.jpg,0,0,0.3721762247368623,0.47417445947443604,0.42317534210564917,0.10199823473757375,0.065364036555831,0.15446088193747437,-179.53081278596525,-31.686579710468564,-0.45611406303880353
train,data\train\images\9987_jpg.rf.3c572a86d049cac05eebed863d38864f.jpg,0,0,0.35965674385530094,0.4557612527411777,0.4077089982982393,0.09610450888587674,0.01911771792776588,0.046890596007354395,-179.30647976601645,-27.204159935255582,-4.381039809357528
train,data\train\images\9989_jpg.rf.9081099f4fcc81ffda0e571e174628b4.jpg,0,0,0.49876247191423884,0.35797448845743873,0.4283684801858388,0.1407879834568001,0.016294641081405083,0.03803884234044482,-178.24007214221132,39.13363088749961,-3.3702914626607914
train,data\train\images\9990_jpg.rf.66d50ae3518802aee6da337bd28e25df.jpg,0,0,0.3681581534703288,0.4729705542211653,0.4205643538457471,0.10481240075083648,0.03585269038302011,0.08524899948170599,-177.9638468158669,-32.883257458693436,1.706065665886306
train,data\train\images\9992_jpg.rf.46dc8c0c11466102e1dcb7cf4cd6dbfd.jpg,0,0,0.31697655982825435,0.459021635727499,0.38799909777787667,0.14204507589924464,0.02317706734436252,0.059734848552743344,-174.6420225635485,-33.568697776256954,-7.549553594666166
train,data\train\images\9993_jpg.rf.2608061759501d8be063f73936e1b175.jpg,0,0,0.23122587876073286,0.39913660067302154,0.31518123971687717,0.16791072191228867,0.03643963094849279,0.11561484744849025,-178.05433792930498,-32.46998358383843,-2.451010705546904
train,data\train\images\9994_jpg.rf.8c09cef9efd3273cf0dbe60236512032.jpg,0,0,0.2627442510025438,0.3822228840741864,0.3224835675383651,0.11947863307164264,0.021525995732707234,0.0667506747615794,-178.1752081947865,-31.936121234248926,0.17288382182121964
train,data\train\images\9997_jpg.rf.bb450dda7830a8ee38f24eead1a8e5fc.jpg,0,0,0.4404734192213771,0.5855866882664317,0.5130300537439044,0.14511326904505456,0.02512105303819571,0.048966045663156606,178.7131322741439,-37.47788037882738,6.985674184542856
train,data\train\images\9999_jpg.rf.07a86ba24372dc72bc98c866dd9fbf19.jpg,0,0,0.48783826542743597,0.6430712522901226,0.5654547588587793,0.15523298686268666,0.0378276708555021,0.06689778494719407,177.68722148444544,-40.02152607024427,7.896209210332968
valid,data\valid\images\10010_jpg.rf.9776c8be954825b000106fef91fcf8e8.jpg,0,0,0.4327044616482472,0.4813756736409171,0.45704006764458216,0.04867121199266988,0.11443326250182928,0.2503790599620217,178.11856564842196,-28.35955138412958,2.8886010613952395
valid,data\valid\images\10012_jpg.rf.6d8f4a377f7e4cc4f7809f945d557fea.jpg,0,0,0.4190781734188567,0.49710692161809567,0.45809254751847617,0.07802874819923894,0.04344998050835321,0.09484978689071721,-176.4436035107393,-35.41712001035163,3.4976316294938075
valid,data\valid\images\10018_jpg.rf.17a595706861125e9f30c7139fb5fb0a.jpg,0,0,0.4510092694449864,0.5960190496920607,0.5235141595685235,0.14500978024707423,0.32803496784731767,0.6266019014990571,179.8380886146992,-38.73875105355666,7.021797781532326
valid,data\valid\images\10019_jpg.rf.5d9fdd94eb834c4b587c01edd1d31404.jpg,0,0,0.3606182646209273,0.44772258594450165,0.40417042528271446,0.08710432132357437,0.23164638016754394,0.5731403528734416,179.12240855037012,-38.343784038153416,6.699425563611061
valid,data\valid\images\10025_jpg.rf.f227631eb8e5aa94ea6381faad8c1b03.jpg,0,0,0.35063698977064045,0.2976988342701256,0.32416791202038303,0.05293815550051484,0.1371677778636797,0.423138049070862,172.9683413748698,11.671399665717534,-2.139949577173682
valid,data\valid\images\10028_jpg.rf.3483ffea8b3a40ef4d11e56cd06ebda5.jpg,0,0,0.3563319019327254,0.3429580982343027,0.34964500008351407,0.013373803698422726,0.016409019271521642,0.04693051314219361,172.16258442386143,1.5046350633189423,0.38433807182336116
valid,data\valid\images\10031_jpg.rf.7dfccace30af76a0e33489c3d3b74fe1.jpg,0,0,0.28237042176322436,0.33377898709825815,0.30807470443074125,0.051408565335033796,0.0062805230585179376,0.020386363983122383,167.11375570488028,-9.911847862074183,5.95152722896764
valid,data\valid\images\10032_jpg.rf.959457ae572953c3c63025604fd56cf6.jpg,0,0,0.3643317120855892,0.35775402459394634,0.36104286833976773,0.006577687491642836,0.15949323113996264,0.44175704639557606,170.97351017551878,-0.6068221702912832,0.9269308728743338
valid,data\valid\images\10041_jpg.rf.1b4f4ca973688fe84e0bd528559d7750.jpg,0,0,0.4581807293842392,0.38652259932362415,0.4223516643539317,0.07165813006061506,0.19678036132594068,0.4659159130506901,174.76574685003075,27.949110502442046,-3.4295381412623107
valid,data\valid\images\10042_jpg.rf.f9214abec0f45401f6e3f059df41c0e6.jpg,0,0,0.35044078202427087,0.4137049593985072,0.38207287071138907,0.06326417737423634,0.004291080860569062,0.011231053522798972,169.81467039749882,-21.422870891633103,9.37214537037382
valid,data\valid\images\10051_jpg.rf.267476a5441d41b631ba97fc54266054.jpg,0,0,0.4754627384866403,0.3752570807632538,0.4253599096249471,0.10020565772338647,0.03355830820608276,0.07889391418122162,175.33360473067742,32.467157996511496,-3.7493078587252424
valid,data\valid\images\10052_jpg.rf.5cb9f5edca39dbc30c4a93b70a7d0187.jpg,0,0,0.4529662816001165,0.3694177078829423,0.4111919947415294,0.08354857371717417,0.032303615834764265,0.07856090645701883,174.91772284752693,28.517427172007036,-3.628908479737464
valid,data\valid\images\10061_jpg.rf.fe9e9abfc9216899a18522917136c9ce.jpg,0,0,0.40728502208047107,0.3308861222692674,0.36908557217486926,0.07639889981120368,0.16978429209401363,0.46001335433824936,178.88847762084777,29.10142692731386,-2.641764525488518
valid,data\valid\images\10066_jpg.rf.f0648352402b9f4d33014aacac04029b.jpg,0,0,0.4428872485068138,0.4978032814452917,0.4703452649760528,0.054916032938477854,0.013308582722628307,0.0282953475109522,178.9604388745872,-35.11346532736028,5.888103905136092
valid,data\valid\images\10067_jpg.rf.6025c9b432adee5d450507073bb91068.jpg,0,0,0.3466559344760193,0.8676855207396857,0.6071707276078525,0.5210295862636665,0.06794585057186804,0.11190567575542207,175.21660709210153,-49.75478758002012,6.855927842167544
valid,data\valid\images\10078_jpg.rf.c3b4d90ad0e40ed33041d37d3faa9b6c.jpg,0,0,0.41555566964681756,0.5147927775452662,0.4651742235960419,0.09923710789844864,0.01614696412971114,0.03471164847632055,-178.68084089847352,-36.7288917315373,2.2311483095347446
valid,data\valid\images\10079_jpg.rf.edbc9eeff4cab82f9e7052c4eff87d1c.jpg,0,0,0.4395777694975281,0.5341750407408465,0.4868764051191873,0.09459727124331846,0.016505166469699555,0.03390011570936384,-176.49313178590677,-34.97517110693922,1.1246331362360336
valid,data\valid\images\10080_jpg.rf.5c2d8c63fcc76a7b53aa4c5ef2935f4c.jpg,0,0,0.25721210684398316,0.3268461178454278,0.29202911234470547,0.06963401100144462,0.29130782355680684,0.9975300791687945,-150.51600168621823,-42.0518191811914,165.3865318529815
valid,data\valid\images\10085_jpg.rf.9f5c990de997e3a564c2487a5cf1fa48.jpg,0,0,0.41946502754471426,0.5181938760390059,0.4688294517918601,0.09872884849429164,0.019338598934900787,0.04124868619279124,-177.5768177961117,-37.477247717060635,1.9653117890979674
valid,data\valid\images\10089_jpg.rf.859a177497b259dba400027dd7e3565e.jpg,0,0,0.4252487619382638,0.5225200298714904,0.4738843959048771,0.0972712679332266,0.35486235290706214,0.748837387290325,-178.35659890433413,-39.873773767403016,4.396746864628453
valid,data\valid\images\10090_jpg.rf.885718fb9eedd99b3772e3487784d362.jpg,0,0,0.4026137666203897,0.47926889680175666,0.4409413317110732,0.07665513018136694,0.11890530774654397,0.26966242262917794,-178.016733846583,-34.89716508720943,3.3805749685216377
valid,data\valid\images\10099_jpg.rf.cb79e7dca88f60b9a63f82ccc0ab14de.jpg,0,0,0.3128779692117778,0.38934225600915684,0.3511101126104673,0.07646428679737904,0.01827820001507875,0.0520583126449484,172.61534207127102,-31.05312693053945,4.929259919695202
valid,data\valid\images\10105_jpg.rf.cc872a20060ba2d23fed640a39c1ab71.jpg,0,0,0.2753189737283578,0.3896905162040262,0.332504744966192,0.11437154247566844,0.02416779175401121,0.07268405073879025,172.3791204951456,-35.68031652252848,7.280207085663784
valid,data\valid\images\10109_jpg.rf.d79733ebdeafa6b34ab3de494d634fa0.jpg,0,0,0.34168560005115184,0.34057022875110665,0.3411279144011292,0.001115371300045187,0.013147839090887311,0.03854225507745135,-179.93646396896588,21.221816377170448,0.2401844769168353
valid,data\valid\images\10111_jpg.rf.1ac26719142e84af2865212df2a6d3ea.jpg,0,0,0.2497046173669209,0.3242022728445556,0.2869534451057383,0.0744976554776347,0.028612340738005563,0.09971074132761264,173.29048480425973,-32.426228776419165,9.319962528375823
valid,data\valid\images\10120_jpg.rf.d72760d62119e635daaad45f9cc6ca63.jpg,0,0,0.32023103200287667,0.35733703774679454,0.3387840348748356,0.03710600574391787,0.19959432198296614,0.5891491376112414,175.18709206301216,-31.498302874339334,13.626726434897419
valid,data\valid\images\10131_jpg.rf.02f7a3f054237062ddcddf285fb37467.jpg,0,0,0.27945593586413137,0.3988105262856086,0.33913323107487,0.11935459042147722,0.070563662531524,0.20807062259241046,177.15104348250054,-34.736627589849604,10.159999974856163
valid,data\valid\images\10135_jpg.rf.0c4c772fe6099a45380f67b209c9e481.jpg,0,0,0.6889313566283747,0.41210103741716686,0.5505161970227708,0.2768303192112078,0.34707113797221156,0.630446733173694,170.0169345179952,39.60586698727325,-3.8784485619454725
valid,data\valid\images\10139_jpg.rf.03f973aff8dcf24215e5a15e7967fffb.jpg,0,0,0.5433990420634546,0.3835373893869468,0.4634682157252007,0.15986165267650776,0.2694587569212552,0.5813964103226068,173.30351638105543,36.35742176889708,-5.257778249533031
valid,data\valid\images\10141_jpg.rf.5a0c4aa2ab72cdcd92f8fa870b724ff0.jpg,0,0,0.5297524545676521,0.40109067348593547,0.4654215640267938,0.1286617810817166,0.273171270593552,0.5869329908784068,170.70425943339123,37.26851332935453,-6.563795041551623
valid,data\valid\images\10151_jpg.rf.de182af40ef91468f74ccd7abfeb7d46.jpg,0,0,0.07757615961136581,0.14544611602388052,0.11151113781762317,0.06786995641251471,0.025287465329866542,0.22677075873106303,-179.62648863716853,-15.922245592205597,-3.894434373982383
valid,data\valid\images\10153_jpg.rf.2b1c6187c6bfaf57cd8dc9c2b5c3cdef.jpg,0,0,0.3151619436478126,0.33652994853352397,0.3258459460906683,0.02136800488571139,0.19047120160769052,0.5845437204079591,165.93118215991942,3.155976325671133,-3.1542613981672605
valid,data\valid\images\10157_jpg.rf.38ce8a1aff8dce32c5b4f0415209db33.jpg,0,0,0.3070986003389231,0.28970284537091906,0.2984007228549211,0.01739575496800405,0.2576331477333974,0.8633797708950444,166.0947073607938,14.186870948723469,-5.8185810550483374
valid,data\valid\images\10159_jpg.rf.1fc08d05aa1634da272d7841c70bd807.jpg,0,0,0.3195731920409602,0.32973277599658307,0.32465298401877163,0.010159583955622886,0.2782671815725294,0.8571218971344486,169.7399192244132,-9.45574855958685,0.7592388745135612
valid,data\valid\images\10160_jpg.rf.a976efe5312941d49704ebc94fc5f932.jpg,0,0,0.38704180045033154,0.4466815714947737,0.41686168597255263,0.05963977104444218,0.16447554380029455,0.3945566343344015,170.95280315305658,-26.99105806079981,7.120892420221645
valid,data\valid\images\10161_jpg.rf.4e6ada1bf358ddcc3e8a7a546b70be9e.jpg,0,0,0.4020220155939253,0.6633668127569528,0.5326944141754391,0.26134479716302744,0.4034206622478099,0.7573209921344252,171.78815317321838,-38.4350375446606,6.568122768283944
valid,data\valid\images\10162_jpg.rf.2ffeb196a87d29686d4bcf9faef147d1.jpg,0,0,0.3847503105497562,0.373872450625658,0.3793113805877071,0.010877859924098232,0.008958015119835995,0.0236165208277073,174.279941535096,5.094663610924576,-1.450585693610693
valid,data\valid\images\10163_jpg.rf.6c654c3b71988db5f22375ecfcbda575.jpg,0,0,0.38080115475002946,0.5053869021111611,0.4430940284305953,0.12458574736113165,0.24705932741970266,0.5575776507184438,173.15450303629262,-31.103032509068587,4.094825676088064
valid,data\valid\images\10166_jpg.rf.59df3cdd2c6681669f30aa3d42635c07.jpg,0,0,0.37053349367057675,0.32111723854600627,0.3458253661082915,0.049416255124570485,0.3870279691872742,1.1191428018790286,166.44086779925615,23.662231714124914,-10.866962511451717
valid,data\valid\images\10171_jpg.rf.51fca5176655d8af3186fc825beb617e.jpg,0,0,0.8924282918974558,0.46035566350556845,0.6763919777015122,0.4320726283918873,0.27082709790889314,0.4003996304468406,-149.81406562802644,74.90928730983109,-147.3803559868802
valid,data\valid\images\11_jpg.rf.e47a135860c57f3f11cfce5303486a93.jpg,1,1,0.43145484376530513,0.5060419376166839,0.4687483906909945,0.0745870938513788,0.01877179625742171,0.0400466361703124,178.85197680877297,-29.584554927838795,8.602773298991758
valid,data\valid\images\1252_jpg.rf.c95c1c3b06a28811274bbf015a471207.jpg,1,1,0.32311840929825253,0.3420974130670622,0.33260791118265737,0.018979003768809677,0.5371261929689769,1.614893016402141,165.28309374496618,-10.601300704282304,4.9986426244023345
valid,data\valid\images\1255_jpg.rf.cc4223474da700f2bf17e1e4bd6ecdf0.jpg,1,1,0.3825213329369458,0.44510882094236753,0.4138150769396567,0.06258748800542174,0.5546496838174114,1.3403322274270144,-172.40316198209374,-58.502114725515575,169.28498536423777
valid,data\valid\images\1266_jpg.rf.9202600d68a94c524ee3364f360ee304.jpg,1,1,0.10348255251265075,0.22915312252604564,0.1663178375193482,0.12567057001339488,0.22818498051603087,1.3719814057195487,178.40333507884077,-26.08066239005185,0.9978124903365487
valid,data\valid\images\1267_jpg.rf.65b5b54e6a1adc481ac1988117c91972.jpg,1,1,0.38597056243288236,0.4828908629607598,0.4344307126968211,0.09692030052787742,0.021912347929978912,0.050439223769317205,177.18449816746667,-29.565213309027797,1.4264552416798524
valid,data\valid\images\1269_jpg.rf.79438ec56bea252e7098c6524d6d2316.jpg,1,1,0.3886934696621575,0.501923012364552,0.44530824101335476,0.11322954270239444,0.061638453622158064,0.13841750038555772,177.5261330618874,-31.565930208250254,2.007783528830545
valid,data\valid\images\1292_jpg.rf.6b8af01a2bad50a060f7cbe2c665ea2c.jpg,1,1,0.36392247784890663,0.48951715413417646,0.4267198159915415,0.12559467628526982,0.03618753098594207,0.08480396182646315,177.09478786333727,-35.220192715745775,7.184024463388095
valid,data\valid\images\1296_jpg.rf.74967ea1c2d3559fb72cd07887c9d960.jpg,1,1,0.09878059842201213,0.20718675044702925,0.15298367443452068,0.10840615202501712,0.008999072369523662,0.05882374313983026,178.21112131079175,-28.500968214970992,4.688749812824464
valid,data\valid\images\1298_jpg.rf.f51b6ce67fc91375c51932cede4a5d7a.jpg,1,1,0.36736808239828256,0.4543640790883413,0.41086608074331193,0.08699599669005875,0.008996570488543406,0.021896600644831527,177.74650694545784,-32.83144627205501,5.44840615914037
valid,data\valid\images\1301_jpg.rf.3c5808e84de0375bdb7f4bdfe007e8ba.jpg,1,1,0.2088763881708636,0.2791580436803876,0.24401721592562559,0.070281655509524,0.04257036650608537,0.17445640605563037,177.6105035963809,-31.258025710641583,7.079758174904608
valid,data\valid\images\1302_jpg.rf.46cb8c68945a208024afeef50cda2cd7.jpg,1,1,0.3655108555175322,0.4691217459223202,0.4173163007199262,0.10361089040478799,0.15853152429202538,0.3798833738786081,-177.6566812814011,-32.93420767484946,8.341922512934039
valid,data\valid\images\1306_jpg.rf.2b2b93dfa4afe7fc072e4f03aca602ce.jpg,1,1,0.3857743502195973,0.4844136101243475,0.4350939801719724,0.09863925990475025,0.151216310088972,0.34754861473652937,-177.47218025167453,-33.64883175606094,7.489342272729716
valid,data\valid\images\1307_jpg.rf.f8ee1895a071a40a3885241ebc75d319.jpg,1,1,0.41019683143660374,0.5022493202689936,0.45622307585279864,0.09205248883238987,0.1780101376690575,0.3901822312172847,-177.48505628248984,-33.614572820834155,8.23326192468339
valid,data\valid\images\151_jpg.rf.ee7c3e352cccba508e94a69680558a01.jpg,1,1,0.3196510763818613,0.3360233167055276,0.3278371965436945,0.0163722403236663,0.10937458916648966,0.33362470860414434,-167.55779153889458,29.83733684250381,177.99052928965753
valid,data\valid\images\1520_jpg.rf.a721822c0042f6f643e4aa7d4f4f868f.jpg,1,1,0.3543578214523282,0.45332423728535737,0.4038410293688428,0.09896641583302918,0.026997013805008116,0.06685059674892704,-179.27872352281827,-28.02603939497192,4.6668786054177955
valid,data\valid\images\1522_jpg.rf.cfb4a9cdb0ce0f62cae2de54ceb775a1.jpg,1,1,0.03305034691552122,0.18030668355166418,0.1066785152335927,0.14725633663614296,0.23939166402837514,2.2440475807540254,-171.29912520710937,-26.660344052673455,-5.424335892646636
valid,data\valid\images\1524_jpg.rf.80b6836a77bf84613d8e230eddb12c1f.jpg,1,1,0.1971961895943467,0.29826875259669916,0.24773247109552293,0.10107256300235246,0.026322892993889405,0.10625532001309423,-168.0174881384593,-18.30084414978257,-8.601301281158872
valid,data\valid\images\1526_jpg.rf.f6cf3a7fef45a2a4d4530093f6035c03.jpg,1,1,0.10939703051872296,0.2349308359928254,0.17216393325577417,0.12553380547410245,0.039070504329232626,0.22693780044620496,166.2930026670558,-31.899285367918516,10.586924603658623
valid,data\valid\images\1530_jpg.rf.5a8d07b6d2bbe1cd8deaf663d0e3d1ca.jpg,1,1,0.386908444038003,0.4790620349040391,0.4329852394710211,0.09215359086603608,0.01814725747387625,0.04191195407965129,-176.70924717748534,-33.43378114434812,6.6342895066817915
valid,data\valid\images\1537_jpg.rf.c68383be0459c0a6bca073d74a752223.jpg,1,1,0.39863104177412867,0.4969172991903009,0.4477741704822148,0.09828625741617225,0.06733880896284311,0.1503856483957637,-174.19838375706513,-30.180355151436007,-3.362489141172875
valid,data\valid\images\1539_jpg.rf.adedf1d4baa6d5fafb0ce79e9d78e9e1.jpg,1,1,0.01656051417160654,0.14910668816517406,0.0828336011683903,0.13254617399356752,0.4940965761524519,5.964929318333217,-174.8979402760759,-30.256697588253264,0.07815395845548234
valid,data\valid\images\1540_jpg.rf.c52b5b1163595b7d48aec28c2a8d64fc.jpg,1,1,0.24846987158429232,0.4115405394895531,0.3300052055369227,0.16307066790526079,0.01716150389959298,0.05200373694612179,-178.0152153298123,-34.099213760041835,-0.38871524194928264
valid,data\valid\images\1543_jpg.rf.242c23e383b413df4d31303c6ee1ef4a.jpg,1,1,0.24915244317397103,0.4625019763309496,0.3558272097524603,0.21334953315697855,0.5274094815790134,1.4822067203514828,-178.12205230686897,-39.88169574015398,-2.6248540100751967
valid,data\valid\images\1547_jpg.rf.76430711325a0761ecd7438edf27dc58.jpg,1,1,0.1418693332386543,0.3115764628904084,0.22672289806453136,0.1697071296517541,0.013436769066168896,0.05926516104405315,-168.61913147408464,-32.741755268142285,-5.7220651203420285
valid,data\valid\images\1550_jpg.rf.e8b1f2492156a4e6fa9ca466c82fb064.jpg,1,1,0.21119127853728578,0.28674136744779394,0.24896632299253985,0.07555008891050816,0.01852553418353271,0.0744097995297453,177.93709970876463,-29.58069278610878,21.75644936981908
valid,data\valid\images\1561_jpg.rf.e53f3e4289065374e643b431336c162a.jpg,1,1,0.25132284057523757,0.4277457093900435,0.33953427498264055,0.17642286881480596,0.022136043750151175,0.0651953142323641,-176.38984692896966,-33.28079776791999,-2.346564858977243
valid,data\valid\images\1562_jpg.rf.9478fcd52b7e9727b3a3c991cb51de77.jpg,1,1,0.28539951407584635,0.4340006019768168,0.35970005802633154,0.14860108790097043,0.027015821810035222,0.07510652613811242,179.43993348782303,-32.31530944233662,-1.0678472440135418
valid,data\valid\images\1585_jpg.rf.9ec9e6882a32198f6986f31dd2aa87ff.jpg,1,1,0.36788945677340623,0.42147621861288753,0.3946828376931469,0.0535867618394813,0.1262541104734944,0.31988751071981725,170.41839457017446,-18.25120478559423,6.386378443842219
valid,data\valid\images\1587_jpg.rf.284e41557a2703262408d85e1daa1544.jpg,1,1,0.3685016866572464,0.3987231201939185,0.38361240342558245,0.03022143353667206,0.17947273298303928,0.46784913986196347,167.78964379733193,-15.028441960292671,6.974243839199645
valid,data\valid\images\1588_jpg.rf.5a7aa2f72847409185beabce977c09e7.jpg,1,1,0.3833761794714701,0.4008265411053996,0.3921013602884349,0.01745036163392949,0.29340282961386366,0.7482831209716607,168.49522505487704,-10.975383954420465,5.757259437949071
valid,data\valid\images\1601_jpg.rf.72ec90c60cd29d8a6c9a7f0ae500c146.jpg,1,1,0.4431198632836964,0.36706449192555946,0.4050921776046279,0.07605537135813695,0.04743787168389595,0.11710389463554531,171.65704552943936,29.628678038445678,-5.361233608172514
valid,data\valid\images\1603_jpg.rf.7dc201f135f60d9fe7e9d4405d1f54ee.jpg,1,1,0.4635849313573007,0.38674184259747424,0.4251633869773875,0.07684308875982648,0.047193292580185286,0.11100036838942409,170.04954655954882,26.78657250482627,-6.038209111159031
valid,data\valid\images\1605_jpg.rf.6e8f03ef3e60caee70ca3a728c2a1122.jpg,1,1,0.37566266432096984,0.3488814393077027,0.3622720518143363,0.02678122501326713,0.16957081071715596,0.46807588349117435,170.7356030841306,5.580151193635768,0.9824305534414903
valid,data\valid\images\1615_jpg.rf.0b6f3ee3b22e7da3da6ef45999e72098.jpg,1,1,0.3535112575112858,0.2993023045342248,0.32640678102275533,0.05420895297706102,0.13675782944751633,0.41897974367751356,169.98523812166576,12.566280696055514,-2.4651755839223775
valid,data\valid\images\1618_jpg.rf.af6bf2841d487ae7def7a08baf7a0845.jpg,1,1,0.2581835736240294,0.1498504699141106,0.20401702176907,0.10833310370991878,0.057115615673421355,0.27995514873298855,171.26972014189496,31.24353390444878,-7.449272773320888
valid,data\valid\images\1619_jpg.rf.aff3e6016f8c9176dd2c191cd1e64739.jpg,1,1,0.608652168671476,0.30903998054790677,0.4588460746096914,0.2996121881235692,0.05863476006978839,0.12778742875737778,170.37337470335706,39.00048060581395,-8.830469697174177
valid,data\valid\images\1622_jpg.rf.78a1e5b16f12ab2518499851643bc72a.jpg,1,1,0.1301678267769525,0.05640677582531416,0.09328730130113333,0.07376105095163833,0.04518704031614759,0.4843857597539765,168.62614379627524,30.4566396186899,-7.585286376823662
valid,data\valid\images\1625_jpg.rf.5e51de843c61b406e2149e3508ccc74e.jpg,1,1,0.3807793629623176,0.30217203251555025,0.34147569773893394,0.07860733044676738,0.1007638631856624,0.29508355602716624,171.1135053459155,12.65534133410833,-1.787918059430219
valid,data\valid\images\1626_jpg.rf.13698d14d71754f4ff7ee446f519eae7.jpg,1,1,0.39141401045179125,0.3640320409160043,0.37772302568389776,0.027381969535786976,0.0867478882680992,0.22966004815574909,171.86393467179207,3.699167490457339,0.7950939171675917
valid,data\valid\images\1631_jpg.rf.75e4f584a16aa480ac15eb133a78499e.jpg,1,1,0.3884625786632544,0.4831318212200398,0.4357971999416471,0.09466924255678538,0.11577356414064406,0.2656592657230153,173.61030652184792,-29.8408398617143,8.079769407217304
valid,data\valid\images\1647_jpg.rf.718d26b0ab239de35ae1fab622c5e71a.jpg,1,1,0.3554332917405725,0.37103367050020786,0.36323348112039017,0.01560037875963538,0.0777900715947425,0.21415997048179525,168.5712758728718,-11.720806669477042,7.528257290329728
valid,data\valid\images\1653_jpg.rf.f0d06f74a73c570d30068abd20a0d51b.jpg,1,1,0.3812135028947389,0.36410850983277054,0.3726610063637547,0.017104993061968332,0.14727819841601897,0.39520689286246546,168.73949126392884,1.8170181669603551,1.325998419909296
valid,data\valid\images\1657_jpg.rf.60abd94e6c78191c2be0b5a7fb4c76f4.jpg,1,1,0.37575993210631686,0.3648526956186706,0.37030631386249374,0.010907236487646244,0.07647865820384044,0.20652809671573502,168.92288463279058,1.8690027918188776,1.2767370729120753
valid,data\valid\images\1666_jpg.rf.abad4243ccdebe09e9ab6daa6b3badc4.jpg,1,1,0.39302851266041794,0.39280078789995687,0.3929146502801874,0.0002277247604610677,0.017159302750351324,0.04367183238933704,169.04184862958093,-0.16105177573319313,3.247042081133824
valid,data\valid\images\1667_jpg.rf.0a858dc47f0cb862c918c9af7b6c1dd5.jpg,1,1,0.3953695683700491,0.3716329354622479,0.3835012519161485,0.023736632907801203,0.005388761674187058,0.014051483918924199,170.73286077624348,6.074257257122091,0.3677873788745217
valid,data\valid\images\1669_jpg.rf.e57c1bfb74490c968b1c98150b0b50c5.jpg,1,1,0.38799302251791623,0.38481283386679965,0.38640292819235794,0.0031801886511165778,0.10254612495825927,0.2653865110132138,169.37864704409432,-2.795565067543338,3.810118222572303
valid,data\valid\images\1675_jpg.rf.0bb3e501c26bb77185d280651f63055a.jpg,1,1,0.3724196427684737,0.4101780744437796,0.3912988586061267,0.03775843167530585,0.07459181486141889,0.19062620097366925,168.55073930862514,-20.186703754847215,6.586417451474684
valid,data\valid\images\1676_jpg.rf.9d2fdcd53c9f4c6599c9f6541b6d34f3.jpg,1,1,0.36843689271909147,0.40955090080833556,0.38899389676371354,0.04111400808924409,0.10239482036572295,0.26322988925433094,168.56378730904063,-19.12984426527285,6.724136185193438
valid,data\valid\images\1681_jpg.rf.c59bb262a838be4c3e5a6842f0de6bd8.jpg,1,1,0.05448085001085097,0.13618286927309758,0.09533185964197427,0.08170201926224661,0.07353053134187286,0.7713112029705717,-176.59823655952866,-30.7152619547201,0.9468428518152959
valid,data\valid\images\1682_jpg.rf.784ea8b5f63c6f291e95bde2a303e86f.jpg,1,1,0.41941934165494577,0.4855661322628314,0.4524927369588886,0.06614679060788564,0.2884862760070073,0.6375489647543622,179.20312057157784,-37.58845312435691,5.1934191079990955
valid,data\valid\images\1685_jpg.rf.373ea10b0d45b8885bb5459a5445181f.jpg,1,1,0.06751570843421077,0.11145608919767576,0.08948589881594327,0.04394038076346499,0.28177478876411227,3.1488177745599155,-168.48503623996018,-49.16131721706434,172.5855317076962
valid,data\valid\images\1687_jpg.rf.44ed4bdd4d31e3fa9954c006d5cc5058.jpg,1,1,0.21221194576802535,0.2913004977220364,0.2517562217450309,0.07908855195401107,0.555799260654389,2.2076882819495176,-171.37139077532208,-41.43910549243263,-0.7636134124667697
valid,data\valid\images\169_jpg.rf.9a7ea16f3f6f98ab5a2d232417fe660b.jpg,1,1,0.2949651264288817,0.2885790179947156,0.2917720722117986,0.006386108434166093,0.047765974384298505,0.1637098918419614,176.24326812952762,16.05811295099043,-10.50581318640683
valid,data\valid\images\1702_jpg.rf.bfc4f7fc411a756b72b58b20baaa22e9.jpg,1,1,0.40053500982171775,0.48471978952138406,0.4426273996715509,0.08418477969966631,0.10308751141224673,0.23289907377795008,-177.97898449790617,-37.599396184553406,4.49259571302188
valid,data\valid\images\1707_jpg.rf.7cf107d9f5c12f8ee61a6a4208a383a7.jpg,1,1,0.2749753361881979,0.3270707358855736,0.30102303603688574,0.0520953996973757,0.3375731562725231,1.1214196784300545,-163.793718593113,-55.131918322032114,169.35467072117603
valid,data\valid\images\1711_jpg.rf.e2f6215044fe37ba6ef4c8b16d0155ae.jpg,1,1,0.3014709912187697,0.33934155242973063,0.3204062718242502,0.03787056121096094,0.033466619771632906,0.1044505763919318,-179.07578127146084,-38.455592570804406,2.9293784397285116
valid,data\valid\images\1716_jpg.rf.cb2af5214a268e5fa7e40d05b1bd0ef0.jpg,1,1,0.35230150723749204,0.3860830352406343,0.3691922712390632,0.03378152800314227,0.054706892229983296,0.14817994983042027,-178.90493279489684,-38.036864076329735,4.534674377828058
valid,data\valid\images\1717_jpg.rf.db0f40b49ef4b4a9d758d71214f13651.jpg,1,1,0.253307687427368,0.3322609802055071,0.29278433381643754,0.07895329277813912,0.02967563068232056,0.1013566207436694,-177.7614799666423,-37.84319896596405,3.250564800812064
valid,data\valid\images\1718_jpg.rf.2af87a1a2c642aa63579703a3bf259ef.jpg,1,1,0.3473735736494771,0.4745697333910396,0.41097165352025833,0.1271961597415625,0.038170040980392554,0.09287755165943826,-177.24513549429437,-42.529150310515845,2.693950165440155
valid,data\valid\images\1719_jpg.rf.f9432d50bf937acbc2170f8fbc163d6d.jpg,1,1,0.38856387816216775,0.4645004964181746,0.42653218729017117,0.07593661825600684,0.02083314622505462,0.0488430811222267,-179.84655300038224,-37.68747288630398,3.547644478813287
valid,data\valid\images\1723_jpg.rf.483abde9feff52f8daba4f3ab886bb8f.jpg,1,1,0.3910345604425597,0.47424116325600163,0.43263786184928066,0.08320660281344194,0.018666659803476374,0.04314615397664695,178.003871639256,-32.17529214526591,7.411670661125403
valid,data\valid\images\1724_jpg.rf.7994aa6ed34312bce2c103da4f1d89f8.jpg,1,1,0.4161035058452056,0.47221972683712504,0.44416161634116536,0.05611622099191943,0.041135126889712825,0.09261297099143409,-179.34809073461773,-37.995626552536166,2.92879039611831
valid,data\valid\images\1731_jpg.rf.a2ace4069a300235c37260a7a5aa24ab.jpg,1,1,0.27550798630910955,0.3412040597295889,0.3083560230193492,0.06569607342047934,0.017991211726363247,0.058345582324605044,174.46244275497762,-24.832072283871092,6.331241351986181
valid,data\valid\images\1736_jpg.rf.9f8f67a7b40b1e38fc70c8ebcc95f09e.jpg,1,1,0.28843249957263967,0.4325106156429495,0.3604715576077946,0.14407811607030985,0.121809632632552,0.33791745856710576,173.99345707160094,-40.33527905191641,12.523500160785
valid,data\valid\images\174_jpg.rf.0249ccdb781761e66aa8a7cec13e6fae.jpg,1,1,0.31824244734530854,0.3319352706456223,0.3250888589954654,0.013692823300313739,0.02488502211211662,0.07654836954121438,175.27672476343378,12.026413304498725,-7.074426545822132
valid,data\valid\images\17_jpg.rf.c87cd0455dfa14628419d802984d89c6.jpg,1,1,0.4055725858648906,0.5045897746498124,0.45508118025735145,0.09901718878492177,0.6008315849485076,1.3202734171708295,177.03784526508505,-55.72856879168265,-173.27984651140932
valid,data\valid\images\18026_jpg.rf.5f7c56e2d33a26457ce094a625d07036.jpg,0,0,0.3579619402280876,0.43252691774544405,0.3952444289867658,0.07456497751735647,0.151686323363283,0.3837785234624066,-171.4998808683248,-27.37917704349478,-11.296061539299814
valid,data\valid\images\184_jpg.rf.a4ee7ece5869aab558d4e58f161e5f6e.jpg,1,1,0.2563415619753694,0.2817753769173638,0.2690584694463666,0.025433814941994426,0.04991641465898421,0.18552255486212976,172.0511095949633,5.222016125109933,-5.391900312031364
valid,data\valid\images\223_jpg.rf.c53fd92cbd5a7b3db97a54dfe438c5e0.jpg,1,1,0.15770118973098857,0.17529530951787378,0.16649824962443116,0.017594119786885215,0.27473802725613367,1.6500955888476796,166.56477614692994,-0.29348677887768243,-6.1198781177029975
valid,data\valid\images\224_jpg.rf.eac00c5579ae2df4426c3719a37258f9.jpg,1,1,0.15106947109707786,0.18294456360670458,0.16700701735189122,0.03187509250962672,0.2001104136660296,1.1982156009911131,166.69221818204468,1.3285946099423924,-7.184060848784608
valid,data\valid\images\230_jpg.rf.4293dc33e2ff741994c62beccb5ffb6f.jpg,1,1,0.3056134679221899,0.3116226390302442,0.30861805347621707,0.006009171108054268,0.13581637913617892,0.4400791775023145,167.6421840065851,2.9914575077168286,-6.856892153439088
valid,data\valid\images\235_jpg.rf.f3249a911ed3b6ef3c9ab08d6dfe42ac.jpg,1,1,0.2508779270428727,0.2653817809016003,0.25812985397223653,0.0145038538587276,0.4865362749794957,1.884850851199202,165.69303191615018,-7.298823757119654,-4.344508593721705
valid,data\valid\images\239_jpg.rf.5636294221a7e1b4db18fa5122be95db.jpg,1,1,0.2004122728441033,0.19049106947956077,0.19545167116183204,0.009921203364542525,0.5000959480447652,2.558668058819977,167.7991506782905,-5.523823121261811,-4.857471338429286
valid,data\valid\images\251_jpg.rf.78ad35d6af8796c16be8b2726102df25.jpg,1,1,0.13907031916969217,0.14006928327548623,0.13956980122258922,0.000998964105794059,0.46949565602687515,3.3638770845428976,163.12367342526812,-1.2053965473635135,-8.274800631196689
valid,data\valid\images\257_jpg.rf.daebd8a17e68f0065ea6147a9cdd1e55.jpg,1,1,0.16216364939118644,0.14619139152494037,0.1541775204580634,0.015972257866246065,0.41877205805791456,2.7161680692083863,164.56770647609866,-3.4042590024390402,-5.245789055591035
valid,data\valid\images\263_jpg.rf.05dc4da6092eeb241f93902a43a3b95b.jpg,1,1,0.13967090488861153,0.1478425274646357,0.1437567161766236,0.008171622576024162,0.30863108986782706,2.1468985802975222,165.41905367207573,-3.726938866293569,-3.6053744964771512
valid,data\valid\images\265_jpg.rf.c0a71c2f46f315395416118d6c7b565e.jpg,1,1,0.15938535033860654,0.15639149762676485,0.1578884239826857,0.002993852711841688,0.2772829816861326,1.756195765919735,167.0126568148716,-1.2730938321296768,-3.4294764857585824
valid,data\valid\images\268_jpg.rf.8e8c51bbe12399c42f4a864f3a802e6d.jpg,1,1,0.1553583786890745,0.15807875236344726,0.1567185655262609,0.0027203736743727502,0.2640187848010505,1.6846682070785648,165.9036327677475,-0.9975891595301598,-3.2267219222518344
valid,data\valid\images\272_jpg.rf.31ff0a3767fac8965b13a57cc142dcee.jpg,1,1,0.22364410559338607,0.2557769503223698,0.23971052795787795,0.03213284472898373,0.24801038789097807,1.0346245115048036,169.1755170540031,-4.060525068122472,-0.860685620834751
valid,data\valid\images\273_jpg.rf.806117562c1d794a9d78d24fb771b3cb.jpg,1,1,0.2805893093694888,0.2789893280151146,0.2797893186923017,0.0015999813543741692,0.09709657798694245,0.34703461318952067,170.9457695271136,-7.420136650119622,2.042252382104575
valid,data\valid\images\276_jpg.rf.b46d309feedaa5b061cdcd2a4cf97147.jpg,1,1,0.3018217436723901,0.3133056984855618,0.30756372107897595,0.01148395481317166,0.01654457716582982,0.053792355963795606,174.61823503427698,-3.6233517642299296,5.330319082911405
valid,data\valid\images\279_jpg.rf.3fd89119006f3fbd215ea6445a86c80d.jpg,1,1,0.32692521912857936,0.33550960375600275,0.33121741144229105,0.008584384627423391,0.021818070022545287,0.06587235232452962,176.34502736133282,-0.7763810851088402,4.9535851735121
valid,data\valid\images\297_jpg.rf.d7e000ef4985366d85e6807817164b89.jpg,1,1,0.3635916948756359,0.36353446439053577,0.3635630796330859,5.7230485100145945e-05,0.023007178110172503,0.06328249318767941,179.04097805691134,17.84863624201077,-11.9782289433141
valid,data\valid\images\2_jpg.rf.274fa7eda1de3a583dd61d1101415cba.jpg,1,1,0.2410308457176186,0.6291255148183393,0.43507818026797895,0.38809466910072077,0.5214056274652001,1.1984182409332715,178.99523834122425,-44.814902188510196,3.6013616991119988
valid,data\valid\images\313_jpg.rf.311d48480610fd5ce5b5d6964799a186.jpg,1,1,0.44319560107654316,0.3312667516649761,0.38723117637075966,0.11192884941156706,0.020155688715215,0.05205079018719471,179.0890306730707,32.57275078565153,-9.09261797111981
valid,data\valid\images\317_jpg.rf.d23dd84d8eae2ded983c32b782a60aeb.jpg,1,1,0.3413765705161005,0.36414388127534686,0.35276022589572364,0.022767310759246373,0.026444527267448312,0.07496459443606703,177.19725582272483,5.3201436292336695,-5.524396803482464
valid,data\valid\images\319_jpg.rf.58bdb2598669a08180db22d949836df5.jpg,1,1,0.35987674892753013,0.3791933848312101,0.3695350668793701,0.01931663590367999,0.021004070556731615,0.056839181012253215,178.5979146015193,9.728712058340838,-5.093960262435644
valid,data\valid\images\322_jpg.rf.1f9038c6897be0313c63888f95a5adf1.jpg,1,1,0.3967699542945755,0.3858567120395289,0.3913133331670522,0.010913242255046585,0.05514795923404205,0.14093043747757839,178.16418107969983,11.038965867369807,-7.146238988403988
valid,data\valid\images\323_jpg.rf.3c3db8b76bb7a904f344a8a851406e9e.jpg,1,1,0.38359421897083507,0.38205856468052407,0.38282639182567957,0.0015356542903109949,0.0470938472435585,0.12301619807080265,178.96878554944925,11.82611361877444,-7.302979750778441
valid,data\valid\images\328_jpg.rf.905ea24da8940dd961e948cd2e124465.jpg,1,1,0.3933165315938827,0.42073123622553127,0.407023883909707,0.02741470463164858,0.020298443146948494,0.04987039814953818,177.9843616723105,-21.816755635630873,7.736687576187154
valid,data\valid\images\330_jpg.rf.44daa190e30f048a1e657f72b0aa9ad2.jpg,1,1,0.38995932783153126,0.4097092289007175,0.3998342783661244,0.019749901069186226,0.01132097984866901,0.02831418030222636,176.67560962342407,-17.435808560884293,10.310943293676308
valid,data\valid\images\355_jpg.rf.25474334dcb1ae7742b5de9ca874a05d.jpg,1,1,0.28512240488998164,0.29516963159748805,0.29014601824373487,0.010047226707506407,0.03361576713229689,0.11585810253669665,171.96198737754838,2.6111772532481967,-8.85802551027553
valid,data\valid\images\364_jpg.rf.c35bd3a0b29106db47b2fb1ded76cf3b.jpg,1,1,0.25638438737353236,0.2613665806254219,0.25887548399947713,0.004982193251889533,0.0371805858633893,0.1436234335093098,167.6304179795465,7.713948459996111,-9.98591197235679
valid,data\valid\images\370_jpg.rf.b67cc4d339ec0f70643dfb790383bfdc.jpg,1,1,0.2915521426387036,0.31743459836379656,0.3044933705012501,0.025882455725092957,0.137808817729902,0.4525839676018044,169.18533252579746,-0.667533175046299,-6.270542048431791
valid,data\valid\images\374_jpg.rf.c129545fec6859c2b31545bb6810e0e6.jpg,1,1,0.28630375117627915,0.3161342332947675,0.3012189922355233,0.029830482118488322,0.1028822784058293,0.34155309279232166,169.12092336372552,-5.0077016779845565,-4.7498788382310275
valid,data\valid\images\390_jpg.rf.4344819a0bed06f4c225cdf106e6a09c.jpg,1,1,0.34120690166027745,0.3299167292483057,0.33556181545429153,0.011290172411971777,0.44093218723974154,1.3140118062682344,161.37320824237926,-3.4675354449194375,-5.712988086671282
valid,data\valid\images\397_jpg.rf.ac1043c5b4995c48dcbc474246ece6d6.jpg,1,1,0.3238068682541206,0.32655781788980004,0.3251823430719603,0.002750949635679456,0.5871528695428101,1.8056111657110416,163.1883594145436,-6.141305852559577,-4.661353325180807
valid,data\valid\images\39_jpg.rf.db653e947fd06428406bd2a2c4715bf6.jpg,1,1,0.2461228607019703,0.3944877304577833,0.3203052955798768,0.148364869755813,0.5861384798825298,1.8299369007352557,-173.9945850690882,-43.05750562958941,1.495289217889904
valid,data\valid\images\408_jpg.rf.625b7a954d661f3a1a34d6d79a8652fb.jpg,1,1,0.24539921430030012,0.28361478826534003,0.26450700128282006,0.03821557396503991,0.5795396821883482,2.1910183071815337,161.85786907395575,-8.65624045479691,-2.6525185799899225
valid,data\valid\images\423_jpg.rf.04f4b8e74219eedbf5bf5a5b1bc960ae.jpg,1,1,0.3188330007433872,0.32593898009194083,0.322385990417664,0.007105979348553615,0.03634357697365041,0.11273311512874938,168.40674468237788,-5.756570375676933,3.780918991055372
valid,data\valid\images\431_jpg.rf.c76247595d9805297befc41cecfe6197.jpg,1,1,0.2776565758690209,0.291180310400448,0.28441844313473447,0.013523734531427078,0.04411442234587723,0.1551039442437964,171.52659894534776,-6.311536401539071,-3.8104945271137405
valid,data\valid\images\434_jpg.rf.445da9b317ee6e50a964ac8759781382.jpg,1,1,0.23556040363223033,0.24048099060224928,0.2380206971172398,0.004920586970018959,0.015242530464427464,0.06403867667406915,173.60218049015296,7.587723660624293,-9.263823167185045
valid,data\valid\images\445_jpg.rf.9f36ccb92e4e6478a7fd84e62b6f1803.jpg,1,1,0.30285446615058065,0.32947455544013443,0.31616451079535757,0.026620089289553783,0.011898273244340231,0.03763317146003643,170.25389338328407,21.00710770504399,-19.14199791128676
valid,data\valid\images\449_jpg.rf.3a82c474c75ca10d53a2b38bac2c6c72.jpg,1,1,0.1873457607109814,0.19422508968252983,0.19078542519675562,0.006879328971548415,0.010732133901598459,0.05625237824393812,167.6918178467488,11.376033927389063,-16.52529552058297
valid,data\valid\images\452_jpg.rf.9402eb79569b0328f3dd2e5546146f11.jpg,1,1,0.3258474504292719,0.34941824753234846,0.33763284898081014,0.02357079710307658,0.0499360750732926,0.14790052337629858,168.2261883841565,11.725651321601305,-12.658169607363561
valid,data\valid\images\46_jpg.rf.e3626dd52f27c4dbd578f1917b0a1a4e.jpg,1,1,0.3931721858275052,0.48626095498870087,0.439716570408103,0.09308876916119568,0.19159507465985198,0.43572402668844545,-172.63575789270737,-29.553669769104154,-2.6505651917325146
valid,data\valid\images\483_jpg.rf.ef571ff02b19eb9269a15edf5c1a8eb4.jpg,1,1,0.3107118306545924,0.2994041020582779,0.3050579663564351,0.011307728596314515,0.038756778568382624,0.12704725934971492,171.6338045843175,2.823700999902848,-4.893068422685104
valid,data\valid\images\489_jpg.rf.a849f182698c345797c8357461fd3dbc.jpg,1,1,0.35367593988986923,0.3078088335670913,0.3307423867284803,0.045867106322777906,0.007829773720724752,0.023673330165427296,175.41526197366056,23.420215894663404,-25.014948022806635
valid,data\valid\images\490_jpg.rf.deed5f10e7463cde3992a1f4f66d8cec.jpg,1,1,0.353359082375788,0.3106749598011001,0.33201702108844405,0.0426841225746879,0.010697681044612557,0.03222027897709155,171.96242456633468,22.721382592240833,-27.124105672571048
valid,data\valid\images\507_jpg.rf.dd26ce5677b49897ccf48cdd6d50e27e.jpg,1,1,0.27318203570605926,0.277808004716879,0.2754950202114691,0.0046259690108197415,0.04414222178214932,0.16022874659682013,164.30013160810302,3.864486210872025,-7.139419709643029
valid,data\valid\images\508_jpg.rf.a7bdff7360dafba6293474ae9d2dbc3c.jpg,1,1,0.29417207108213284,0.3087208755049337,0.30144647329353325,0.014548804422800876,0.06375269322852072,0.21148926551362102,162.56044847518365,8.907853683086412,-9.97643681782581
valid,data\valid\images\528_jpg.rf.7e23e6728b41c2618d4d02e57244880d.jpg,1,1,0.2757679449427805,0.2807959232288483,0.27828193408581436,0.005027978286067769,0.05315420392579135,0.19100846089922632,164.05707244908362,8.51636568976003,-6.84202128941429
valid,data\valid\images\536_jpg.rf.a3e93842e8f2e1c3c00021fe33febd43.jpg,1,1,0.28851598913344095,0.2965310595467152,0.2925235243400781,0.008015070413274261,0.04945244664391747,0.16905459742248183,166.05650268277898,-7.165958326244601,-4.163381740267333
valid,data\valid\images\555_jpg.rf.4473faf47acf08d143830359b7718856.jpg,1,1,0.25263678043662496,0.25947036227392445,0.25605357135527473,0.006833581837299485,0.5587623112095108,2.182208622406704,160.9261741160797,0.7915447943722088,-5.806125553889865
valid,data\valid\images\557_jpg.rf.dd6b0b3f5a0737fd6406099b7aac18ca.jpg,1,1,0.2559357847103709,0.2483597410331517,0.25214776287176127,0.007576043677219174,0.5119505456879919,2.0303592617966735,163.05139538602455,-0.5270232975553103,-4.067827181108601
valid,data\valid\images\560_jpg.rf.238cc8434b68e30451ec69aff7321c80.jpg,1,1,0.23380697114515855,0.2308546490864992,0.23233081011582887,0.0029523220586593624,0.584911879563413,2.517582060131432,166.37601636626297,-1.905894766624458,-6.5846143491551485
valid,data\valid\images\568_jpg.rf.6ad2afd39327574d317283d53314d173.jpg,1,1,0.2265957819791548,0.2231414262021137,0.22486860409063425,0.003454355777041118,0.5605505630523211,2.492791580750814,164.5157312951441,1.1148317861738732,-8.27238430061489
valid,data\valid\images\570_jpg.rf.6624f911af4c611ba9c9be8e57139679.jpg,1,1,0.22877431123397501,0.20673432899749875,0.21775432011573687,0.02203998223647627,0.5938114854072234,2.72697912533543,164.19207871352788,3.845518614394963,-8.833571776856767
valid,data\valid\images\574_jpg.rf.2debdcaa2b12fd6fbcd9ff40da1ee76d.jpg,1,1,0.22101548051280961,0.2049559779177217,0.21298572921526565,0.016059502595087927,0.49902231943980085,2.3429847684087637,163.63330013955266,2.543252386534894,-9.78578077420829
valid,data\valid\images\578_jpg.rf.efd5344d51241a331302ed379b545245.jpg,1,1,0.25350571867184873,0.22400660071615602,0.23875615969400238,0.02949911795569271,0.4590410658940368,1.9226354892052155,163.55584742391014,-0.5581454154991594,-7.571705025255427
valid,data\valid\images\581_jpg.rf.93268d1f1d28cedf6b53cf7d5096a556.jpg,1,1,0.2016020802196447,0.19961842307102318,0.20061025164533394,0.0019836571486215315,0.3520679449820464,1.7549848130616972,163.85592943217816,-3.634147461512102,-3.728050362437971
valid,data\valid\images\583_jpg.rf.c9cd6eed5c0b2107a0ca7be144da3dcf.jpg,1,1,0.15836077026668852,0.20961214343758935,0.18398645685213894,0.05125137317090084,0.06183252841114389,0.3360710862584615,158.14619095077893,-8.105524962050739,-3.9395238240008577
valid,data\valid\images\585_jpg.rf.70a57d938095b6959614c822db08c7d8.jpg,1,1,0.29381455546644786,0.2965618152152981,0.295188185340873,0.0027472597488502615,0.21148222056891267,0.7164318596447226,166.5085755414782,-5.146443359959883,0.7982851460088634
valid,data\valid\images\58_jpg.rf.a86566c96f2eec5af863cf62be2d3348.jpg,1,1,0.3353340895149197,0.41193260013759087,0.3736333448262553,0.07659851062267115,0.40452877824227673,1.0826891760166326,-164.19988733748113,-42.08096518315429,167.9430684647593
valid,data\valid\images\592_jpg.rf.8fbf046c76fb9dde4de3191f7c31c174.jpg,1,1,0.29359189479305503,0.28158638187514334,0.28758913833409916,0.012005512917911687,0.015126246180281513,0.05259672276881679,172.61161165525436,1.6101719760520146,-6.336150558108828
valid,data\valid\images\5_jpg.rf.1c911d81d498fd7f5a454b01ea1406b1.jpg,1,1,0.4874377382019169,0.7395914227709758,0.6135145804864464,0.2521536845690589,0.17123535650493063,0.27910560229743964,178.18204278816725,-42.13683831808733,7.877457410780246
valid,data\valid\images\604_jpg.rf.0483104afbd2d1d52241a05fd92b7b7a.jpg,1,1,0.2323973369107484,0.25270935809858003,0.24255334750466423,0.020312021187831625,0.20969118563935793,0.8645157355963748,165.08401291566224,18.078117911534317,-21.36702132676892
valid,data\valid\images\608_jpg.rf.53c0a7288239022a9a76b19bb911bdb9.jpg,1,1,0.28980385163514594,0.26284998494584766,0.2763269182904968,0.026953866689298278,0.025298896109355797,0.09155422231705847,168.7664384981579,17.83674437571374,-18.334056525313994
valid,data\valid\images\610_jpg.rf.d2144d820d2b2724daad0c8a3dc2ba5a.jpg,1,1,0.26580479609884744,0.24541763607826245,0.25561121608855497,0.020387160020584993,0.017555648038705546,0.0686810551874355,170.28326571776503,18.90022900738902,-16.068015395614616
valid,data\valid\images\612_jpg.rf.8904c3bdf558c1d6c336a7b47aafe78b.jpg,1,1,0.28049998694598793,0.24080147631663565,0.2606507316313118,0.039698510629352285,0.023226203466165826,0.08910852972021996,171.99840689339445,14.610414147479077,-12.050864012553376
valid,data\valid\images\616_jpg.rf.590ec53d6736b56e33a745e43f9918b2.jpg,1,1,0.23114256817492007,0.23857839012307772,0.23486047914899888,0.007435821948157645,0.2280825780504964,0.9711407337536662,165.56007156698814,-3.2371266439171773,-9.271470137760424
valid,data\valid\images\61_jpg.rf.1b447adedf91c85cc37218d0619873b3.jpg,1,1,0.29235582466771043,0.36105830811870526,0.32670706639320785,0.06870248345099483,0.16865509869486137,0.5162272752676759,179.90238529088577,-18.941728372921023,-5.493956726302078
valid,data\valid\images\622_jpg.rf.5f55c390547f734d6bbbd3ae481f7d6d.jpg,1,1,0.30184770551420304,0.27293688952681056,0.28739229752050677,0.02891081598739248,0.017932742306562006,0.06239813126961909,176.17801334241156,18.38947347220099,-10.863226315334781
valid,data\valid\images\625_jpg.rf.24135c455f180ee45a9aff18c0d4e1e3.jpg,1,1,0.20629112606143749,0.16526079687939438,0.18577596147041592,0.04103032918204311,0.017233543980708633,0.09276519870657758,179.1928554928436,18.923321315494213,-10.150342432485427
valid,data\valid\images\638_jpg.rf.6131a70bbd5021e81bc6047a6ade9200.jpg,1,1,0.1892401058590552,0.24424857958771837,0.21674434272338677,0.05500847372866316,0.011916109908463975,0.0549777205657983,163.3216528981083,-4.690213057594345,-6.298188543885701
valid,data\valid\images\642_jpg.rf.00054d5cb2e02878767b09fd281d5ebf.jpg,1,1,0.05235094854410203,0.08419917142826837,0.0682750599861852,0.03184822288416634,0.02866757560473646,0.41988356525116294,-179.4467279350368,8.538099015937535,-8.73112477091757
valid,data\valid\images\643_jpg.rf.c5d7bc6516683f301a3a03d5d6d290d3.jpg,1,1,0.1875881984134886,0.18493606273579288,0.18626213057464075,0.002652135677695705,0.08914157829393887,0.47858133061683844,178.61971288283993,16.319328512983997,-11.79423050880597
valid,data\valid\images\646_jpg.rf.6e76692e74cdcf5ede3c70e76b8e32ca.jpg,1,1,0.3995494843447948,0.3424684864009147,0.37100898537285476,0.05708099794388011,0.01068540344971099,0.028800929009771627,176.12265685167677,19.985468507945384,-14.871872808970917
valid,data\valid\images\667_jpg.rf.7fd016a3b51759146474aa66c71de5e5.jpg,1,1,0.4606074909677974,0.53038280265326,0.4954951468105287,0.06977531168546258,0.6938265282180595,1.400269069604773,-168.7981934957104,-57.54732928957637,171.58533642634114
valid,data\valid\images\67_jpg.rf.be9a328504a3d3f1955ff2164933175f.jpg,1,1,0.36468933913892687,0.4373563106708214,0.4010228249048742,0.07266697153189455,0.5324615494050754,1.3277587118174123,-177.6721403072968,-21.990375224867194,0.1411222903470693
valid,data\valid\images\684_jpg.rf.f9e396647666bd5d69457470030bf340.jpg,1,1,0.3598897274958264,0.5337372525987938,0.4468134900473101,0.17384752510296742,0.5151956614284514,1.1530441065552897,162.62086634281513,-58.20945527384974,-156.2043518107657
valid,data\valid\images\718_jpg.rf.d9ea3f8c5044736edd56eb68159be150.jpg,1,1,0.2748813517346524,0.2649804669316333,0.26993090933314284,0.009900884803019094,0.6956239944500506,2.5770446080760863,168.98049985750168,-2.5739043958297327,0.9151357543915829
valid,data\valid\images\719_jpg.rf.25f5e6f395008fb43d6e348594e45acf.jpg,1,1,0.35351979652565974,0.36902188772275824,0.361270842124209,0.0155020911970985,0.6976262671261151,1.9310339661628804,169.55407244248008,3.2496168997439154,-0.3173968602288835
valid,data\valid\images\721_jpg.rf.20f7c4bcdb40ce122c34b5e91e211a98.jpg,1,1,0.43997285483456117,0.42169249696601097,0.43083267590028607,0.0182803578685502,0.6420578114750459,1.490271855850708,177.35126695538375,47.960380951197436,179.53601662405222
valid,data\valid\images\734_jpg.rf.d64ec5fa77db834a12e028797c6b0e86.jpg,1,1,0.3437994816225353,0.36160762925367834,0.35270355543810683,0.017808147631143023,0.2471913149599931,0.7008472445165662,171.84103117658725,-0.8481236067858692,1.3737437916726019
valid,data\valid\images\737_jpg.rf.6de9fdf4f7f92f10e60931d8553579f1.jpg,1,1,0.37948068458337963,0.40748521782339253,0.39348295120338606,0.028004533240012897,0.31356175083648347,0.7968877682692982,170.843765850238,-5.355873095377524,2.3038016546674056
valid,data\valid\images\74_jpg.rf.1531180b16537cf98f3a880967bf4264.jpg,1,1,0.3931867896744097,0.5011996633620074,0.44719322651820853,0.10801287368759771,0.6521118462253762,1.4582328343893731,-176.5940306355269,-37.80383182274876,-7.455122485907043
valid,data\valid\images\755_jpg.rf.c202d303916ca5c02e2c7cbd69c23a63.jpg,1,1,0.1441400956419526,0.1345675581834379,0.13935382691269527,0.00957253745851469,0.4528258406415192,3.249468282813741,-177.97451789207258,30.9266939779221,-177.94246817525217
valid,data\valid\images\756_jpg.rf.47e1465332275ce10bdf0ce85ccae731.jpg,1,1,0.18173581802687155,0.13994763034474772,0.16084172418580964,0.041788187682123834,0.3546273140324668,2.2048216395814664,-179.19942922391456,31.04738715363799,-178.2400792409551
valid,data\valid\images\760_jpg.rf.6cd948987a04f7cf0546eb784a5a11c4.jpg,1,1,0.18778412938522268,0.14516220909579025,0.16647316924050648,0.04262192028943243,0.4036677411968613,2.424821627644248,169.3605837758738,-2.482880047292227,3.5900509566164427
valid,data\valid\images\768_jpg.rf.e2a8d4ff446f4b49b3d2144203f31373.jpg,1,1,0.2635005934162656,0.3031599696780407,0.2833302815471531,0.039659376261775126,0.6188684132940041,2.1842649854248255,173.21486086083414,-31.011682147202944,3.3809407408515075
valid,data\valid\images\771_jpg.rf.69579ab27155b732a22cc43f06cc2afe.jpg,1,1,0.17012055829533748,0.2745641829158775,0.22234237060560746,0.10444362462054,0.317806658287618,1.429357155012734,174.77816613862862,-30.013978649234936,0.8346964930472879
valid,data\valid\images\776_jpg.rf.2b4dfd4ff64a12dddf0c646b61013a3e.jpg,1,1,0.3305159622881283,0.3999584978761032,0.3652372300821157,0.06944253558797492,0.03739541711826797,0.10238665184778785,177.38486200123205,-29.581531818945628,-3.8225143356624045
valid,data\valid\images\791_jpg.rf.d3d1a630c4bc2107e09548d5e5a98535.jpg,1,1,0.3916295980678327,0.43384946891022313,0.4127395334890279,0.04221987084239043,0.5431640518256123,1.3159971549952134,174.29660061256922,-12.434611389374416,-3.1890192421153087
valid,data\valid\images\800_jpg.rf.02f111fda81c24364d69b9e2414c6b06.jpg,1,1,0.43739985421066746,0.4605992487439505,0.44899955147730897,0.023199394533283013,0.43426699712423306,0.967188042160393,-179.40634131765668,36.167044460164234,-178.3817330665193
valid,data\valid\images\803_jpg.rf.56c816a492a5ec072a1e5bf8a0c910cc.jpg,1,1,0.3334604953900189,0.31030260229926915,0.32188154884464404,0.023157893090749726,0.029075682106246246,0.09033037839730171,178.95888371327558,0.5157185518357036,2.8425713572072744
valid,data\valid\images\811_jpg.rf.0f7a641e4bc389e7e4c89d43aaa4dc63.jpg,1,1,0.40729267835855554,0.38366464363875546,0.3954786609986555,0.023628034719800073,0.028278516524659087,0.07150453188359315,-179.84284173152685,4.530774134748393,2.1540605780697515
valid,data\valid\images\814_jpg.rf.1918dae8138a133e2d37152a2aa0d85e.jpg,1,1,0.3905400723971908,0.37551636533951643,0.3830282188683536,0.015023707057674363,0.03607124674802001,0.09417386231905191,178.5994199202245,2.8155750523318837,1.9206670611884464
valid,data\valid\images\818_jpg.rf.5676bb2f7374512cd01b44f5efb9419a.jpg,1,1,0.32125546702251273,0.2936257641963572,0.307440615609435,0.02762970282615551,0.33661027682237044,1.094879009902816,173.97654229182277,1.8508958537097193,3.3134362374860817
valid,data\valid\images\81_jpg.rf.b0694190bd8007f928a2e1631d8fd7d7.jpg,1,1,0.3875359754698764,0.5282031046674324,0.4578695400686544,0.14066712919755597,0.7550954033379687,1.6491496753087076,-175.3411335855624,-61.058527980151226,172.87655243725297
valid,data\valid\images\824_jpg.rf.7fbbf21c3abfd7c5e3a2588bd5d988d5.jpg,1,1,0.17685666691780477,0.14892248817765477,0.16288957754772976,0.02793417874015,0.02690907030713637,0.1651982325219764,176.7730597166656,1.0929594501192026,3.990455215758089
valid,data\valid\images\825_jpg.rf.fd20eb2295ab79cde9da53ac8f8aa45e.jpg,1,1,0.16313864928816255,0.15080442338404274,0.15697153633610264,0.012334225904119811,0.03472503139100468,0.2212186502185499,174.6973854036075,-0.781596729832735,3.7389244748179506
valid,data\valid\images\829_jpg.rf.5cc93d0e9a19152b3951a698e711e526.jpg,1,1,0.18546677100730266,0.14081083320273743,0.16313880210502005,0.04465593780456523,0.04092901619866313,0.2508846189290713,176.43689235749997,0.6774201774666903,4.065443157446838
valid,data\valid\images\840_jpg.rf.465a03b8d117ba8acdf1a01d989ec2d3.jpg,1,1,0.35660809110832886,0.3708770675754088,0.3637425793418688,0.014268976467079919,0.6671598872625212,1.834153946094612,168.0541562615339,-8.226773952328141,4.072937975762104
valid,data\valid\images\842_jpg.rf.2e3c82665538eeb4f3c3293b78bbd0f5.jpg,1,1,0.3580489239916303,0.37379892817376026,0.3659239260826953,0.015750004182129962,0.5748455805657007,1.5709428643258245,167.6462488127047,-5.329333698543892,3.0981305489855173
valid,data\valid\images\844_jpg.rf.afa406def402501c92d97892294bf2ca.jpg,1,1,0.3902211164350053,0.4138377709227781,0.4020294436788917,0.023616654487772837,0.4588708348384622,1.141386139879274,167.6847522781577,-7.0125073185506555,2.4259762236231195
valid,data\valid\images\850_jpg.rf.08e415ca0c5319c1c85c37488d2420d6.jpg,1,1,0.36156248825534637,0.44672322087700217,0.40414285456617427,0.0851607326216558,0.03673058533280123,0.09088515340010044,170.23726856424693,-17.96947255277831,7.314497725305898
valid,data\valid\images\851_jpg.rf.2a5f4f67e83fec24da03edbdb961261d.jpg,1,1,0.3952605282866644,0.4834235065918694,0.43934201743926693,0.08816297830520498,0.0310866634641164,0.07075731942350291,171.10642716051188,-24.54415258167633,9.78897741714949
valid,data\valid\images\855_jpg.rf.6ba197dbcee4226936c05486599ef501.jpg,1,1,0.40048149074951883,0.47075740517780407,0.4356194479636615,0.07027591442828524,0.0292200365456833,0.06707697896013305,173.48814725118103,-28.568129071637852,9.324387182201963
valid,data\valid\images\856_jpg.rf.a5d7826c7159347b616bdd5afb74dbe5.jpg,1,1,0.4101794289331952,0.4772059518244195,0.4436926903788073,0.0670265228912243,0.026587779805003972,0.059923862577732294,171.48513909204425,-25.294961889838795,9.002344124489507
valid,data\valid\images\8599_jpg.rf.aaeaa55c3d14d0104c711279aa21c274.jpg,1,1,0.13120950530121953,0.23921940973204808,0.1852144575166338,0.10800990443082856,0.3581870230584805,1.9339042311333192,-161.3781151475064,-36.58087609257774,157.90444664676917
valid,data\valid\images\8606_jpg.rf.1bc5b48bc4a28f9a12a430cd4d302fb8.jpg,1,1,0.2619326574749932,0.14692489693758792,0.20442877720629057,0.1150077605374053,0.26749174632174966,1.3084838151324545,158.68558541485206,22.943483021069053,-27.0957470166284
valid,data\valid\images\8617_jpg.rf.559640c818adcc87f832537a71b003f7.jpg,1,1,0.4750128732714888,0.33313847170463234,0.40407567248806053,0.14187440156685643,0.3918788432562219,0.9698154824398665,173.47107827733694,31.574521607551066,-21.07428630233446
valid,data\valid\images\8630_jpg.rf.50f5c9d688524fd1678fc329289b02b7.jpg,1,1,0.33819953039475953,0.31253289539872137,0.32536621289674045,0.025666634996038162,0.21736786634278785,0.6680714153063354,165.73712747064667,16.72573957062188,-12.888536103243926
valid,data\valid\images\8631_jpg.rf.87fda28e39e24297a235b5cc01ade9b3.jpg,1,1,0.5531873981865321,0.39077978842646793,0.47198359330649997,0.16240760976006413,0.009168441091468114,0.019425338553059085,169.73648213150847,33.00616251720225,-23.06736627234276
valid,data\valid\images\8641_jpg.rf.2fdfdaba1836cbc5d2ac75a67d2320b6.jpg,1,1,0.36971396107104043,0.3553528583512947,0.36253340971116754,0.014361102719745722,0.12134552839825716,0.33471543628195216,162.642299455931,20.39403261742516,-15.151694099284178
valid,data\valid\images\8643_jpg.rf.8adf21fd99d3982b35711cae49386934.jpg,1,1,0.3720055421965898,0.3342594880632315,0.3531325151299107,0.0377460541333583,0.12814590171568874,0.36288332630187375,164.34311408985747,20.299722121777872,-16.19037660939349
valid,data\valid\images\8644_jpg.rf.ec4c34c6c12db4944b71086b15f8156c.jpg,1,1,0.3739142761794247,0.3439928866677506,0.35895358142358763,0.029921389511674112,0.158716759480658,0.4421651369271681,163.27716088258336,20.808463104622533,-16.53741428656229
valid,data\valid\images\8649_jpg.rf.dbc843d24841fdfb7fc9fc551806e1f3.jpg,1,1,0.3634375167824142,0.3336889934281099,0.3485632551052621,0.02974852335430428,0.21363424956533716,0.6128995137505876,164.72598193227148,21.92613918345222,-16.889426594549374
valid,data\valid\images\8650_jpg.rf.cc848d185c3b8cb057265a0a6e004f2c.jpg,1,1,0.3784099841805051,0.3461494527579291,0.3622797184692171,0.03226053142257601,0.17030096576488318,0.47008142350467697,166.60376172776404,22.046523331210384,-16.12733531957163
valid,data\valid\images\8652_jpg.rf.4fe29c396e8c68d274eaef67e881dfa2.jpg,1,1,0.3726533750297507,0.35834613667656595,0.3654997558531583,0.014307238353184759,0.15187141067848764,0.41551713303880533,163.186567438467,18.586676433743,-15.030478194802082
valid,data\valid\images\8664_jpg.rf.ae0db90a955dfc4ae03f2ecac06eaa47.jpg,1,1,0.362094621783028,0.33816778813182163,0.3501312049574248,0.023926833651206347,0.049128164937789716,0.14031358599917879,173.5533927522045,22.216141456579717,-14.917097685949892
valid,data\valid\images\8665_jpg.rf.792448d93f9ae717733c6733ab7aae6a.jpg,1,1,0.34412615848611267,0.33421123657386825,0.33916869752999046,0.009914921912244412,0.3425963021929331,1.0101058991820422,168.60147113667446,23.458298520735802,-15.526922691886071
valid,data\valid\images\866_jpg.rf.e79ea6df57a86098a5241b8f3abc017a.jpg,1,1,0.404362359060182,0.4243540576449051,0.41435820835254356,0.019991698584723105,0.18551572279499096,0.44771822798584643,171.07747174813403,-2.7000514009316645,2.4352434716217735
valid,data\valid\images\8670_jpg.rf.f06341d9bafabffd7660286aa278747d.jpg,1,1,0.3461310963286946,0.3113540904053357,0.32874259336701517,0.03477700592335892,0.1755479949264826,0.5339983271668637,163.14392054494294,20.565307801779205,-17.654335157518037
valid,data\valid\images\8673_jpg.rf.74510ac663da7708edb286eb2777932b.jpg,1,1,0.496427339912821,0.39959954027997857,0.44801344009639976,0.09682779963284244,0.33093469411002147,0.7386713533388948,172.76701021499332,35.287699346570136,-17.99424752170825
valid,data\valid\images\8678_jpg.rf.592083c5ba9a9ea529e25517777e7db9.jpg,1,1,0.49633861985955896,0.4062712463312501,0.45130493309540454,0.09006737352830885,0.2458612648595091,0.5447785894410659,168.52637108203726,35.83289795300738,-20.07163582923119
valid,data\valid\images\8681_jpg.rf.6d82e83fbebcd35212f82c407dd2b61c.jpg,1,1,0.514958097286237,0.4052100368799039,0.4600840670830705,0.10974806040633306,0.22132139059018535,0.48104554455311027,161.58700741658163,31.764539092513722,-29.067533007640833
valid,data\valid\images\8684_jpg.rf.6a75a8918c35fe07884dd0951b4c8d8c.jpg,1,1,0.5340429176290503,0.41723605015781856,0.47563948389343447,0.11680686747123176,0.26067636446780473,0.5480545103909171,164.5855945821005,35.9269199774041,-31.77171348107454
valid,data\valid\images\8691_jpg.rf.49cd1f7a3a54e02c11b78a9a989bd13c.jpg,1,1,0.535782543230628,0.43253451527051856,0.4841585292505733,0.10324802796010946,0.45376166553104313,0.937217126451162,175.46833178264131,37.30520377748104,-13.955821063194026
valid,data\valid\images\8692_jpg.rf.fc49677f76a4cd4af221b7830974f2ea.jpg,1,1,0.5422901198178008,0.43444509561922934,0.48836760771851506,0.1078450241985715,0.33807679002938706,0.6922588326624798,173.61508234096002,39.278933680795454,-14.225497058949319
valid,data\valid\images\8693_jpg.rf.09ecb3b1d64334885e507a9b014d7578.jpg,1,1,0.5479337715307873,0.42611037776412486,0.48702207464745606,0.1218233937666624,0.17042267002046044,0.34992801947185953,177.96644045049464,39.632956147984274,-9.835571415902125
valid,data\valid\images\8694_jpg.rf.85d335486b5ed0c65adb4ee99deaa268.jpg,1,1,0.5534507586894635,0.4297157927144891,0.4915832757019763,0.12373496597497435,0.24087803704991165,0.49000454034149166,176.94482429788232,38.60063518541506,-9.804533795238376
valid,data\valid\images\870_jpg.rf.4133bc27f8f6f172e8a938f7518a1b73.jpg,1,1,0.38317923860830766,0.40716986328943616,0.3951745509488719,0.023990624681128503,0.013269532089843362,0.033578913566122304,172.12891723829867,-3.681829197764512,1.8054169357487941
valid,data\valid\images\8711_jpg.rf.951cdf04b981095ffd27c799e00cfabd.jpg,1,1,0.600148192875596,0.4495472487471636,0.5248477208113798,0.15060094412843233,0.1808890657702045,0.34465056929381727,178.278580422688,39.630562597874516,-15.828292135170095
valid,data\valid\images\8714_jpg.rf.710830186db3cc635ec35c81c690379c.jpg,1,1,0.5773281581658343,0.4366042048166447,0.5069661814912395,0.14072395334918958,0.3135801943132577,0.6185426282101549,178.26115888561097,39.35094827422546,-16.330209175198696
valid,data\valid\images\8715_jpg.rf.b47da4502cfa697ae71de4a39716a788.jpg,1,1,0.5837116204978036,0.4379161986144838,0.5108139095561437,0.1457954218833198,0.33049453970807907,0.6469959676612023,178.03866588969308,39.86655674149992,-15.138893709097509
valid,data\valid\images\8719_jpg.rf.2d1e7c7ca6fc0b91c0c9ddd3e6549368.jpg,1,1,0.557698303069757,0.43636373479263224,0.4970310189311946,0.12133456827712474,0.29268381770805146,0.5888642892699791,171.7137007861358,37.71531527038462,-18.423801020133872
valid,data\valid\images\8730_jpg.rf.1be1987fb94bb0499c141e6fc051334f.jpg,1,1,0.4178871850311542,0.42772391450509223,0.42280554976812323,0.009836729473938044,0.2148009186663321,0.5080371314523523,167.44912372172848,0.2648503991943103,-2.583278279123491
valid,data\valid\images\8732_jpg.rf.501176bdbb83c12739e6fae7dc0ffced.jpg,1,1,0.15267932450312813,0.24220230672627496,0.19744081561470156,0.08952298222314684,0.15342697856757687,0.7770783264336991,167.42856560605034,1.8188701890749817,-3.1639673889067153
valid,data\valid\images\8745_jpg.rf.517e75a4f0889d210722f42593bd8328.jpg,1,1,0.08275894603647488,0.10176816230476107,0.09226355417061798,0.019009216268286194,0.42969467766402625,4.65725260127542,163.4825521244687,-11.057937645606964,5.024090680936333
valid,data\valid\images\8746_jpg.rf.674f15d16f53b72926359876a2eb25a3.jpg,1,1,0.30747758004057546,0.3486585446431672,0.32806806234187136,0.04118096460259174,0.4751825070600603,1.4484265968105263,163.88828921395438,-10.93321507568376,4.529803890395442
valid,data\valid\images\8751_jpg.rf.3a613c467a77930de5f7aaf609049a5c.jpg,1,1,0.4199554878819911,0.47117585826560865,0.4455656730737999,0.05122037038361754,0.7130507566410154,1.6003269545473073,165.391855244949,-9.489720824492714,2.3838205632041802
valid,data\valid\images\8757_jpg.rf.20d5b2e29c1e294cd3b0ced8de6bdc6e.jpg,1,1,0.3963524086679389,0.4017353768669271,0.399043892767433,0.005382968198988203,0.6833826207680432,1.7125500055361724,167.64046212586473,0.1412102890287113,-2.1875518678631503
valid,data\valid\images\8758_jpg.rf.bc86c6f2d9100e880edcf0502a497330.jpg,1,1,0.41985838684122395,0.42917951773422486,0.4245189522877244,0.009321130893000906,0.6956584073237835,1.63869811600847,167.76059663093028,-0.8669067882200719,-2.277877853211531
valid,data\valid\images\8766_jpg.rf.fea5b9eb046d03ff6f4add0d3a8a4271.jpg,1,1,0.4520239451484166,0.4509657290029525,0.45149483707568455,0.001058216145464086,0.544194374958227,1.2053169389110934,169.14679221639133,0.8681091331249735,-1.5004521223427538
valid,data\valid\images\8768_jpg.rf.b2df21e7564ee29c2ad0de9ee3f92482.jpg,1,1,0.4129266848665126,0.43318640194012387,0.4230565434033182,0.02025971707361124,0.7034312528317055,1.6627357827227691,167.58084887223137,-1.9526156168769848,-2.4024407554580676
valid,data\valid\images\8816_jpg.rf.1e61e0374f92344816f6636957809905.jpg,1,1,0.44313006783725545,0.45259401381106007,0.44786204082415776,0.009463945973804622,0.726137127514195,1.6213410857011998,165.00607655838175,0.2522220801309515,-1.4085743566924998
valid,data\valid\images\8873_jpg.rf.21d0e931090871c1c24958074000c260.jpg,0,0,0.476272059013665,0.7502886459885203,0.6132803525010926,0.2740165869748553,0.01824406869210986,0.029748333886299348,-178.58995627780965,-42.148162245020195,6.760667525098995
valid,data\valid\images\8882_jpg.rf.492d48b1387c860f689f92f4ae3296a8.jpg,0,0,0.39724246006685227,0.5032921378299435,0.4502672989483979,0.10604967776309127,0.28216021690866355,0.6266504753235478,177.1375161503154,-30.849617157271013,19.75636628496945
valid,data\valid\images\8886_jpg.rf.63eee3f6a47476c67c11b100110911b8.jpg,0,0,0.4103110254823018,0.4689653491491611,0.43963818731573145,0.0586543236668593,0.2334455435280034,0.5309946912331155,-148.80792725479932,-39.01699246883836,158.11693005737254
valid,data\valid\images\8894_jpg.rf.3d7fc82be1854bcf3bd28b3866b77b98.jpg,0,0,0.3745461552053745,0.5423898211390497,0.45846798817221207,0.16784366593367517,0.3017478918013909,0.6581656726009991,-176.41424431979505,-36.758408082226104,4.990647764912688
valid,data\valid\images\8898_jpg.rf.eb2ba2202e26a809262ccfd6e4450db5.jpg,0,0,0.2728945359502563,0.39624208534600036,0.3345683106481283,0.12334754939574405,0.3299866969266961,0.9863058945643816,172.31463447264298,-29.752447535292912,23.031281167521392
valid,data\valid\images\8900_jpg.rf.25dc35e226a4d87e9cc9aef4ff0453d7.jpg,0,0,0.3483785151566404,0.575222716031161,0.46180061559390073,0.22684420087452062,0.011247268696781191,0.02435524838423308,178.88816971314515,-38.40799472981679,2.180412231607319
valid,data\valid\images\8903_jpg.rf.f9915c7edad4d1c01f69e0efa0c02b17.jpg,0,0,0.22864623628290442,0.5696493141772049,0.3991477752300546,0.34100307789430045,0.06464374280966971,0.16195441092565616,163.7540406662032,0.9015442127247036,2.9697476090802817
valid,data\valid\images\8904_jpg.rf.81f3351eb9c8322bf99bc10fe749dac5.jpg,0,0,0.20327073790068234,0.3943908104437549,0.2988307741722186,0.19112007254307256,0.015252813266211885,0.05104164157277043,-172.10827318402053,-33.030264534201144,-8.286851227109933
valid,data\valid\images\8905_jpg.rf.d330b81c0a5be6611dd2b671044de4cd.jpg,0,0,0.18830877110044036,0.4841031380874778,0.3362059545939591,0.2957943669870374,0.012202341136527026,0.03629424455394901,179.08766585580975,-34.81164815715238,2.7354454812902476
valid,data\valid\images\8915_jpg.rf.c0f0f7e0af9749a877c12e9a606228c6.jpg,0,0,0.35774840650858936,0.39859413888728373,0.37817127269793654,0.04084573237869438,0.022495646994599484,0.0594853406873341,-175.810780726175,-23.499843468027176,-7.28202353952797
valid,data\valid\images\8921_jpg.rf.87e83e4827f8c148942211aad7394e36.jpg,0,0,0.36771251635179947,0.3996393764200424,0.38367594638592095,0.03192686006824291,0.07161351748493032,0.18665104799897403,-174.48860299977494,-23.95350714586447,-5.794010025786104
valid,data\valid\images\8925_jpg.rf.b77c94882d0e51da2489372adad130be.jpg,0,0,0.3124252221108784,0.36324506199430046,0.33783514205258947,0.050819839883422036,0.1451266749657335,0.429578385729754,176.72764859609424,-26.86362308675324,10.579581999610408
valid,data\valid\images\8931_jpg.rf.20be379d175e2f810ab4bf4983228ac6.jpg,0,0,0.21889761889493897,0.36824162435356594,0.2935696216242525,0.14934400545862697,0.0114461032877359,0.03898939959934298,-175.51823944301452,-32.454991982799946,-0.7765149009638624
valid,data\valid\images\8934_jpg.rf.3d884e0dac3f2c04655f1ca4641ff85c.jpg,0,0,0.35079155577137083,0.41391835311404435,0.3823549544427076,0.06312679734267351,0.11819071207868066,0.30911254243049296,-177.3374445335201,-27.613595554849486,3.106877385293511
valid,data\valid\images\8948_jpg.rf.55a81db952e4892b5dc381f2f9e60f01.jpg,0,0,0.39155065495113245,0.47538926765285966,0.43346996130199605,0.08383861270172721,0.007905538128285813,0.018237799234208225,-175.94733043187577,-31.317950221208605,-9.459731557138939
valid,data\valid\images\8949_jpg.rf.5fd9e9addec562500d517e56183272ae.jpg,0,0,0.3963806538310864,0.4742739122154514,0.4353272830232689,0.077893258384365,0.008534380022279393,0.01960451447703823,-175.01301315531433,-30.29713144666991,-10.338494173788856
valid,data\valid\images\8954_jpg.rf.6dd42b34068320fd8bc3b0adcad37c03.jpg,0,0,0.38778650259957864,0.48652885371039245,0.4371576781549855,0.09874235111081381,0.28274348072581534,0.6467768836158342,173.28247293992263,-32.44456563427518,14.884890905757281
valid,data\valid\images\8966_jpg.rf.8b53111ea5e7a629ee1bb136d083b13d.jpg,0,0,0.4823332104895333,0.458885706950065,0.47060945871979915,0.02344750353946834,0.1732024193814183,0.36803854272836245,178.26803656577826,19.709858052304163,-7.900557952187147
valid,data\valid\images\8967_jpg.rf.bc7270983e6aa4626157d03dd399131d.jpg,0,0,0.43758574658621063,0.44706944750520217,0.4423275970457064,0.009483700918991533,0.04577328683475168,0.10348277417115771,170.20804125508897,0.6392254481151408,-1.9202565353493568
valid,data\valid\images\8973_jpg.rf.5a300d67c9c9dc3dd4c341642669803e.jpg,0,0,0.4599657841044986,0.4293664570714127,0.4446661205879556,0.030599327033085932,0.25413089615392,0.571509463815003,164.9895163819202,9.973012633857163,-0.7617401850345336
valid,data\valid\images\8976_jpg.rf.2602c17050af98b1644d516c3c46d45a.jpg,0,0,0.37414774286886665,0.35520659299391605,0.3646771679313914,0.018941149874950602,0.038750948350875315,0.10626096657130378,165.63691129365574,10.438604573448332,-2.0624242434560602
valid,data\valid\images\8977_jpg.rf.4ee145862b34bb43caa0354895744e20.jpg,0,0,0.4398638738709422,0.4343213998152091,0.43709263684307564,0.005542474055733104,0.02966129510926175,0.06786043188348356,167.95330662796985,8.63023817550194,-2.905699918764101
valid,data\valid\images\8980_jpg.rf.50a953bc39e96db1ee743395f1b06940.jpg,0,0,0.4507333286126798,0.4437793200280446,0.4472563243203622,0.006954008584635185,0.14088499515707884,0.3149983298082226,167.5745161331064,3.1597245221054,-2.4579730200269307
valid,data\valid\images\8985_jpg.rf.2f742ffd20fa72c0dc2264336c26554b.jpg,0,0,0.42577209084097434,0.43213921856931375,0.4289556547051441,0.006367127728339417,0.020651224430805543,0.04814302878231271,170.24128375495192,-0.7596326605952862,-1.2420230670211412
valid,data\valid\images\8989_jpg.rf.714ac16cf5e329d711e1e8fa5b9728ab.jpg,0,0,0.42846817729044795,0.43838101795760875,0.43342459762402835,0.009912840667160805,0.017518740751377933,0.04041935055696692,170.76992957830834,-0.9600922426432426,-1.9583730038213543
valid,data\valid\images\8990_jpg.rf.980cb3d1ffb2a8080d6a3c022440f840.jpg,0,0,0.42504297002488445,0.43531716802266235,0.43018006902377337,0.0102741979977779,0.12993922406531178,0.30205775074653873,169.15381841759188,-1.4109171089545212,-1.7003857145847179
valid,data\valid\images\8992_jpg.rf.1c13a1d7998645d985518f41d8598e01.jpg,0,0,0.3452767690101203,0.36231436708042336,0.3537955680452718,0.017037598070303084,0.10460116757164227,0.2956542620066328,169.30093919003625,-0.483460585612427,-2.215483169871122
valid,data\valid\images\9005_jpg.rf.a1d10390405f743b619e794e1d922dfb.jpg,0,0,0.14548375513627185,0.23221909856995207,0.18885142685311196,0.08673534343368022,0.05187841143457132,0.2747048952662782,169.40481586184617,0.4766691034150453,-2.492390773589405
valid,data\valid\images\9014_jpg.rf.1dbf5b9f465c9f0f0a146ca44f1fb330.jpg,0,0,0.36542055048604033,0.37065705475455474,0.36803880262029753,0.005236504268514408,0.014112503991503064,0.038345152443240646,-171.58612462829012,30.35033671680975,177.6562081744184
valid,data\valid\images\9017_jpg.rf.ee66832a5ab16a79754ee63cede1d342.jpg,0,0,0.40381474256318983,0.46363556236792275,0.4337251524655563,0.059820819804732916,0.03432684619256899,0.07914423684546404,-152.3572366868763,-43.059498411293724,151.46468577186073
valid,data\valid\images\9018_jpg.rf.8876c03967a6fab5b220606ffab89b28.jpg,0,0,0.41293083250504253,0.4439088815926302,0.42841985704883634,0.030978049087587667,0.035235101685696706,0.08224432436071746,-178.38792447223494,-26.563503336025732,-7.290094743311372
valid,data\valid\images\9020_jpg.rf.bd8bbda89cb1a81945de8543d5d4d581.jpg,0,0,0.3305722594352579,0.3875272945190963,0.3590497769771771,0.05695503508383837,0.1664822724560813,0.46367462990142366,-139.95076426129953,-28.39703897234818,164.13438711994962
valid,data\valid\images\9026_jpg.rf.027fe1f5b142ebd268758bc28f2643cd.jpg,0,0,0.45972350145392066,1.0363702613357846,0.7480468813948526,0.5766467598818639,0.44289443316273275,0.5920677489315717,-160.49912076351714,9.163131530459552,176.04902112362333
valid,data\valid\images\9030_jpg.rf.94937aa053151ce15fa68bf1f015bea2.jpg,0,0,0.32306124417607784,0.2999263527158921,0.31149379844598496,0.02313489146018577,0.31410614838328704,1.0083865231036215,-147.81292317667155,-1.111919882017482,174.41185982186894
valid,data\valid\images\9034_jpg.rf.9bf1ffb5c5eafa920f85803aacbcab55.jpg,0,0,0.349070515289168,0.36348870319440185,0.3562796092417849,0.014418187905233859,0.1936416774121735,0.5435104125781189,-153.43867269898206,-7.189716215818371,173.69032686124157
valid,data\valid\images\9039_jpg.rf.b6eb7c643b4662ff462fc10af416213d.jpg,0,0,0.33399624341244893,0.4240685655467698,0.3790324044796094,0.09007232213432087,0.007160513441835362,0.018891560080902193,170.60110726825363,-30.477883394407915,5.253921311576016
valid,data\valid\images\9041_jpg.rf.15a43931d2c0019d26f790c42632a2a9.jpg,0,0,0.35294133794820687,0.4576586865251263,0.40530001223666656,0.10471734857691944,0.01644312758329454,0.040570261748950835,173.39222114387465,-32.9710236971057,5.823653557966126
valid,data\valid\images\9043_jpg.rf.aaae468e80ba8c07e4349269db7fd5de.jpg,0,0,0.34183874153280913,0.403813124130232,0.37282593283152055,0.06197438259742288,0.022625091960127654,0.0606854029393709,172.60943139832136,-30.64230155851523,6.334542290488394
valid,data\valid\images\9044_jpg.rf.d227fedad41d140bf3c83c2c33cbdaaf.jpg,0,0,0.32357389446964707,0.36874766064422454,0.3461607775569358,0.04517376617457747,0.02671656537609131,0.07717964341496496,171.68014063267734,-23.531218297457237,6.837689707804118
valid,data\valid\images\9045_jpg.rf.d7b58f5fafc0eaaf002ec601bd2988ad.jpg,0,0,0.3641122953272589,0.4255054890757335,0.3948088922014962,0.06139319374847457,0.015301662994428533,0.038757138698434175,-179.04181550939995,-27.914960094409615,-1.4716003413872862
valid,data\valid\images\9047_jpg.rf.6b77479dbed77f11747927452c458e23.jpg,0,0,0.34454173019506346,0.4098102426528509,0.37717598642395717,0.06526851245778742,0.019171554734552176,0.050829202877732446,177.22244449483478,-23.159901736534014,2.6993401395999816
valid,data\valid\images\9049_jpg.rf.0d338d8d91a2bf939d6d6457867e7743.jpg,0,0,0.3367525722927099,0.39111506985330124,0.36393382107300554,0.05436249756059136,0.160480949014364,0.44096189944976655,175.63805274238334,-30.043383445609326,2.3261584662622927
valid,data\valid\images\9055_jpg.rf.5d4f9078d14f653864d171252a0e608f.jpg,0,0,0.34731532118770503,0.45886504261901256,0.40309018190335877,0.11154972143130754,0.2758390579390914,0.6843110309375485,-178.80773239242254,-37.87786215270661,0.382159574244644
valid,data\valid\images\9056_jpg.rf.75a46f956f25ee2d7c1603636fa18dbb.jpg,0,0,0.3649485680029546,0.43748908330677133,0.401218825654863,0.07254051530381672,0.2758924673042527,0.6876358975777006,177.9707012242933,-33.55329883257914,2.1253842933789167
valid,data\valid\images\9062_jpg.rf.12f27c1a00127a523d2846401a887a5b.jpg,0,0,0.3418894102812557,0.3890615365481283,0.365475473414692,0.047172126266872616,0.1531889051566757,0.419149618236783,177.1945814174467,-26.213331043890516,1.7929161948021244
valid,data\valid\images\9066_jpg.rf.d212e06412cac1c96517aa368ceaab1e.jpg,0,0,0.3312903917963609,0.3469723510413414,0.33913137141885114,0.015681959244980503,0.018057062876471,0.05324503834877976,171.93453985607823,-7.0887179605867745,0.2646254914573163
valid,data\valid\images\9069_jpg.rf.c5207f4f53ed6d8447f53c49a526d464.jpg,0,0,0.5119846723932312,0.3815758522275461,0.44678026231038864,0.1304088201656851,0.36528365803209556,0.8175913057195989,170.68562977496526,36.477210148166286,-16.44525340471011
valid,data\valid\images\9079_jpg.rf.3c8b82bc0eae498a413d739b91a912c0.jpg,0,0,0.3222628589633238,0.3229707794371758,0.32261681920024976,0.0007079204738519862,0.007214953151820329,0.022363846899569034,172.29151021764577,2.8535986603736205,-5.258006651625695
valid,data\valid\images\9080_jpg.rf.4367670a68ed7d7f5cde557f88b469ca.jpg,0,0,0.3098275419024998,0.3289441930724247,0.3193858674874622,0.019116651169924892,0.011110913158033163,0.03478836820627115,174.41591312014498,3.904801692912682,-5.74771058903917
valid,data\valid\images\9102_jpg.rf.3f647bc18384cab9e035d421ce260157.jpg,0,0,0.3384291623704337,0.34645550429377114,0.3424423333321024,0.008026341923337454,0.030576319577851608,0.08928895934194717,170.67827574503966,-12.086966366667212,1.6028549986792435
valid,data\valid\images\9104_jpg.rf.3d412c82c15e29f3f3e7f291912bcba0.jpg,0,0,0.31764417718886095,0.3112510367291174,0.3144476069589892,0.00639314045974354,0.08179985619618517,0.26013826909757226,170.24236704636786,-0.35830612975884846,-1.5708736175985474
valid,data\valid\images\9109_jpg.rf.5b855882be5bd76af73361427939fcc7.jpg,0,0,0.32670714932007855,0.28520477361396807,0.3059559614670233,0.041502375706110484,0.03342021261325719,0.10923210142077688,178.24160486460104,25.20789292512366,-9.489386055756679
valid,data\valid\images\9110_jpg.rf.88e2954bc394b8f14a175fe6c4d4e33f.jpg,0,0,0.3256064323979357,0.3500185323706205,0.3378124823842781,0.024412099972684842,0.0185814088419564,0.05500509842267802,177.5563628843443,-9.824673165706308,-1.0255203613548274
valid,data\valid\images\9114_jpg.rf.67a185b623ce09500c141670b47bc628.jpg,0,0,0.3800185943290353,0.30666833450490144,0.3433434644169684,0.07335025982413385,0.016106277965084168,0.0469101049948169,174.66612209053466,27.92768165314974,-8.022308781624847
valid,data\valid\images\9123_jpg.rf.c3f2aacb72ca29b0b1e07e7a0491e298.jpg,0,0,0.28907903049576045,0.3164126571717077,0.30274584383373404,0.027333626675947242,0.12024727638822166,0.39718885935973625,172.95657063094663,-11.806441790144449,-0.6922358164277713
valid,data\valid\images\9127_jpg.rf.8eb5d88f426c8157d39573a6dda01578.jpg,0,0,0.3224606441289247,0.3041610865706046,0.31331086534976466,0.018299557558320134,0.0468458070307932,0.14951861621044285,158.70874594119667,-0.8043591314160697,-4.9039570686225575
valid,data\valid\images\9149_jpg.rf.4d556d3259870a0ad1a7e71304af12e2.jpg,0,0,0.3211757265730015,0.31555556212865493,0.3183656443508282,0.005620164444346543,0.01786400523455271,0.05611159857081557,165.41716057580967,1.0529556519417318,-4.594828334148683
valid,data\valid\images\9171_jpg.rf.45cfd5f68c2ae7139b806e2e9abc7efd.jpg,0,0,0.36139140089189237,0.3719530551412999,0.36667222801659616,0.010561654249407526,0.017052142899946394,0.04650513891435101,173.49725767498884,14.671136833150326,-6.730573637672001
valid,data\valid\images\9191_jpg.rf.08016134c7d1c9f9ead1eaf663061c71.jpg,0,0,0.37528648534234527,0.4209167961454531,0.3981016407438992,0.04563031080310781,0.03627419972472491,0.09111793575364913,-178.93130015196635,-26.491386990509593,1.69398662978881
valid,data\valid\images\9196_jpg.rf.9e69ba1cbe4577df9a9cee332653c2f3.jpg,0,0,0.52030790758967,0.5936893658669923,0.5569986367283312,0.07338145827732223,0.020634014190868348,0.03704499944931162,-174.2050560407186,-30.41788689948139,-0.7484665652010498
valid,data\valid\images\9207_jpg.rf.4f6e51017d3c1f1ebedc1720d87ea5e2.jpg,0,0,0.44660975237510403,0.5138689331279243,0.48023934275151414,0.06725918075282022,0.25169475102903144,0.5241027309152877,-178.67507960767895,-24.886451084585183,1.7124721137377825
valid,data\valid\images\9208_jpg.rf.c15fcb53619ea4792d6f2d68a1a903d8.jpg,0,0,0.3609072656350924,0.485422260458908,0.42316476304700024,0.12451499482381562,0.01089275995607177,0.02574117910394616,176.1289487500209,-35.40551387561336,10.989351144204846
valid,data\valid\images\9220_jpg.rf.1bc97f765e3629e9c68dec362781c911.jpg,0,0,0.3606790240165398,0.4507575809986008,0.4057183025075703,0.09007855698206102,0.12041894425135916,0.2968043184325219,-179.20653232881057,-29.4013882969799,12.342516330265218
valid,data\valid\images\9223_jpg.rf.cde851c1856b0e09de06a7876cdd768a.jpg,0,0,0.3251450264597929,0.40788548251495477,0.3665152544873738,0.08274045605516189,0.013036393634347526,0.035568488554673844,-179.75533237127866,-29.541000243220896,7.526148821818567
valid,data\valid\images\9224_jpg.rf.1bdcb3620b96b0e9b834255ae127bc50.jpg,0,0,0.3448084542200947,0.4356834014898685,0.3902459278549816,0.0908749472697738,0.10324212612871678,0.26455657512224534,178.24790637611653,-32.975460147169144,6.84432931244163
valid,data\valid\images\9225_jpg.rf.23d7f72a141fa4e636d5ce2361c851bf.jpg,0,0,0.35752098886850686,0.4243740376549644,0.3909475132617356,0.06685304878645754,0.026819624788304863,0.06860159964836349,176.3849285284948,-25.072042898740285,10.025825257605428
valid,data\valid\images\9231_jpg.rf.af587c021a9a2746bb030ba4898b9d80.jpg,0,0,0.4149535941442404,0.5574990889661195,0.48622634155517996,0.14254549482187917,0.1390136124393673,0.28590308783916674,-179.40904027019468,-36.14199590093925,-1.1592339862865082
valid,data\valid\images\9241_jpg.rf.641272cff3929201b81a2397e64fc144.jpg,0,0,0.5156138919480633,0.4363235028040785,0.4759686973760709,0.07929038914398479,0.02274947716921069,0.04779616242543771,174.4814329490033,28.174641250319915,0.45928825440743737
valid,data\valid\images\9244_jpg.rf.edc762b7caedf60951bd55a95aa24119.jpg,0,0,0.4044159810248059,0.36186954109364455,0.38314276105922523,0.04254643993116136,0.22280294911267026,0.5815141815461051,171.37099386175188,18.060068259938166,-3.280141522437688
valid,data\valid\images\9246_jpg.rf.c9a46424b12d2253e308a48bb743ad35.jpg,0,0,0.356064056922086,0.35148890794833226,0.3537764824352091,0.004575148973753718,0.01621401558780099,0.045831242020928954,171.87070424370802,9.060062233779792,-2.507694810657355
valid,data\valid\images\9250_jpg.rf.6a98ef456d4c193703c6b17604e0835a.jpg,0,0,0.3892621605943683,0.3825628465257884,0.38591250356007833,0.006699314068579876,0.1898542123958319,0.4919618064831,171.98308831642603,1.7142185725516583,-0.2605732195623801
valid,data\valid\images\9254_jpg.rf.6773a6fa9406f68a80a9c2ff67fdbf37.jpg,0,0,0.3949687498915975,0.3990068670230204,0.39698780845730897,0.00403811713142288,0.15090431981610153,0.38012331008983463,172.5067418377417,3.5956652671717464,-0.03887884954176328
valid,data\valid\images\9271_jpg.rf.b72ebae2980a4dd910bc9c865212865e.jpg,0,0,0.35027420283317984,0.3365432452429091,0.34340872403804446,0.013730957590270765,0.3128636502573785,0.9110532970115167,172.38304057849925,13.378011152774121,-2.8640600263242426
valid,data\valid\images\9275_jpg.rf.9290c3bf451771542163e034cdf8adab.jpg,0,0,0.3346714044179906,0.3324707950983881,0.3335710997581893,0.0022006093196024756,0.27860045377192927,0.8352056097602307,172.00165539346358,4.422030257565205,-1.6794782603842064
valid,data\valid\images\9283_jpg.rf.0934019601dfba1586a073aba8bd4034.jpg,0,0,0.4498564929167967,0.5097636073195866,0.47981005011819167,0.059907114402789896,0.18364386510268987,0.38274284804466446,173.43970526810034,-22.610646683439448,7.010656009031257
valid,data\valid\images\9284_jpg.rf.b7b3d1e8d71a2f93c32dce6152fbbfa7.jpg,0,0,0.41569783768945345,0.47152096703155544,0.44360940236050445,0.055823129342101985,0.18085477003425562,0.40768921729770247,173.9257408603983,-23.782392206100965,6.40177548240854
valid,data\valid\images\9290_jpg.rf.0cb40a45baf313a8fd92cd018bab2358.jpg,0,0,0.3961030566441503,0.3934232790462017,0.394763167845176,0.002679777597948574,0.16754323395984708,0.42441455436277337,173.06757672616976,8.364674572534165,-1.5054081468787603
valid,data\valid\images\9300_jpg.rf.2d0fe8f3ccf686843dc282b1cdc37a44.jpg,0,0,0.40153390217285123,0.42950748142863326,0.41552069180074225,0.027973579255782033,0.02752959555813534,0.06625324827707212,175.4902664795495,-29.515808916261825,5.372028522523158
valid,data\valid\images\9301_jpg.rf.1a9d5136cadc94c09dc008bab7e22228.jpg,0,0,0.4272885182652302,0.4499663099268127,0.43862741409602146,0.022677791661582514,0.04182274038366212,0.09534912556675393,177.0140406110583,-31.727248172263856,2.7366693506175386
valid,data\valid\images\9314_jpg.rf.813c8d415d11122e0aab5a873ded0c3b.jpg,0,0,0.364408993633513,0.41332088459162714,0.38886493911257003,0.04891189095811416,0.04782669615265231,0.122990507351467,179.72389882642852,-26.955826691505074,-5.341235126228549
valid,data\valid\images\9317_jpg.rf.1a80d757d70e640ea8daa8479d9bb4a3.jpg,0,0,0.3130197259674141,0.2960513822226533,0.30453555409503374,0.016968343744760805,0.23536490525952383,0.7728651124461992,170.5922808240985,-22.79335021308783,21.89917572065424
valid,data\valid\images\9322_jpg.rf.56a88fcc982811f4c14f8558e0210cc9.jpg,0,0,0.4541024173833447,0.4142808491224094,0.4341916332528771,0.0398215682609353,0.21120483027814918,0.48643228957648205,-179.97124232986812,21.18897587849117,-10.477353902408046
valid,data\valid\images\9326_jpg.rf.3c96f4e06aae97644c531ec0be37d47f.jpg,0,0,0.336086930032485,0.3004186261788314,0.3182527781056582,0.035668303853653605,0.2493396601982838,0.7834642062904612,175.48602799756125,24.549021370323565,-5.89235680490561
valid,data\valid\images\9349_jpg.rf.6f5e115f8d02d639fab48717dfde17fc.jpg,0,0,0.36599633689262123,0.3587425279821303,0.36236943243737574,0.007253808910490933,0.029567634339719,0.08159527734124992,175.9327719600823,17.88380264791371,-4.593659512026474
valid,data\valid\images\9353_jpg.rf.78415a55391313e52ae899dd0dbd4ec2.jpg,0,0,0.45865339821762907,0.4191946416477126,0.43892401993267083,0.03945875656991649,0.14953259362427157,0.3406799054816122,170.77459644328732,21.552237572203033,-5.309353331558331
valid,data\valid\images\9384_jpg.rf.74d510649eaa692337c7436b9742baf9.jpg,0,0,0.40366040633681577,0.3991131456070212,0.4013867759719185,0.0045472607297945555,0.20022556521796367,0.49883448385447476,172.14810954904357,7.157903303382826,-1.7158851082936664
valid,data\valid\images\9395_jpg.rf.15566c04421d75a16262ea4c9d99ad79.jpg,0,0,0.384151612179955,0.3655255735911962,0.37483859288557564,0.01862603858875883,0.17006957845060267,0.4537141630518249,170.69557456171728,12.838921782371452,-0.4205734872108762
valid,data\valid\images\9402_jpg.rf.a0271d389fc900eaa1f4ad8bba344251.jpg,0,0,0.337878068514471,0.3486555908150296,0.3432668296647503,0.010777522300558617,0.13295498231347108,0.3873225456806323,170.66390143422842,-1.7879329416888476,1.0667925116092076
valid,data\valid\images\9405_jpg.rf.cac85d57872bef26e602b6db0c57ba76.jpg,0,0,0.34639064170558326,0.36674125573922234,0.35656594872240277,0.02035061403363908,0.2756952478456104,0.7731956706282331,171.83418139424595,-1.8124808518817765,2.129518513920323
valid,data\valid\images\9419_jpg.rf.62f7f8c7d7c5abcb685b675679feaa14.jpg,0,0,0.37821073014440637,0.39338222995916067,0.3857964800517835,0.015171499814754297,0.007712985663156965,0.019992369194560017,172.79880505428312,-0.39585495825717215,1.3303832472926687
valid,data\valid\images\9435_jpg.rf.8d48a1a8787a55af764eb17420c964d0.jpg,0,0,0.4163626415723423,0.5272066933096139,0.47178466744097813,0.11084405173727158,0.023490856361351297,0.049791478999876744,-178.8430230788859,-36.94384973544467,3.643952618137568
valid,data\valid\images\9437_jpg.rf.a16075da82b1cf9043e4ca82faed159c.jpg,0,0,0.3991147770417513,0.4805241649925544,0.43981947101715285,0.0814093879508031,0.04413970924592943,0.10035869749888356,-178.64756370476192,-32.76131117253532,3.8147797043267326
valid,data\valid\images\9450_jpg.rf.cc4ccca61dd5992e0b00333acbe2b594.jpg,0,0,0.2736554153989171,0.27521952386634757,0.2744374696326323,0.0015641084674304917,0.2090333134173614,0.7616792039992852,177.69257254981991,-22.851406830349585,7.624150755953696
valid,data\valid\images\9451_jpg.rf.4960d4d378f6c2eeab3742c0b05f9395.jpg,0,0,0.30093484241893054,0.3330939139833685,0.3170143782011495,0.03215907156443798,0.08600939552433183,0.27131070840502325,178.85023833017485,-23.61675492294331,7.054677034960759
valid,data\valid\images\9452_jpg.rf.8285fbd94f7ffe2d6323ba1b6e797e77.jpg,0,0,0.3068120181769143,0.3137681956701718,0.31029010692354303,0.006956177493257498,0.061602743747963276,0.1985327355704012,-179.8192143740089,-22.984147062073692,5.983087778763113
valid,data\valid\images\9454_jpg.rf.930c25e9b9df61bb9bcbcad866d0f15d.jpg,0,0,0.2726133865969043,0.275693761634638,0.2741535741157711,0.0030803750377336736,0.15889830553025475,0.579595965665413,179.02199750168833,-23.67947589212453,6.764398529485211
valid,data\valid\images\9455_jpg.rf.d71e5e0eae827e4a466bce2907bf28b2.jpg,0,0,0.2919096302932648,0.3184817436803048,0.3051956869867848,0.02657211338704002,0.03919947898356846,0.12844047493130473,-178.7558821442086,-25.023869817891747,5.02686425094848
valid,data\valid\images\9459_jpg.rf.704714d26b8b760e8eff1b4c9a6c6079.jpg,0,0,0.25779135850008633,0.27126343072259684,0.26452739461134156,0.013472072222510512,0.1631432427401285,0.6167347732730203,-141.06511602816326,-25.9735362542777,168.77441137230608
valid,data\valid\images\9460_jpg.rf.ddfbe55a338aa4452008334fef2caa21.jpg,0,0,0.2867347575928154,0.3265267063681517,0.3066307319804835,0.03979194877533626,0.1490918383672347,0.4862260133035984,-175.98060709577587,-26.2706745377974,0.1664144660540581
valid,data\valid\images\9468_jpg.rf.e15f13d4c30c63a259ec65f87f45ace9.jpg,0,0,0.38755727446221816,0.447956796832749,0.41775703564748357,0.06039952237053087,0.02710582520405775,0.06488418600071284,-169.53962359039312,-38.23999080096634,0.9930286518695576
valid,data\valid\images\9471_jpg.rf.1fc8596b1877a8232cede8f06c156745.jpg,0,0,0.35686857510383396,0.4361197905615015,0.39649418283266774,0.07925121545766756,0.048991063711801654,0.12356061156255937,-171.72376936957818,-35.3728242472016,-0.10685249335223497
valid,data\valid\images\9481_jpg.rf.05b81cedfe709267da97d69cf1daa71b.jpg,0,0,0.37553889418326797,0.46339927231991895,0.4194690832515935,0.08786037813665099,0.13205161650282482,0.3148065537493297,-173.05217232954942,-40.21985710876709,6.240488809617394
valid,data\valid\images\9482_jpg.rf.66932869b35d273db71eb0f0ff216883.jpg,0,0,0.28417005411703344,0.38717887730547673,0.3356744657112551,0.10300882318844329,0.14410081002661776,0.4292873743651753,-175.97701345522017,-29.34957780440118,-10.495908394269797
valid,data\valid\images\9483_jpg.rf.a41330d0cee4dbc5ca2ea555fb372a6d.jpg,0,0,0.3876108434410434,0.472980435183931,0.4302956393124872,0.08536959174288761,0.0341921875622105,0.07946208243439719,-170.83806055189876,-33.87375793608167,-5.241671927511686
valid,data\valid\images\9487_jpg.rf.4dde954f363cbc25267c6a0c9e997404.jpg,0,0,0.381062452846714,0.40371008094397415,0.39238626689534406,0.022647628097260175,0.1368841837408143,0.348850597713002,-170.78687080263688,-33.429453026771846,-1.0386333442519762
valid,data\valid\images\9490_jpg.rf.d51ebba12078de353be536f2493ed4b8.jpg,0,0,0.29913670740284554,0.4085428818961821,0.3538397946495138,0.10940617449333656,0.09948225876697879,0.28115056664420174,-176.41560920491875,-36.42379441631745,9.838348777448834
valid,data\valid\images\9495_jpg.rf.3d34e0c6883d4a9e6923f68eade198c4.jpg,0,0,0.3912024059948073,0.43136845018149855,0.41128542808815294,0.04016604418669123,0.20586819090850908,0.5005482247826789,171.50755579401024,-1.6851722197975691,1.798914742217388
valid,data\valid\images\9498_jpg.rf.716d75b6ab8d54a849826b1009824abd.jpg,0,0,0.3891835149930888,0.46427421037041056,0.4267288626817497,0.07509069537732177,0.017692138012116224,0.041459904776375185,171.48926100266866,-23.03726149393143,7.8226952665133025
valid,data\valid\images\9507_jpg.rf.1d1869e08169d57838484ad536ca5c44.jpg,0,0,0.318786648850786,0.2865278679681228,0.3026572584094544,0.03225878088266321,0.2435233554602308,0.8046175952957869,173.33835163028695,9.313306543312814,0.06785060367844989
valid,data\valid\images\9518_jpg.rf.91440a4aca6e5b26f15582b892776df0.jpg,0,0,0.39222331288237233,0.37692161672930746,0.3845724648058399,0.01530169615306487,0.017290988590870884,0.04496158766749104,174.0545735551673,8.622376676546553,-1.8350227054554933
valid,data\valid\images\9526_jpg.rf.b426dc8e71fe7a21274303ad39fc3131.jpg,0,0,0.38641034868313484,0.37635117834405074,0.3813807635135928,0.0100591703390841,0.01361777925693891,0.03570651841870771,172.8348125383777,5.7234415311814235,-1.1427104859325392
valid,data\valid\images\9527_jpg.rf.f135cae6144a7337274e24375ad6964f.jpg,0,0,0.386075087402428,0.39232822840678916,0.3892016579046086,0.00625314100436114,0.010675139351812286,0.027428298762357046,173.1957764156476,3.0585398310755165,-0.2917788060554219
valid,data\valid\images\9528_jpg.rf.4a02c569f2830d11280f84e1eeba4325.jpg,0,0,0.3917470074303354,0.4045762300640549,0.39816161874719513,0.012829222633719495,0.007773416522833788,0.019523269337945317,173.9189691609867,0.46166272480383597,0.32093487831927614
valid,data\valid\images\9531_jpg.rf.983feafdc18fef834f74783f332e6126.jpg,0,0,0.3986574413849479,0.40671504157104527,0.4026862414779966,0.008057600186097358,0.010309067531851932,0.02560074437610314,172.82097526427407,4.843144227696173,-0.35059244700141207
valid,data\valid\images\9532_jpg.rf.94440310351d837c95af709a44d44041.jpg,0,0,0.4044764840077959,0.41755087711142735,0.4110136805596116,0.013074393103631454,0.013161926348792619,0.03202308577873157,172.22367748939737,3.7101092337476844,-0.5111759621729739
valid,data\valid\images\9538_jpg.rf.05c4024a37c4e5a2ad6b03e895dd8323.jpg,0,0,0.49162184780409474,0.44335594134071343,0.46748889457240406,0.0482659064633813,0.01069221921181414,0.02287160045073144,173.1968833031803,24.08196580145146,-0.973966087272614
valid,data\valid\images\9549_jpg.rf.ab088dcf7ffda8997b2d27a458f4c94e.jpg,0,0,0.439539903083665,0.4007487363577438,0.4201443197207044,0.0387911667259212,0.0119981262754801,0.028557154559309496,174.3370416605534,17.762555425719313,-0.691048239571616
valid,data\valid\images\9553_jpg.rf.86576e581e04cf683b6795ce70020707.jpg,0,0,0.40479612136147797,0.3954403214647417,0.4001182214131098,0.009355799896736294,0.012005411378232791,0.03000466046218268,172.53369411097432,8.527739787206924,-0.4100884852375484
valid,data\valid\images\9556_jpg.rf.6b187c9c85c0f9ccdb114cd275f60531.jpg,0,0,0.3971165919135241,0.3994013630814829,0.3982589774975035,0.0022847711679587768,0.011783617580953474,0.02958782663230069,172.87131415776977,8.284189368060435,-1.133587092866405
valid,data\valid\images\9572_jpg.rf.981e1fda9aeabfbd212790efeeee975a.jpg,0,0,0.35280935400129454,0.3511135307033287,0.35196144235231164,0.0016958232979658594,0.012784086856046295,0.03632240728019715,170.92312362664026,11.094276717176177,-1.5132013795720594
valid,data\valid\images\9576_jpg.rf.faf650be31d740ad2f782c8e51fded40.jpg,0,0,0.4266177379710039,0.9121193352468655,0.6693685366089347,0.4855015972758616,0.019078893153706405,0.028502823348048805,179.6974632436317,-47.682803552037505,10.285729234129999
valid,data\valid\images\9579_jpg.rf.e2bb2270d49f457a3bce87f6967b484e.jpg,0,0,0.2890196899673607,1.009473004214097,0.6492463470907288,0.7204533142467362,0.05774596774744801,0.08894307685550722,129.69063007307886,72.61993334004588,-41.007017885594905
valid,data\valid\images\9580_jpg.rf.34f4de406cdf1d4f233d4de020e56f62.jpg,0,0,0.4146662184974733,0.48024753048907337,0.4474568744932733,0.06558131199160006,0.012439363681322894,0.027800139835620956,-177.03953302500744,-35.818417893865636,8.2118170779243
valid,data\valid\images\9595_jpg.rf.4bf7031bdea057a85e70e41f6591edda.jpg,0,0,0.37390629104565937,0.4648133010504783,0.41935979604806883,0.09090701000481893,0.014211032870631999,0.03388744701936823,-172.52542356065172,-39.05100304072408,3.164396570223046
valid,data\valid\images\95_jpg.rf.1104155ce60785b0a8e51161947322d3.jpg,1,1,0.32865986201207226,0.43790000707972193,0.3832799345458971,0.10924014506764967,0.1728144359077534,0.45088307613207224,-178.255837809546,-37.71109766008355,6.140363394772399
valid,data\valid\images\9603_jpg.rf.75a272edfc9205b8e676d98e9d9af29b.jpg,0,0,0.3344122196949795,0.5283630343073793,0.4313876270011794,0.19395081461239982,0.020216774785213328,0.04686452165017254,-178.00323568817873,-35.1517895251406,2.1815295580805083
valid,data\valid\images\9607_jpg.rf.9058021225dd4594be398480a99d7d45.jpg,0,0,0.31856544079300525,0.5212084971553211,0.4198869689741632,0.2026430563623159,0.006803246213686398,0.016202565729314215,-177.2565448787838,-34.820290814952614,4.256108906559615
valid,data\valid\images\9609_jpg.rf.637aec76b3f8842124734a2e2daf2bb9.jpg,0,0,0.32601441767735123,0.8222711396077864,0.5741427786425688,0.4962567219304352,0.018923699281975116,0.03295991865771775,179.5243992898131,-44.58295049880095,6.4061710903571365
valid,data\valid\images\9611_jpg.rf.afeb80941cb75f8a16ea92f25112e9dd.jpg,0,0,0.33863798636244713,0.5132629540937165,0.4259504702280818,0.17462496773126934,0.009852872633531457,0.023131498430452684,-176.74486803389135,-36.29498009367297,5.641979201133842
valid,data\valid\images\9632_jpg.rf.889979f5898d2aa0b8790a80f1e0b724.jpg,0,0,0.28273286970936456,0.3278393546475839,0.30528611217847423,0.04510648493821934,0.1764866825204163,0.5781025584853329,168.3676521053239,-6.872068505792755,-1.1577881797581682
valid,data\valid\images\9637_jpg.rf.e8788e030f0cd08348c9ad9417c86776.jpg,0,0,0.3402685937387045,0.4380977834927903,0.3891831886157474,0.09782918975408583,0.41520738593395745,1.0668687602123137,173.1331651844201,-27.185086276201805,2.8232992156054166
valid,data\valid\images\9641_jpg.rf.b019f140750f62c3a584020ed58f68a8.jpg,0,0,0.3591333528230798,0.38347312242625703,0.37130323762466844,0.02433976960317724,0.3174111171841521,0.8548568528912395,169.47520076655425,-13.487871801062063,5.636463393232074
valid,data\valid\images\9651_jpg.rf.de9fafef88df7bcb2af8f61811ec92b3.jpg,0,0,0.41541964171714973,0.40356330211645947,0.4094914719168046,0.011856339600690269,0.022126994532096392,0.054035299999097126,173.6725742803534,11.679975552338096,-1.054300033862231
valid,data\valid\images\9662_jpg.rf.4a1dece4f6918e2f843b4f6d2ac835fc.jpg,0,0,0.3613651454869456,0.36121013657253287,0.3612876410297392,0.00015500891441272424,0.010166214228296238,0.028138837518273733,171.21079045566282,3.669142882203355,0.4643518074327849
valid,data\valid\images\9663_jpg.rf.c97961e2ea77fa94980a3945e503255c.jpg,0,0,0.3885930941256435,0.398816477028411,0.39370478557702726,0.010223382902767475,0.010139786271252454,0.0257547955796149,172.16359926359996,-6.055658538789191,2.7244829687150425
valid,data\valid\images\9668_jpg.rf.42edaa66dc7859966908c62460737d66.jpg,0,0,0.4171405931643471,0.4282275991428762,0.4226840961536117,0.01108700597852913,0.021375884049621832,0.0505717727355737,171.8691923489692,12.54591619505997,-1.085743520672789
valid,data\valid\images\9674_jpg.rf.dd675d9b25719e9d8cacc18fee7ad5ae.jpg,0,0,0.45326941372705637,0.419523770011528,0.4363965918692922,0.03374564371552835,0.0673337462696394,0.15429484905282426,171.42483092604567,18.214751719466452,-1.8847098848540484
valid,data\valid\images\9684_jpg.rf.564e8752c7161af668183f51c706f831.jpg,0,0,0.3965123647922403,0.402736558687982,0.3996244617401111,0.0062241938957417475,0.11776417015886131,0.29468709109065305,171.2961820272892,-2.6452026148803074,1.4508956110696118
valid,data\valid\images\9688_jpg.rf.c720d704683fa3e6c400b1817f04a2fe.jpg,0,0,0.3779720070084552,0.3819188965068626,0.3799454517576589,0.003946889498407435,0.16069346227988693,0.4229382442571841,169.18058950825943,-1.8213514189165974,1.9821247145929441
valid,data\valid\images\9704_jpg.rf.d4810714e05c411dd0074d220a66fe1f.jpg,0,0,0.5176953235554722,0.45179228589674186,0.484743804726107,0.06590303765873035,0.00922323055160686,0.019027020998892863,172.92325866964245,30.402738839212518,0.2717628839835865
valid,data\valid\images\9705_jpg.rf.865e2bf308224ffdfeff81905a1e4187.jpg,0,0,0.5130206557887134,0.4426470243525959,0.47783384007065466,0.07037363143611747,0.4200583683175824,0.879088781689197,170.80259881775854,28.5230979937008,1.2126397692080813
valid,data\valid\images\9707_jpg.rf.961c6053af2e001a1bb926fdf8b8c7ac.jpg,0,0,0.5113359453975541,0.44859601235202334,0.47996597887478876,0.06273993304553077,0.26644737069177726,0.5551380356508284,170.5191780133236,29.25907199168988,-1.728821773149883
valid,data\valid\images\9710_jpg.rf.86a9fce93aefd1b5eb7cc9f3056f8006.jpg,0,0,0.4083164001312791,0.4754038481592525,0.4418601241452658,0.0670874480279734,0.18964042008496176,0.42918654506740606,171.2584745409379,-24.89095336952596,7.43927862219854
valid,data\valid\images\9715_jpg.rf.40aa6de4435ba044458e16b349c72e1f.jpg,0,0,0.38322814381325837,0.773828477583598,0.5785283106984281,0.3906003337703396,0.010331328064345746,0.01785794726600891,-178.1757884309184,-43.69081146255381,4.9572997754724835
valid,data\valid\images\9718_jpg.rf.e492787dac3ed2c9fd34f679d999f33b.jpg,0,0,0.4224456364433408,0.7878624244642243,0.6051540304537826,0.36541678802088345,0.012168146191554171,0.020107519043423918,-177.30110284814972,-44.499763337606275,3.7143055396022246
valid,data\valid\images\9724_jpg.rf.8b1a5988c41c3f6c9271f832ee16df67.jpg,0,0,0.4245711758646369,0.814535933884506,0.6195535548745714,0.3899647580198691,0.011403948622666575,0.018406719698308087,-179.4928357048124,-44.57388145592772,5.496295224855539
valid,data\valid\images\9735_jpg.rf.9a9f2fe4d414d16c933965d606cd7bc2.jpg,0,0,0.38861487661127475,0.6064666190336903,0.4975407478224825,0.2178517424224155,0.01042771934355471,0.020958523275113165,179.9439304395505,-40.2324989906844,4.999718442112806
valid,data\valid\images\9738_jpg.rf.efd48c368a6a5f64d7830be5c3356d72.jpg,0,0,0.4430820089522834,0.35507298379004276,0.3990774963711631,0.08800902516224063,0.00941434025356006,0.023590255875526062,-176.03384877203325,30.387833491701457,-2.5725620176772064
valid,data\valid\images\9747_jpg.rf.a095f1b09be113a3a3f4615cb07993bb.jpg,0,0,0.2997012877235976,0.371756043562093,0.3357286656428453,0.07205475583849541,0.21853612772893752,0.6509307964825991,-159.92356033961374,-43.23865513977867,155.34838150436337
valid,data\valid\images\9749_jpg.rf.03162ca54141c26bd8a882abc036c54d.jpg,0,0,0.41639670774315185,0.5158035272021169,0.46610011747263436,0.09940681945896501,0.311721509798274,0.6687865935081551,-173.19176940195968,-32.80412727519291,-8.352193514727725
valid,data\valid\images\9874_jpg.rf.c4b86d00a2b3399a3cdd1fea0afbba1f.jpg,0,0,0.3948425395849711,0.4651148404430491,0.4299786900140101,0.07027230085807801,0.023791003799747024,0.05533065789602697,179.8286947602673,-30.504370212312523,6.467132483749734
valid,data\valid\images\9878_jpg.rf.a4fbd541ee2cfc8b06cad33b44c3fe95.jpg,0,0,0.16531318215169846,0.2670190190690862,0.21616610061039232,0.10170583691738774,0.013904898340137887,0.06432506438740562,179.2916088749722,-33.204001916476436,8.478349160777144
valid,data\valid\images\9879_jpg.rf.7f9388302658d281caf7346b639a4fcc.jpg,0,0,0.40535707385304737,0.49243104976895485,0.4488940618110011,0.08707397591590749,0.010015164244163297,0.022310752349359447,-178.8220481922338,-36.659506570857545,7.218046411152906
valid,data\valid\images\9882_jpg.rf.aeedf58375e4c35d83650091e328cd97.jpg,0,0,0.38131123417092255,0.4680894001011759,0.4247003171360492,0.08677816593025334,0.018835761951950376,0.04435071317810317,-178.4641938212333,-33.296233411304144,7.957393552885781
valid,data\valid\images\9890_jpg.rf.fbcc2e6b3e3460731d47b4ae40778081.jpg,0,0,0.3864394549273695,0.3986095526839787,0.39252450380567405,0.01217009775660921,0.012370039656376713,0.031514057177181254,-178.3657979656978,-22.632975703550095,7.74172398066168
valid,data\valid\images\9900_jpg.rf.e3381b4f13dd08d9cd72e8ef37517836.jpg,0,0,0.323025831841463,0.3214535076583721,0.3222396697499176,0.0015723241830908896,0.0836834159952124,0.25969309135699237,177.93735024693646,-8.018672598645406,4.156740286463545
valid,data\valid\images\9901_jpg.rf.40b8ead32ecb3247617993e6f798cfd7.jpg,0,0,0.5113779674102248,0.3685243981789598,0.43995118279459233,0.14285356923126497,0.1520627893374571,0.3456355961394319,-176.85705759676,36.444754367511194,0.7748378299617364
valid,data\valid\images\9908_jpg.rf.7e862bcd4d30fbee6fef71b2486e9446.jpg,0,0,0.43254711317766775,0.3897678779979695,0.41115749558781867,0.04277923517969823,0.11699089971183363,0.28454035489387225,170.7365718789599,25.517262199060983,-4.093112789554534
valid,data\valid\images\9912_jpg.rf.5aebb20ccfc65956d46e726732473853.jpg,0,0,0.4664495069701648,0.3786837497595842,0.42256662836487446,0.08776575721058061,0.006066259012552506,0.014355745592182593,-178.8067368809187,30.66278167196253,1.69266891894782
valid,data\valid\images\9916_jpg.rf.7c21720c84765387910fd64640c745e6.jpg,0,0,0.47224073470352534,0.3876681684418865,0.42995445157270595,0.08457256626163884,0.1441049023624106,0.3351631826006161,177.9061191237031,32.804527681399094,-0.6204572737500101
valid,data\valid\images\9925_jpg.rf.3ab342ae36ac0cb56a1da5dde188a62d.jpg,0,0,0.368127461793794,0.37838307772209895,0.3732552697579465,0.010255615928304929,0.0070445407611886045,0.01887325198585124,166.91206487097043,-2.8190022374425787,1.6223445251092092
valid,data\valid\images\9943_jpg.rf.93bf26aa13ddd5ed8d17dbe2d4d8ee9d.jpg,0,0,0.3780634834116385,0.46896257267124886,0.42351302804144364,0.09089908925961038,0.06922484473491157,0.16345387308401158,-179.44893104348927,-35.585335764141654,-2.0624413916922637
valid,data\valid\images\9947_jpg.rf.0aa510ff1d6e472fbceafe584f3136fa.jpg,0,0,0.3102593077775762,0.4023077197798616,0.3562835137787189,0.09204841200228536,0.16525263703746704,0.463823417718122,-151.6687594560258,-43.035122287209624,165.87030447432508
valid,data\valid\images\9957_jpg.rf.11fb5f1ef1aada600b770bde675ff273.jpg,0,0,0.16625249948909993,0.10910187677031963,0.13767718812970978,0.0571506227187803,0.20254725627794046,1.4711751382307043,-137.21052897175667,40.49955036549388,-152.08703057306445
valid,data\valid\images\9962_jpg.rf.c0161a14600498bba0c84e05d6668184.jpg,0,0,0.15098421380135651,0.24845473675825305,0.19971947527980477,0.09747052295689654,0.31590437852819053,1.5817404791676526,-147.8911141835511,-46.43044889260487,164.17345608911114
valid,data\valid\images\9963_jpg.rf.f4123652a756343656b256e7d85b485f.jpg,0,0,0.2731484661214365,0.40391705078323314,0.3385327584523348,0.13076858466179664,0.19436765862417849,0.5741472686801898,-148.98669286867081,-45.991868298625775,163.22116286147696
valid,data\valid\images\9968_jpg.rf.77ccbe29e83b69a1b51424a373e361b0.jpg,0,0,0.2375806579686282,0.370762878359262,0.3041717681639451,0.13318222039063382,0.017909283212844778,0.058878847701578536,179.75594317809302,-33.893768802981384,4.475249642928908
valid,data\valid\images\9970_jpg.rf.e666cab78749700eccaaa0fc19cccd00.jpg,0,0,0.19642624393685862,0.3163229856577642,0.2563746147973114,0.11989674172090556,0.02322069192495436,0.09057328840186668,174.23111959447115,-34.10193295709127,3.1372674600212522
valid,data\valid\images\9984_jpg.rf.213eaf9542cf039a7f33275ef6d3d4a7.jpg,0,0,0.2808847509699734,0.39112453339334124,0.3360046421816573,0.11023978242336785,0.2932626538513078,0.8727934588854831,-146.73828079525154,-30.236752199727928,165.09765887287875
valid,data\valid\images\9985_jpg.rf.2670dbacac5e1e1bd764dbb6dbaaf747.jpg,0,0,0.32108159391148466,0.43608660736110816,0.37858410063629644,0.1150050134496235,0.1768500473440271,0.4671354318546143,-179.71808503333483,-31.862123577989074,-0.6971232042779155
valid,data\valid\images\9988_jpg.rf.39fb10ceae827e47896d0ef21da8fc59.jpg,0,0,0.4291859350029676,0.3804950761085348,0.4048405055557512,0.04869085889443281,0.011722738776505738,0.02895643745038102,-177.08217186410795,33.034254161485165,-3.472037827602096
valid,data\valid\images\9991_jpg.rf.72e427b576ccd25cc0356feff05c880a.jpg,0,0,0.2625941974953726,0.38297734429376074,0.32278577089456667,0.12038314679838813,0.16874607910949538,0.5227804145202356,-179.42625406104563,-29.303456224158197,-1.2058710484431308
valid,data\valid\images\9995_jpg.rf.48681d194bf6bb72ab6e4583181bf357.jpg,0,0,0.46213039735276457,0.5869878001527256,0.5245590987527451,0.12485740279996099,0.06797487826010407,0.12958478543548158,179.67531666569727,-40.555473011387804,6.416669368712014
valid,data\valid\images\9998_jpg.rf.2386dc7ceadb33275e22dcb73fd78976.jpg,0,0,0.49588972558720457,0.6615476368029296,0.5787186811950671,0.16565791121572504,0.048528898880462884,0.08385576698552329,178.8147780569608,-41.00933896392358,7.555490217994519
test,data\test\images\10013_jpg.rf.c1fac9400faa5279278fee614efb3c1f.jpg,0,0,0.42835336094248555,0.5270921820066251,0.47772277147455533,0.09873882106413956,0.07706478455919001,0.16131695862292525,179.74100145995845,-36.300315456170345,4.68330049096626
test,data\test\images\10014_jpg.rf.d88ed30d04d2ee56eb3ebe1842ea915d.jpg,0,0,0.4572621200753327,0.5732856735332388,0.5152738968042857,0.1160235534579061,0.26797906039165353,0.5200710962725885,179.17060347005003,-39.0958827324926,5.467012025614439
test,data\test\images\10047_jpg.rf.86f492a9b315351ddfe08f50c963de3b.jpg,0,0,0.46865046890297063,0.3704801566510386,0.4195653127770046,0.09817031225193201,0.016119310391558003,0.038419073027910866,177.78010857216765,32.29900515960823,-1.81941801261315
test,data\test\images\10058_jpg.rf.46eadd3bff7686d344c65e7d0cf7a4c4.jpg,0,0,0.7152257632262852,0.3365520515848877,0.5258889074055865,0.37867371164139746,0.18430576175855984,0.35046520123006875,172.06195086756523,43.266592977178924,-10.279695634791963
test,data\test\images\10060_jpg.rf.809099bb238e8254b22602d626fbad5e.jpg,0,0,0.4937140437183021,0.33709949524692645,0.41540676948261424,0.15661454847137563,0.2083893009921527,0.5016511917985831,176.22173180770687,31.48571909151392,-5.418322163822326
test,data\test\images\10097_jpg.rf.fd0a4529abfea10a7c493ab4d89f097b.jpg,0,0,0.3955019124355546,0.5101123670712425,0.4528071397533986,0.11461045463568792,0.20289351918696186,0.44807932864631694,179.76147238983776,-35.18516921335777,4.979740473670445
test,data\test\images\10103_jpg.rf.e1b7b2b9c2ad97ac560def160457a230.jpg,0,0,0.27081317670342214,0.44589823141541146,0.3583557040594168,0.17508505471198932,0.11387364603724717,0.31776708099605544,158.87688855859213,-48.83703851433957,15.91246165630318
test,data\test\images\10121_jpg.rf.a58670a6c0485edde7eb71af4297d21e.jpg,0,0,0.352072510683497,0.4059728742694824,0.3790226924764897,0.053900363585985434,0.12796603864412895,0.33762104798531695,177.2446950059814,-30.762300609124726,12.215466120009902
test,data\test\images\10140_jpg.rf.2071b3f6ad46fdbe3cdd20615b783e0a.jpg,0,0,0.3544568193031426,0.44351473777211786,0.39898577853763023,0.08905791846897526,0.021747811890948057,0.05450773701924546,-178.45937284824572,-24.618910018013292,-3.4784241856420257
test,data\test\images\10143_jpg.rf.803622faef47d132b68fbd7e330ab22a.jpg,0,0,0.5186742872322283,0.36765381560059307,0.4431640514164107,0.15102047163163523,0.012686525929934338,0.028627154863727168,171.90944030823684,36.92455473351249,-7.454686869171017
test,data\test\images\10147_jpg.rf.f7d8e51aa956226674a05913b8f2c38e.jpg,0,0,0.4002069637997749,0.3972620912804481,0.3987345275401115,0.002944872519326791,0.19677280231695188,0.4934932611200998,167.57802985943886,-0.7754937032063569,-1.9392159898106935
test,data\test\images\117_jpg.rf.b96187674257fc3a42f95c06d924f16c.jpg,1,1,0.2934421024379086,0.3973820835624501,0.34541209300017933,0.1039399811245415,0.5492361020852473,1.5900893837117687,-169.4163433084661,-58.546804609835156,166.475428733896
test,data\test\images\1246_jpg.rf.1c642e2ac9b0f67f483b935c76323267.jpg,1,1,0.34016728488949943,0.3498804724598431,0.34502387867467127,0.009713187570343673,0.33756186135958793,0.9783724612228378,167.89953630118347,-10.967089143692133,5.628668375127071
test,data\test\images\1251_jpg.rf.a2fc977626411ca2d8cbe2b12a81f158.jpg,1,1,0.3287857521209755,0.34644526697146716,0.3376155095462213,0.017659514850491664,0.520844569519312,1.54271517389519,165.57646684347398,-8.478667073427586,4.828891086386754
test,data\test\images\1257_jpg.rf.c980bf5201c198097d8892f3955eda14.jpg,1,1,0.37861438169291256,0.5005755952463399,0.4395949884696262,0.12196121355342732,0.07438394350946194,0.16921017177292388,175.43360716512024,-28.74821882394308,3.0796178623090453
test,data\test\images\1272_jpg.rf.780f32a51cd4a5718149294befe37b0e.jpg,1,1,0.09612189921419793,0.2023317631926016,0.14922683120339977,0.10620986397840367,0.12388719142117477,0.8301938091301659,176.6147223990843,-29.25299264810024,2.3737330019757104
test,data\test\images\1277_jpg.rf.d6581fd8e482e331f3bd604189f38861.jpg,1,1,0.28808362684422806,0.54169809680339,0.414890861823809,0.2536144699591619,0.11377343928705207,0.2742249824132498,173.11153851195664,-37.66111506703958,5.9284936658543685
test,data\test\images\1278_jpg.rf.59e3929fcde83e9d29c35f7d82287014.jpg,1,1,0.3590287366312802,0.5498065407808418,0.454417638706061,0.19077780414956158,0.037849392108270284,0.08329208394296744,177.06768704049634,-38.822373411592615,1.8011144251596112
test,data\test\images\1289_jpg.rf.a66a1f05b3e89c0b896f03fb1e5c18b6.jpg,1,1,0.1914660130548768,0.352277810901161,0.2718719119780189,0.16081179784628422,0.14874208968766342,0.547103555514368,-171.67859807422505,-33.536898016586996,-13.728738546707149
test,data\test\images\1523_jpg.rf.d3d4949d0441825902058075b504a9e1.jpg,1,1,0.13381006822974723,0.2556285168829881,0.19471929255636766,0.12181844865324087,0.19623914047122576,1.007805327838371,-172.91439498183595,-22.71469330765031,-6.039140553355676
test,data\test\images\1528_jpg.rf.2f721c146fe4093fec437416b201830c.jpg,1,1,0.31963603793763185,0.3720871346648025,0.34586158630121716,0.05245109672717063,0.062029956668563244,0.17934907814405335,-177.69488706942445,-30.51843051381416,4.637130608647817
test,data\test\images\1533_jpg.rf.d606918d79e9c4fdbff2df63bd1d50c2.jpg,1,1,0.36943601029343026,0.445135817512898,0.40728591390316415,0.07569980721946773,0.031379277521263814,0.07704483865043395,-174.11621599702724,-28.64820416813287,-4.607425962048071
test,data\test\images\1535_jpg.rf.42642fb071fe4154c4a0639e0d3f3af3.jpg,1,1,0.3649736115058624,0.44795828496871365,0.406465948237288,0.08298467346285127,0.10523897747444783,0.2589121620909092,-176.00220436391095,-32.01955901437795,-2.081225603806635
test,data\test\images\1544_jpg.rf.36278d06dfac2af03e0a7e1753e51e2e.jpg,1,1,0.2700359797109963,0.4445460462711968,0.35729101299109656,0.17451006656020052,0.48227000067300557,1.3497960573808874,-170.83188793030175,-37.21212752705749,-10.19470782064875
test,data\test\images\1553_jpg.rf.bf36c5af5d66c71fa47cad3c4ddfd841.jpg,1,1,0.2772574945277773,0.42885348315514127,0.3530554888414593,0.15159598862736395,0.012884511096509156,0.036494294816911875,174.19691694970086,-37.06480427013841,21.406645002918584
test,data\test\images\1557_jpg.rf.522cdd62da569074eee76dc11bc1460f.jpg,1,1,0.23492326229508517,0.4163184722949027,0.32562086729499395,0.18139520999981754,0.015604710086443162,0.047922942457819154,176.5903609803995,-37.95394428911212,17.113005327974793
test,data\test\images\1571_jpg.rf.73afe08f476a57ae1fa0bf080303c4a1.jpg,1,1,0.4813206139185638,0.5959398789123542,0.538630246415459,0.11461926499379044,0.04984385864773709,0.09253817248371024,-178.6153119110474,-38.553716248402,6.025869448045061
test,data\test\images\1573_jpg.rf.b8a944c1873c43aae91788d68f1791ec.jpg,1,1,0.41339885698944945,0.5114017958195378,0.46240032640449363,0.09800293883008837,0.01917520083590607,0.04146883066672447,176.8975416209736,-35.3802056446731,6.619644346683244
test,data\test\images\1592_jpg.rf.13bd34ba9a10f91ed6a089dc115203ae.jpg,1,1,0.1859732463036108,0.223897970535128,0.20493560841936942,0.03792472423151719,0.2390445980135861,1.1664375940193754,166.75688275761198,-2.9485807290775674,1.4227992824518627
test,data\test\images\1598_jpg.rf.bb7da37ae3a5997e1c7495fae0afdda8.jpg,1,1,0.44207118518431304,0.3630328647700683,0.40255202497719067,0.07903832041424474,0.07838010792950971,0.19470802049486863,172.72717553274092,29.35789831675269,-5.150115223311393
test,data\test\images\1630_jpg.rf.e3385ecf3925f3f9ec89e381b1235ebc.jpg,1,1,0.3847198170727074,0.4842895963283197,0.43450470670051355,0.09956977925561228,0.10921501477446814,0.251355193833943,174.23627123478596,-30.993397017741316,7.135288313073156
test,data\test\images\1641_jpg.rf.9eeabb50c09146df1c2ba9b98f7f69a3.jpg,1,1,0.27287356623035014,0.29260520476477037,0.2827393854975603,0.019731638534420226,0.04572329211157046,0.1617153267526112,168.70051600821785,-16.996659495367236,6.815904680352723
test,data\test\images\1642_jpg.rf.5f3bef7c3424bab852c686bb3670b0b5.jpg,1,1,0.3139580031185628,0.34295323621899726,0.32845561966878,0.028995233100434448,0.04136189500351793,0.12592841323655213,168.03752350353005,-15.522682774424254,7.321990879513191
test,data\test\images\1644_jpg.rf.789e5621206d00a7a9ac8ed2ada78396.jpg,1,1,0.3266015646432326,0.3369597769694141,0.33178067080632334,0.010358212326181504,0.04347688938308526,0.13104105575958902,169.62823332468108,-12.090673582817075,6.0331097481185045
test,data\test\images\1645_jpg.rf.7e533aafcbfdd78899ce3b714003224c.jpg,1,1,0.3392708511536083,0.3504876873256947,0.3448792692396515,0.011216836172086408,0.049293014029603247,0.14292831847584975,167.50427641209077,-11.860341976624019,7.04993029217012
test,data\test\images\1648_jpg.rf.b365230712c9436fcbc25867030dcf9a.jpg,1,1,0.351715860731204,0.3652369823171977,0.35847642152420084,0.013521121585993723,0.10360966471904011,0.28902783697322026,168.9713686513735,-11.071389953182916,7.593940114562623
test,data\test\images\1661_jpg.rf.da89eb09e2bfb8f82fe39993a8397418.jpg,1,1,0.31032259345371765,0.3029024462098681,0.3066125198317929,0.00742014724384954,0.018165155150888894,0.05924466215813453,166.96612147672968,-0.8174690720437898,2.7002102207270218
test,data\test\images\1670_jpg.rf.6ec2b02d2bae1ac801546f96b6d2bda2.jpg,1,1,0.38528454073750235,0.38879055662181206,0.38703754867965723,0.00350601588430971,0.02401219827941007,0.06204100444860056,169.20744884244334,-3.3885736935676567,3.8232577650847577
test,data\test\images\1686_jpg.rf.5e9aca751e537059dd8983f084e9d9cb.jpg,1,1,0.3695596051640659,0.4131267469546913,0.39134317605937863,0.04356714179062543,0.19767122871346715,0.5051096858361328,-178.63580036165106,-35.78429494447115,4.219840635971592
test,data\test\images\1694_jpg.rf.1cc4ae94314b708ff436aa0f2b0ad4e4.jpg,1,1,0.38691649686242946,0.4225678043609845,0.404742150611707,0.03565130749855505,0.021103494377079087,0.05214058962029115,-178.2765227977354,-37.998691083753926,4.253336395369536
test,data\test\images\1697_jpg.rf.9315e13ca06f3f821f6fbb391d366da2.jpg,1,1,0.4230919665677087,0.5176938055372848,0.47039288605249674,0.09460183896957614,0.02033916910011336,0.04323868345628737,-178.88214168439856,-36.09897965607281,4.300230292608574
test,data\test\images\1700_jpg.rf.b364c686d5de29b234a46463e98a16fc.jpg,1,1,0.3509331274064824,0.412113588803488,0.38152335810498517,0.06118046139700556,0.041274733361894377,0.10818402722943285,-179.2127231127948,-34.281481411613996,4.699870637061181
test,data\test\images\1704_jpg.rf.320346a7969f75f84480b22e12cf2429.jpg,1,1,0.2877973531080528,0.36099185847728266,0.32439460579266777,0.07319450536922983,0.489290239015086,1.508318049307543,-159.45017378924769,-55.587380132993644,165.3745709657026
test,data\test\images\1705_jpg.rf.8c4b4436f027cfd02b154c9460acc72e.jpg,1,1,0.15902160822477568,0.20711022803661291,0.18306591813069428,0.048088619811837235,0.4773982839769957,2.6077944428529394,-165.51297847597837,-53.956081510907126,170.7253596016599
test,data\test\images\1706_jpg.rf.aabff8005686b15568f551accd321652.jpg,1,1,0.29136277004823047,0.36228419512252863,0.3268234825853795,0.07092142507429816,0.3756024343175069,1.1492516735525096,-164.5540093434624,-54.137953259690335,169.67992644330874
test,data\test\images\1720_jpg.rf.90ab218214510806bde39cb4eef8d452.jpg,1,1,0.38962559324781515,0.4376965711836585,0.41366108221573683,0.04807097793584336,0.025955274306236543,0.06274526519925333,179.57762428030523,-38.22233181853465,4.0779816253018994
test,data\test\images\172_jpg.rf.95b1a60eac7f192ab60b4fbdf572c825.jpg,1,1,0.31795761614103757,0.3119075427538346,0.3149325794474361,0.006050073387202981,0.07798897652020684,0.24763705507077782,176.7840173856965,16.776658199178993,-9.136170721340862
test,data\test\images\1748_jpg.rf.e2889256fe6cce280e626088cdf0aed1.jpg,1,1,0.3420484867242848,0.35631413443338905,0.34918131057883695,0.014265647709104268,0.37056438405702286,1.0612377376175697,160.8778473301783,3.6068396735026167,-1.4464185037450097
test,data\test\images\18016_jpg.rf.5d437f3800d105d410a72a8560f2e02e.jpg,0,0,0.4263858482609444,0.5643398660068092,0.4953628571338768,0.1379540177458648,0.02820812880520036,0.05694437602449638,-168.4661719415545,-38.40477511301689,-10.836822052060324
test,data\test\images\18017_jpg.rf.3ad36a7e7b4b522adc47b6627d29ef55.jpg,0,0,0.34740586189892203,0.3806865330626487,0.36404619748078537,0.03328067116372668,0.1362516460974633,0.3742702081228434,-175.57812088817192,-16.007054702174734,-0.8210946442093371
test,data\test\images\18021_jpg.rf.f4f0cc46fac66dd305af2461fc33e877.jpg,0,0,0.44795242978344174,0.5454476459076267,0.49670003784553424,0.09749521612418499,0.03459397340993839,0.06964761581253706,-165.1719230696954,-38.07501723140656,-13.89621978475113
test,data\test\images\203_jpg.rf.e8e2114cdcf44c0eef88b6627583d80b.jpg,1,1,0.28576896698884524,0.30947773813549506,0.29762335256217015,0.02370877114664982,0.09625180493789733,0.3234013867167611,169.26989356823853,13.233619859323055,-13.490366753461869
test,data\test\images\228_jpg.rf.ebf7dcf38d30031f466e50d3c7208507.jpg,1,1,0.30033826544208053,0.2894152753708811,0.2948767704064808,0.010922990071199457,0.39547502217141084,1.3411535321221053,165.4597336024599,-3.6059251660835963,-5.226091517952594
test,data\test\images\229_jpg.rf.9e8f81b1b99079beb85a5769d3209c19.jpg,1,1,0.3292993692515451,0.33190726174273644,0.3306033154971408,0.0026078924911913104,0.342383995852967,1.0356338844881552,167.1253649119071,4.290944965453193,-6.537695927123358
test,data\test\images\237_jpg.rf.930bb2b7f3fae8f7f35d6838deaca113.jpg,1,1,0.19939517685232627,0.1949540089712755,0.1971745929118009,0.004441167881050784,0.5141533603383768,2.607604523207334,166.58434415145805,-3.4951747814288248,-5.068048865951566
test,data\test\images\240_jpg.rf.96bfad5301297d61ba86e00b90677fb3.jpg,1,1,0.15410377719547624,0.1619159798210826,0.1580098785082794,0.007812202625606363,0.5359019799713338,3.391572634765703,164.57601848228697,-6.16923574524811,-4.329487539386678
test,data\test\images\258_jpg.rf.5692006884ef12a52e9cd2e0381de966.jpg,1,1,0.1730994732319073,0.18294044821119299,0.17801996072155013,0.009840974979285683,0.36095655216545114,2.0276184238128288,164.70467183164288,-2.3649708556700944,-5.636074713365112
test,data\test\images\271_jpg.rf.9b82b7f7908b25f7917ede78ff61c23c.jpg,1,1,0.1452094773258488,0.14787211690791094,0.14654079711687987,0.002662639582062143,0.208647809311952,1.4238206248157368,167.1023065576833,-3.303685087743282,-1.964108577199404
test,data\test\images\278_jpg.rf.4d3f3c82707b3dde64bf5f226cd16ee9.jpg,1,1,0.3123473907245204,0.3126310887627026,0.31248923974361154,0.00028369803818223405,0.017957619544826626,0.05746636127234441,177.400467936724,-0.31854109589247437,4.944613747171993
test,data\test\images\280_jpg.rf.55d5c593bae94949ef8e6478749076e5.jpg,1,1,0.14162763892709732,0.18804922876903973,0.1648384338480685,0.04642158984194242,0.06428928247351014,0.39001391224552356,175.93009705889568,-1.2941020895724864,3.074833428246453
test,data\test\images\289_jpg.rf.db1c2f3d63324c46098aff9f278ad4bf.jpg,1,1,0.2362726597272139,0.13225806294603074,0.1842653613366223,0.10401459678118316,0.020092551068251304,0.10904138967033278,176.75762296748616,20.348619015352124,-16.989228653229457
test,data\test\images\302_jpg.rf.74cba0c100c149790a160e1cbda20803.jpg,1,1,0.38043520158635213,0.3734264269997315,0.3769308142930418,0.007008774586620636,0.016890359586577884,0.044810238234984444,176.28318678229988,16.541985954420895,-10.913001563794925
test,data\test\images\320_jpg.rf.3df00c276a63fed04e43cc45a164a925.jpg,1,1,0.3698826491126573,0.37802462274215953,0.3739536359274084,0.008141973629502253,0.03073153831047739,0.08218007623929875,178.79834582364003,12.859486518698679,-6.318099233096936
test,data\test\images\335_jpg.rf.896228ffba56a89529428d15e3380815.jpg,1,1,0.359314566488973,0.38516827483249566,0.3722414206607343,0.025853708343522686,0.02579945087492561,0.0693083827939706,174.9206249709535,1.338406719578173,-2.424327322769654
test,data\test\images\358_jpg.rf.be6bb4e95e71223808039721235167af.jpg,1,1,0.21763261804931056,0.25007611769157667,0.2338543678704436,0.032443499642266116,0.030523632587988438,0.13052410722941327,166.6876106645335,-5.713121990606758,-2.340900389119435
test,data\test\images\365_jpg.rf.7a6e95869fda6a14d91c985f772f1d1a.jpg,1,1,0.29416879063973944,0.30267401279477263,0.29842140171725606,0.008505222155033187,0.11967593089040164,0.4010299871313869,166.44046974856425,0.2174813655683596,-6.9602924817225995
test,data\test\images\375_jpg.rf.fd406f0caaac222a769df48c86e5e9d5.jpg,1,1,0.2820456552499731,0.3128530455555235,0.29744935040274834,0.03080739030555041,0.13372647120185405,0.4495772844041769,168.63566895196635,-3.732908884243519,-4.677523144438234
test,data\test\images\380_jpg.rf.f986065178a4b1f3a925ae34e813a25b.jpg,1,1,0.1643912083997757,0.2226818319290385,0.1935365201644071,0.058290623529262814,0.22864555584526333,1.1814078069143308,166.35388706824205,-5.477019522214937,-4.179543664726699
test,data\test\images\395_jpg.rf.9d9c806394934658a0411f4b54f6da1f.jpg,1,1,0.32206382325068433,0.31925445369769095,0.32065913847418764,0.0028093695529933793,0.550301903537364,1.7161584920233361,164.62623345430725,-0.27852633663897114,-5.949101561317845
test,data\test\images\398_jpg.rf.04cf85b73ebd6d895eb0f599b7642d7f.jpg,1,1,0.288680459832804,0.30411420511560666,0.2963973324742053,0.015433745282802669,0.4948808760222206,1.6696536095353989,162.25678339159785,-4.991891863052095,-4.110175172061609
test,data\test\images\399_jpg.rf.0424cf8cfa864f85fdd4b6a7f115e03c.jpg,1,1,0.2607704520363433,0.28322902877861866,0.271999740407481,0.02245857674227536,0.45727533494953165,1.6811609241409222,164.8308620412908,-7.868952102256263,-1.6573734673752367
test,data\test\images\3_jpg.rf.73c086420e80c3211c214389e7f0c36e.jpg,1,1,0.3700022170900593,0.8157623526806054,0.5928822848853323,0.44576013559054606,0.15855580885892245,0.2674321916863957,174.34031330496774,-44.08736566499111,9.059063181241976
test,data\test\images\402_jpg.rf.ef780e23d0d3e990033560321a8839d0.jpg,1,1,0.2765603986983938,0.30653598999549403,0.2915481943469439,0.029975591297100257,0.5884778824736644,2.0184583334217896,161.6153009289944,-10.847138486181803,-2.829578665509181
test,data\test\images\411_jpg.rf.12a543c1167e11395a45b9aec439c7bb.jpg,1,1,0.254319783757971,0.2596781771118067,0.25699898043488884,0.0053583933538357,0.5071973954224074,1.9735385508694918,163.31437314892918,-2.1307850821983196,-5.685427052578951
test,data\test\images\414_jpg.rf.63ad1c3c999022737873635e65e58433.jpg,1,1,0.2282891578872189,0.24749290233709986,0.2378910301121594,0.01920374444988096,0.5236847536872166,2.2013640171313433,161.66197287005895,-5.157792210844044,-5.262807921942871
test,data\test\images\420_jpg.rf.150a3b27b936384e9127e5c04cc15a0d.jpg,1,1,0.32239242791984907,0.3419068874970002,0.33214965770842464,0.019514459577151144,0.04300858577808257,0.12948556405208575,168.24057132875305,-3.662353837476398,-0.9223926011101518
test,data\test\images\422_jpg.rf.c3a55ca09d6621314540770e3e47524b.jpg,1,1,0.33688475707844,0.3675139303774967,0.35219934372796835,0.030629173299056678,0.039776618516702486,0.11293779850829348,169.4600418488972,-5.226248528356456,2.10835800565437
test,data\test\images\447_jpg.rf.d7d8bcf19799d30db52fe0eeb5f199a9.jpg,1,1,0.31777803529083215,0.2967182484930501,0.30724814189194116,0.021059786797782032,0.010077417389517784,0.0327989530789807,165.1793574614662,18.801967638504674,-20.869157441248273
test,data\test\images\464_jpg.rf.34da9429eef9dcd7d147ed604db080c7.jpg,1,1,0.4398230829271631,0.2929298233437267,0.36637645313544487,0.1468932595834364,0.2340545807813128,0.6388363083333461,163.41529315007344,33.42267541273179,-27.363059654588085
test,data\test\images\500_jpg.rf.f66aaf50145f61c888b83e1a319d7742.jpg,1,1,0.2751115174451009,0.267221621035151,0.27116656924012594,0.00788989640994986,0.020902341553829924,0.07708303281043574,167.84093678058142,0.7034618487972356,-3.3896168167646157
test,data\test\images\515_jpg.rf.dd369644d435d7ba59ad1b6df456b874.jpg,1,1,0.22225968222021153,0.22757919852828576,0.22491944037424866,0.005319516308074229,0.00833334690493185,0.03705036297025193,165.97229212627838,-1.5332993185585235,-17.049007347531624
test,data\test\images\517_jpg.rf.3ee87a170e5bf53d71f401590df0dd37.jpg,1,1,0.18555288995398764,0.2315049658573305,0.20852892790565908,0.045952075903342854,0.013432185341682711,0.0644140142885096,165.15990791286924,-4.460964376117409,-14.49653521172566
test,data\test\images\520_jpg.rf.d81477cbe5cb093f3a8390d712ccd7c0.jpg,1,1,0.2541384333146992,0.28467467437826927,0.26940655384648426,0.030536241063570058,0.006548789618497998,0.024308204551807933,166.91100013248987,-1.9634494526161306,-13.651723348983348
test,data\test\images\523_jpg.rf.1c49c3f57d497fb7a7c7004667b05b7f.jpg,1,1,0.21673971104734124,0.24656281803495494,0.2316512645411481,0.0298231069876137,0.017451450392451842,0.07533501026648594,167.91982353036386,9.937611329232023,-12.707200042644502
test,data\test\images\531_jpg.rf.3875a113419567f505fcfc8a03e2fa08.jpg,1,1,0.24457952729265264,0.26574337979673646,0.25516145354469455,0.021163852504083813,0.12116312126888591,0.47484884407770767,161.94370179052348,4.219426821696489,-5.4630559411221045
test,data\test\images\540_jpg.rf.1de95d3202067bc7be5b6095fb5e5a44.jpg,1,1,0.27092742610083,0.288708226413236,0.279817826257033,0.01778080031240603,0.09947020036594173,0.3554819994726538,167.90970888104815,-9.377349398811164,-3.2965128143323965
test,data\test\images\558_jpg.rf.4caca987737b7af08a4e5bbccb4e0517.jpg,1,1,0.2250951991220294,0.2530493815257244,0.23907229032387692,0.027954182403695016,0.5683799030007508,2.377439485900909,165.70169607607278,-4.817824431459157,-4.9675688936162725
test,data\test\images\559_jpg.rf.a8934f8a00e689e270b90b4d210291de.jpg,1,1,0.22154241541926123,0.21522342627144497,0.2183829208453531,0.006318989147816256,0.5188102507888069,2.3756905932959844,166.8894618179051,-2.7805140151882104,-6.863205869494924
test,data\test\images\55_jpg.rf.e695f4f93de066b352325c7e897782a2.jpg,1,1,0.3479830222040601,0.4129967524092741,0.3804898873066671,0.065013730205214,0.035334717914187914,0.09286637856345667,-174.808571136522,-27.951804739876362,-2.266791909466458
test,data\test\images\562_jpg.rf.3ea979d87a962aefd8ccbdc8f573a81d.jpg,1,1,0.20686024914922066,0.1942357201646475,0.20054798465693408,0.012624528984573169,0.5676519152352731,2.8305042117791546,165.84881464573326,-1.8147571522919725,-6.611710007161716
test,data\test\images\580_jpg.rf.133a04132c020062a7c6b3b81f218a55.jpg,1,1,0.2177761738223208,0.22011227941145803,0.21894422661688942,0.0023361055891372162,0.4266546068054041,1.9486908305281243,161.66888227721438,-1.3848644639037873,-5.927194717060524
test,data\test\images\586_jpg.rf.2419148ed110d198404e62032f51ef5e.jpg,1,1,0.30195323514611205,0.31234773285113554,0.30715048399862377,0.010394497705023487,0.0819407103590384,0.26677708363762676,168.5033835567865,-6.941789303006449,2.113174613097986
test,data\test\images\593_jpg.rf.70f5000a9237b4f36af0e283447f060a.jpg,1,1,0.2969109182867054,0.2819691266374103,0.28944002246205786,0.0149417916492951,0.013497235056971835,0.046632234692910036,171.89096048783006,1.5720101385409753,-9.364078471280179
test,data\test\images\611_jpg.rf.ab70402300ab02734ceb056e8afbfea3.jpg,1,1,0.26172945609741205,0.2506903725555667,0.2562099143264894,0.011039083541845351,0.010878133111440608,0.04245789293531615,170.67751036451173,16.507402559063216,-13.271869458176564
test,data\test\images\615_jpg.rf.7e1177c5c9058a63a4fe38712e2a837e.jpg,1,1,0.2974988277379052,0.2474142663102472,0.2724565470240762,0.05008456142765799,0.011975270118193696,0.043952954146245844,171.78147544481902,17.103459808883922,-10.267162812058254
test,data\test\images\620_jpg.rf.90883dcd43f56f9ce140458b266bdf02.jpg,1,1,0.31507353895815765,0.283116959241671,0.29909524909991436,0.03195657971648663,0.017930380813010148,0.0599487316062998,176.58231417946848,18.165379359456324,-11.476261044423484
test,data\test\images\626_jpg.rf.dc2d618af4126c99f418a3a074fa0f49.jpg,1,1,0.2514762611206133,0.14537783489846132,0.1984270480095373,0.10609842622215196,0.01608744904874292,0.08107487971080275,178.24589049668623,24.126153462977978,-11.224774253291717
test,data\test\images\627_jpg.rf.7da29b781d848a162d8f65ec791f620b.jpg,1,1,0.24078319357293504,0.276142811215027,0.258463002393981,0.035359617642091945,0.04306241138457491,0.16660957655724318,166.37674641453515,-5.401491287351526,-8.624190805812425
test,data\test\images\672_jpg.rf.bccff86ae61f24572d4f413c085918e5.jpg,1,1,0.4152495268777302,0.4787034799809564,0.4469765034293433,0.06345395310322621,0.18284401410094026,0.40906851411227185,-178.78234068113525,-30.69575655845502,0.3373637417837656
test,data\test\images\69_jpg.rf.2a269136d959c2621798307564c129a4.jpg,1,1,0.3824945482764551,0.521667034256509,0.45208079126648204,0.13917248598005383,0.008028430554654613,0.01775884025544054,179.596644462655,-34.04821296353333,-3.506287516250173
test,data\test\images\716_jpg.rf.b655147ad33d1e18044c38707adce18e.jpg,1,1,0.1323474607575025,0.10583849969901517,0.11909298022825884,0.026508961058487338,0.48852065969987396,4.102010536335171,168.80369048462836,-3.0467481082700645,2.593608886828115
test,data\test\images\720_jpg.rf.42f2be42ceaaf6998c19810ce0e6f3a8.jpg,1,1,0.4440610307836347,0.42138925463575794,0.4327251427096963,0.022671776147876743,0.711735184156825,1.6447742779631112,171.72906645011832,10.567508158572718,-2.861826328377584
test,data\test\images\738_jpg.rf.e7829391bab7daf9483740649a9bab5b.jpg,1,1,0.37234753604940796,0.4020030976862867,0.38717531686784734,0.02965556163687877,0.05626498435767606,0.14532172353559591,172.1255389230181,-7.486248006697048,3.2227976193143997
test,data\test\images\796_jpg.rf.393c82136b774635699756654d289537.jpg,1,1,0.4134003425506533,0.4030395102735671,0.4082199264121102,0.010360832277086174,0.6480313360790971,1.587456403156788,-177.69227719906772,-34.894444178544916,-179.87323102543786
test,data\test\images\799_jpg.rf.0386b08f4bb3805bae70257b2b2e1817.jpg,1,1,0.43712258023111217,0.44804433992142345,0.4425834600762678,0.010921759690311283,0.6020809204931047,1.3603782671619757,179.05101299731044,-37.39745360542532,-177.69427692080893
test,data\test\images\810_jpg.rf.67de006960754f3bc88b90299410c0e6.jpg,1,1,0.4052478173887138,0.39772353476696687,0.40148567607784036,0.007524282621746925,0.02358386095137091,0.05874147536660425,179.35178193897647,3.324128828846319,2.4821575687102158
test,data\test\images\817_jpg.rf.11fd5c645a9f3960defa24aa6f234904.jpg,1,1,0.3007840275616922,0.25182736317795373,0.27630569536982297,0.04895666438373847,0.2801847227292234,1.0140388975848236,174.00166057541628,3.7730165114602983,2.8552897772545456
test,data\test\images\823_jpg.rf.239af20ee7493cb8e7339c28574f24f5.jpg,1,1,0.20723683838088922,0.16855453442328563,0.18789568640208743,0.03868230395760358,0.21432153284966718,1.1406410490501084,174.0528519801262,0.3858036514048978,4.352433776855784
test,data\test\images\837_jpg.rf.b7ac5465dfa3328d87959cfa39598020.jpg,1,1,0.3073821051637968,0.3296373828176762,0.3185097439907365,0.022255277653879357,0.7421576367598984,2.330093979107538,167.9773748535374,-8.273706930358857,4.455487274778636
test,data\test\images\843_jpg.rf.5937f815dd1fd9617a1cae3792f24f6c.jpg,1,1,0.3809658341589592,0.41745448197356,0.3992101580662596,0.036488647814600816,0.5041937679624867,1.2629783029689396,168.34313945086154,-5.14892096537104,2.337343588356651
test,data\test\images\862_jpg.rf.06bedca28262624f4899bf8db36c801b.jpg,1,1,0.40258833342173694,0.3955565915721902,0.3990724624969636,0.0070317418495467465,0.2195022639317719,0.550031096002877,170.74970774610813,0.4282181504719975,1.6750155693218258
test,data\test\images\8639_jpg.rf.d23b5b77289c9e6e523afbc673468487.jpg,1,1,0.34309203702049,0.23074941521048015,0.2869207261154851,0.11234262181000987,0.20999088552747425,0.7318777153901154,163.3671481577259,26.98859767957028,-26.49107138298496
test,data\test\images\8657_jpg.rf.796c16863df06d3424545ee14a501fa3.jpg,1,1,0.391294698263836,0.354360309400627,0.3728275038322315,0.03693438886320899,0.0270755250563626,0.07262212357741264,175.23343887263624,26.854260347679922,-12.547260312114435
test,data\test\images\8669_jpg.rf.94a45d3646d4f5fc9ffbf8c33342dfdd.jpg,1,1,0.36023429767479775,0.32904642584107957,0.34464036175793866,0.031187871833718184,0.17107511341787296,0.49638734286737185,163.17580628777398,19.952261357494102,-17.470202976812043
test,data\test\images\867_jpg.rf.ad6e722f20fe74904ae1a5027bb4e672.jpg,1,1,0.10396762492576372,0.12090327855000539,0.11243545173788455,0.016935653624241667,0.013615090222297711,0.1210925025145799,169.41177439806563,2.9393599235015757,1.9452846294089452
test,data\test\images\86_jpg.rf.2000386c25e320be07aef74a7c32adfb.jpg,1,1,0.35294061721386477,0.5588644787015076,0.45590254795768614,0.2059238614876428,0.600285173100663,1.3166962452606812,-76.00986221229965,-38.30504773191944,-178.6011651041859
test,data\test\images\8707_jpg.rf.f6b36b6752e1b464b432e20d395da61c.jpg,1,1,0.5841531701069886,0.4365576938711531,0.5103554319890709,0.14759547623583552,0.34021915086426013,0.6666317815767774,177.23196942467663,40.16548706463774,-14.519546025189655
test,data\test\images\8716_jpg.rf.92fd5b4f6340f341ae0277faf48198f1.jpg,1,1,0.5606715714042789,0.4397101523882914,0.5001908618962851,0.1209614190159875,0.2975565949765809,0.5948861077719557,177.85314562589582,39.45579486905488,-14.313269397994866
test,data\test\images\8748_jpg.rf.3ce5804ff649e7ed14205264ef0ade26.jpg,1,1,0.38710450490889786,0.44031753046447986,0.41371101768668883,0.053213025555581994,0.6153042906855152,1.4872804068068033,165.10861134762504,-11.673862193328494,3.5225867827033137
test,data\test\images\8752_jpg.rf.9d07196f0b0b94379bc0662a89572ee4.jpg,1,1,0.4136939240871574,0.4430293572448381,0.42836164066599774,0.029335433157680724,0.7824387757016541,1.8265845991371983,167.1746645026979,-7.055558880481534,2.2937543618381087
test,data\test\images\8797_jpg.rf.92bb34da0fb5ed66ee4d79dd21a4d4ee.jpg,1,1,0.04779727521617452,0.07115764229560761,0.05947745875589107,0.023360367079433092,0.02204426498332025,0.37063226042986963,-160.7315241942813,-28.387735146170694,-14.748382387165474
test,data\test\images\8802_jpg.rf.8ae67c2d956500bd26c90d385ad3c1b2.jpg,1,1,0.4398692781336388,0.4884764315284329,0.4641728548310359,0.0486071533947941,0.018046033681971725,0.03887783073514862,-166.4951187480555,-34.93013969503522,-9.750836047281
test,data\test\images\8871_jpg.rf.7df97c6649f2ac72f5570e1de7777d9f.jpg,0,0,0.46983094447047347,0.5742479351905198,0.5220394398304966,0.10441699072004629,0.011460882452628957,0.021954054767107718,-174.80067010784148,-34.27914535937237,2.0012049729562147
test,data\test\images\8883_jpg.rf.bb35d55be98d0ecaafdcafd29a311931.jpg,0,0,0.400081503637287,0.46977342059954336,0.43492746211841515,0.06969191696225635,0.27954051272854513,0.6427290458206023,-151.19758926091555,-42.96267443689572,163.0122659760663
test,data\test\images\8889_jpg.rf.95cad35cdecf3b1a1cc0677f3d3ca082.jpg,0,0,0.3571109761687059,0.43612515553548886,0.39661806585209736,0.07901417936678296,0.24589018790555225,0.619967190292454,-174.974499714031,-32.758251358162504,1.268029348169635
test,data\test\images\8929_jpg.rf.8881bab75fb61b95a53243da946ff754.jpg,0,0,0.35009644349073094,0.3933143960797786,0.37170541978525473,0.04321795258904765,0.259056475829828,0.6969402705494384,-173.43597107813034,-26.160776355960373,-1.680602611555664
test,data\test\images\8941_jpg.rf.fe5ca090dd5d1cd4b7f00ddca1004bd2.jpg,0,0,0.28060050843803735,0.4898624857785581,0.38523149710829774,0.20926197734052077,0.23806759691841464,0.6179858051728522,-178.44243926558502,-36.34650100273555,14.377487026531064
test,data\test\images\8944_jpg.rf.9908501c6295a70c56050509c191ff76.jpg,0,0,0.38012747265020097,0.43579145542191416,0.40795946403605754,0.055663982771713194,0.009586948390137393,0.023499757292773697,-175.13489248550886,-25.885762616638008,-13.43660042366818
test,data\test\images\8946_jpg.rf.ab34291a4358ebc7774e61742ead62d7.jpg,0,0,0.40497788574871996,0.49048651499930873,0.44773220037401434,0.08550862925058877,0.011095134098351733,0.024780737434304215,-177.00575865429047,-29.975510372714087,-8.572719380740427
test,data\test\images\8956_jpg.rf.6fea4781a5ae4bd04027310a2e144546.jpg,0,0,0.5140095436388001,0.43201447855200953,0.4730120110954048,0.08199506508679061,0.2849674513262301,0.6024528862730151,179.28098733057678,30.13037155762669,2.635871976799688
test,data\test\images\8958_jpg.rf.c8bec5f95475c153a2451f6ca55af1af.jpg,0,0,0.41196016871025104,0.5426092820375821,0.47728472537391653,0.13064911332733103,0.07244030185501919,0.15177586460213593,172.56350382857906,-39.26080568012209,18.75851171836732
test,data\test\images\8994_jpg.rf.32c70050d724075e55430a339b5069f3.jpg,0,0,0.4431183000436656,0.44972717039600896,0.4464227352198373,0.006608870352343366,0.15330835838427356,0.3434152122847823,170.19626244892584,1.036136087110888,-2.09300044984986
test,data\test\images\8_jpg.rf.faaa48e53363865f5ab59e4ec0a0e0cf.jpg,1,1,0.10472592387120148,0.1895440032887816,0.14713496357999153,0.08481807941758011,0.06583137569266873,0.4474217010756847,-175.90408961115853,-32.54700854269619,0.08594432836042643
test,data\test\images\9031_jpg.rf.dba90842538492791b20e044bd1efbb6.jpg,0,0,0.45176459080245696,1.0979562130083065,0.7748604019053817,0.6461916222058495,0.5061511062834606,0.653215863191402,-124.97594667684712,-66.75722353102391,130.1162737623105
test,data\test\images\9054_jpg.rf.233b9f0053a229a852abb4fd7e9f6b45.jpg,0,0,0.34787724403026415,0.37378498397668847,0.36083111400347634,0.025907739946424313,0.04637362622213664,0.12851892318157979,177.39881749379379,-25.305076954348895,0.7311049186216094
test,data\test\images\9057_jpg.rf.191557756f18fb67c57e15131d38d022.jpg,0,0,0.348383184526486,0.4756756781375006,0.4120294313319933,0.12729249361101463,0.275366619250777,0.6683178392392556,-179.09394403214634,-32.46060606108448,-0.7522429496210539
test,data\test\images\9063_jpg.rf.a07653c056e549cdd80cd2fe8fa499af.jpg,0,0,0.34165385236676027,0.34414493038738614,0.3428993913770732,0.00249107802062587,0.08023910114906758,0.23400187683865484,176.32501495857323,14.003626599950715,-4.65537587927258
test,data\test\images\9072_jpg.rf.f330c05a8e0a4426be9c8c43e7dedcb7.jpg,0,0,0.3213063535089881,0.3258013787265019,0.323553866117745,0.004495025217513771,0.013454565671945173,0.04158369619681472,163.5901540295399,1.0836509843170503,-9.808816837766983
test,data\test\images\9093_jpg.rf.623f8bad5ee23fcd8c74cc66385bbd41.jpg,0,0,0.2698820875662963,0.28161016466336464,0.27574612611483046,0.011728077097068357,0.010574430335369277,0.038348427534991764,168.82683696740673,-6.3370240906009885,0.38491374858834265
test,data\test\images\9097_jpg.rf.ae5492b14190863303287a7845755ed3.jpg,0,0,0.3880049654332672,0.32177760559208557,0.35489128551267635,0.06622735984118161,0.02632853663108004,0.0741876109835884,168.01763261883463,37.688759534991554,-13.933470293258402
test,data\test\images\9100_jpg.rf.10e05ff4ff8197d9c89ceb86e0f30cf8.jpg,0,0,0.29907255856016507,0.3088798606502325,0.3039762096051988,0.009807302090067416,0.024319011965569865,0.08000301075256894,172.67375545807866,5.034333011786317,-6.735753887644937
test,data\test\images\9106_jpg.rf.3759bc9d6c884eaf559e1a864cfeff75.jpg,0,0,0.32842512990629186,0.30798459113251714,0.3182048605194045,0.02044053877377472,0.08894517686917511,0.2795217418237743,170.24429335439777,9.771494796284266,-5.913697073981036
test,data\test\images\9116_jpg.rf.4e16581a272e4e96f93c6314537fb8dd.jpg,0,0,0.3261417665521107,0.3198595951425168,0.3230006808473137,0.006282171409593917,0.02721886519675979,0.0842687548687443,160.48684707352274,-4.71622605128055,-2.5775060972604966
test,data\test\images\9138_jpg.rf.d1f1808ea48e5382777f6a14e727adbf.jpg,0,0,0.3114115346076348,0.3040278863879316,0.30771971049778324,0.0073836482197032205,0.025295905851355136,0.08220437296796873,161.9433781709464,0.9632981069182485,-4.0818627345262275
test,data\test\images\9146_jpg.rf.f5797c0d97728943ff2deb14345e27cc.jpg,0,0,0.30304039093694046,0.3093784789661347,0.3062094349515376,0.006338088029194222,0.03201284400162978,0.10454558334133732,170.14106385470197,-1.3551354218628158,-0.7735758409980574
test,data\test\images\9155_jpg.rf.2bdd3d3122647e7736e3e96eedeef195.jpg,0,0,0.3480217051386005,0.3330456910529492,0.34053369809577483,0.014976014085651301,0.046930024527267945,0.13781315854993273,175.7378371876258,17.913116089624133,-10.160883650654815
test,data\test\images\9166_jpg.rf.8eb81e6f96512973f7cdd09c2059b01d.jpg,0,0,0.349934338007021,0.3465632975093634,0.34824881775819216,0.003371040497657629,0.028356803332656663,0.08142684737653959,171.66349152701133,-12.690807599588469,5.743955118048651
test,data\test\images\9182_jpg.rf.10d1f53ef84a0db9b044f4ce65f98303.jpg,0,0,0.4548542199120024,0.5695459367291222,0.5122000783205624,0.11469171681711982,0.25274041387533286,0.4934407950581263,-177.45901822200742,-34.30675681315769,1.9270597778657332
test,data\test\images\9186_jpg.rf.327028b8c2b7146c1512488f91a6625b.jpg,0,0,0.3428663836943115,0.40680685177841663,0.37483661773636406,0.06394046808410514,0.23378484951166156,0.6236980018747549,-178.39228642315223,-24.432661813758486,1.1276107617945563
test,data\test\images\9211_jpg.rf.b778a9ff629a008da59ec543124534b2.jpg,0,0,0.33146710413941816,0.4726410530271793,0.4020540785832987,0.14117394888776114,0.01634004244089435,0.040641404505759725,-176.87717825595715,-34.27689045476287,-5.081116786100519
test,data\test\images\9227_jpg.rf.5c97c3fd9e6139f02b54b46a1ace8701.jpg,0,0,0.42427063142010946,0.5119334625705704,0.4681020469953399,0.08766283115046092,0.0322703592703783,0.06893872709490535,178.84534403487015,-32.81074417465157,1.6384975652461833
test,data\test\images\9230_jpg.rf.9eff86866e7977f83e829daf52a277d3.jpg,0,0,0.4155539454644409,0.5506286042786553,0.4830912748715481,0.13507465881421443,0.03856644353100173,0.07983262281285534,178.8675834066973,-34.50730023473507,-2.1295213877617534
test,data\test\images\9248_jpg.rf.3401150c1d4de9b437615b8d14463ede.jpg,0,0,0.3840370200816619,0.38201276618080526,0.38302489313123356,0.002024253900856643,0.1559763847828892,0.40722257894984365,172.35068438083067,0.557427450334237,1.114716627695471
test,data\test\images\9281_jpg.rf.122d46d70d9157babb81b094f61c6a86.jpg,0,0,0.39811883758742644,0.40747954272777054,0.40279919015759846,0.009360705140344094,0.1786136982681043,0.4434311255646275,172.4387614393673,0.8001596778386045,0.3232978084775562
test,data\test\images\9286_jpg.rf.04390557f7e0dccc7bb44c32feb10f78.jpg,0,0,0.3596732619975402,0.3710699590141521,0.3653716105058461,0.01139669701661189,0.015054228074007176,0.04120251174732773,172.587266822414,-4.60366323632432,2.2242563688836534
test,data\test\images\9291_jpg.rf.7c79b5582a336ba0f6a35367bf5d18c5.jpg,0,0,0.3865261268165277,0.3829511253031733,0.38473862605985054,0.003575001513354381,0.15641951348347782,0.4065604618007472,173.01545348987392,2.610269518620655,-0.12945981111701105
test,data\test\images\9293_jpg.rf.e2756064123b41ce24b8c026259d5090.jpg,0,0,0.3878138948682994,0.39668903436861086,0.39225146461845517,0.008875139500311435,0.04738597801567782,0.12080510154823866,173.94267906339385,7.592619176125137,-0.5402076939978953
test,data\test\images\9297_jpg.rf.b3172320ccca90984ba8b122c782bd4c.jpg,0,0,0.4174966650994282,0.39276014272319276,0.40512840391131044,0.024736522376235415,0.27370805654358926,0.6756081625012613,170.13950270956587,5.830991480496587,0.01722407268654481
test,data\test\images\9307_jpg.rf.956e9cc1b742ac1fea687ea2cf9c0444.jpg,0,0,0.4028205213230393,0.44811483548559705,0.4254676784043182,0.04529431416255775,0.023723018244080546,0.05575750979028957,172.66568917692447,-32.73347117236668,9.734546281937513
test,data\test\images\9310_jpg.rf.74706290c526f940ea8fd2fb4a3446d5.jpg,0,0,0.42357834898069346,0.44787818326008,0.43572826612038673,0.024299834279386534,0.023503323610985487,0.05394032345033083,174.0117602098683,-28.024953438597123,5.695729093829067
test,data\test\images\9334_jpg.rf.418ad0036c7fb5c84f88f0208a22a58c.jpg,0,0,0.4100036022693919,0.50151165642844,0.45575762934891595,0.09150805415904806,0.04181914503519014,0.09175742180099526,-175.18154768835416,-34.52662179142095,-3.8916925436329497
test,data\test\images\9337_jpg.rf.cfd3b0ecc0423c1fea2bba5c1cf39ef0.jpg,0,0,0.24140999127657906,0.397423435834647,0.319416713555613,0.15601344455806795,0.08067563742759828,0.2525717471999223,-160.37482068776694,-55.57499034525308,161.15984031406452
test,data\test\images\9338_jpg.rf.096853e4f1c84913408112a94e80c065.jpg,0,0,0.2894287228013335,0.4340673160880923,0.3617480194447129,0.14463859328675877,0.04512917363730131,0.12475306349036845,-168.12168698840802,-56.5730353725944,164.0971160284703
test,data\test\images\9341_jpg.rf.6448479b214b8bd5a376c90d1c81b467.jpg,0,0,0.3932142979740074,0.40793554457485376,0.4005749212744306,0.014721246600846338,0.25978149860422173,0.6485216243136888,177.85479587490448,-24.462813374094967,-2.733360719260808
test,data\test\images\9345_jpg.rf.3475934b6e23b85de747748477ba2f89.jpg,0,0,0.37001129590658466,0.455677677522013,0.41284448671429885,0.08566638161542833,0.1219684634087398,0.2954344004432491,179.29854943457497,-31.798974127833294,-1.7480501778555193
test,data\test\images\9354_jpg.rf.1023214e1b5dd0b7b639c05e5b5c27e4.jpg,0,0,0.303695774490006,0.3376373585018499,0.32066656649592795,0.033941584011843884,0.26083245126107524,0.8134070667588211,172.98244299034843,-11.062215534928782,3.206323200007819
test,data\test\images\9362_jpg.rf.7ff67ce24a90ceaf06773baf300afd2a.jpg,0,0,0.42601526670376044,0.3983470023945863,0.4121811345491734,0.02766826430917413,0.3076030961351059,0.746281356306007,177.25649308524564,19.909172678471695,-4.422743037760476
test,data\test\images\9368_jpg.rf.6c0c07bbb194c35b52e48b4cc2ff4ba4.jpg,0,0,0.34308455544863975,0.34450381029604826,0.343794182872344,0.0014192548474085132,0.30147663565084853,0.8769102290564103,172.64831330193215,0.7421801461825764,-0.4845334289693247
test,data\test\images\9378_jpg.rf.d77fc15e061d8e39a3ecc0f230fd67a3.jpg,0,0,0.34314274039246595,0.3353546863417636,0.33924871336711476,0.0077880540507023754,0.32519153590464134,0.9585638002191579,169.0151354399289,6.007911806023915,-1.1720834560374371
test,data\test\images\9381_jpg.rf.370b3f2a056c2f8bf8c2caaf139eeea1.jpg,0,0,0.3547822689519951,0.35822342470269103,0.35650284682734307,0.0034411557506959234,0.21588521177730602,0.6055637807623477,169.74016320929056,2.3308150461246884,-0.7143149864564191
test,data\test\images\9386_jpg.rf.0e0c3c4c80e0e3549b9d4333f5c721d4.jpg,0,0,0.32648362436074685,0.32827712388119074,0.32738037412096876,0.0017934995204438864,0.012695114099966506,0.038777871563173166,173.45906248586573,12.62608978302896,-2.990868156135859
test,data\test\images\9388_jpg.rf.113156063daadb4b70c5a1982404c58e.jpg,0,0,0.47635299774735684,0.41367509719900797,0.4450140474731824,0.06267790054834887,0.025050553726045366,0.05629160218263665,175.42246948094086,23.30373702123484,-0.590153173037
test,data\test\images\9394_jpg.rf.53b92873a147aa14a78f7e76f580e19a.jpg,0,0,0.3242626216919805,0.31416595056161334,0.3192142861267969,0.010096671130367163,0.28054997424656686,0.8788766243849375,169.90274311873,1.8045904834605304,1.2355304972169119
test,data\test\images\9416_jpg.rf.64e2fefee9b04789c9139167f633e458.jpg,0,0,0.3058519568455196,0.32352318300313676,0.31468756992432817,0.01767122615761718,0.27812200023802514,0.883803577957986,171.5106083288745,-1.7563543188179886,0.786499109052283
test,data\test\images\9417_jpg.rf.b67e4c32a0562ee22f3774cce2056bed.jpg,0,0,0.3992245597090483,0.4039350186348336,0.4015797891719409,0.00471045892578531,0.23228393103092565,0.5784253523064395,170.55122433327793,-1.0106822303789498,2.151667468233448
test,data\test\images\9440_jpg.rf.c9f3ba358d2ef84fc954788700718d02.jpg,0,0,0.37278333872586805,0.5360823630356618,0.4544328508807649,0.16329902430979376,0.03394168961384972,0.07469022001394748,178.1146924494302,-36.80194578571418,6.94173887739787
test,data\test\images\9474_jpg.rf.7c4e324ac795cc4c18d20ff5e79d18ec.jpg,0,0,0.250728533119972,0.5187281703530775,0.38472835173652475,0.2679996372331055,0.1677994266079586,0.4361504054758965,-179.58006251592798,-55.38837474258758,7.613324130896506
test,data\test\images\9475_jpg.rf.fcbb610795823ef56eacec6e93c1a8fb.jpg,0,0,0.37033967030136966,0.44473179130913487,0.4075357308052523,0.07439212100776521,0.01962784185719114,0.048162260075719915,-175.15356135868186,-34.79078540648931,6.195768193224145
test,data\test\images\9509_jpg.rf.c6f4ba4d3ca36c494eb15bfad1921d01.jpg,0,0,0.2976489782737545,0.2860898184956575,0.29186939838470605,0.011559159778097017,0.21492287141892555,0.7363665824796092,176.47507355322819,1.9992210636273493,-0.11281315451391696
test,data\test\images\9510_jpg.rf.3441c3adb6034d560d1d7e7c4eab8ea4.jpg,0,0,0.33824607226161724,0.32789729024569547,0.3330716812536564,0.010348782015921765,0.2360073912397858,0.7085783767370195,-148.90081539494244,8.941037906146308,-177.54793826524755
test,data\test\images\9514_jpg.rf.b6cf25c61134b7da3315d94aa3c685a2.jpg,0,0,0.3240386945150532,0.3050342345750092,0.3145364645450312,0.01900445994004396,0.2909778443359471,0.9251005118177282,173.55694755688486,6.636066691036629,-0.251429154690826
test,data\test\images\9533_jpg.rf.0eeaf1f1e8f2840fbcb81fb9db96c043.jpg,0,0,0.5019185051650668,0.44396865069674873,0.47294357793090774,0.05794985446831802,0.06341272533170185,0.13408095233923614,171.3873325473433,26.518438772015582,-1.7466338534778643
test,data\test\images\9540_jpg.rf.173421ee246927cacef73bf17d5d9e26.jpg,0,0,0.48457169691184815,0.44023337961223624,0.4624025382620422,0.04433831729961191,0.02620217175241766,0.056665285296442214,172.732347513344,22.531689844493673,-0.26490511392842747
test,data\test\images\9552_jpg.rf.70c24fc7674a360d0c0c8589e396ef02.jpg,0,0,0.4130951248117157,0.40965515149803927,0.4113751381548775,0.0034399733136764032,0.008938259630909742,0.021727758442087963,172.56352735972877,11.890356519134924,-1.1141381174786675
test,data\test\images\9582_jpg.rf.96481316d6072462d471615d9ff7d018.jpg,0,0,0.40689836883738306,0.5532478118132306,0.4800730903253068,0.1463494429758475,0.015689423398955307,0.03268132231349158,-172.71917763181193,-42.67236812353942,4.261494433454534
test,data\test\images\9589_jpg.rf.7a00862acc86ecb341b86060efb16f3a.jpg,0,0,0.372412222675079,0.5302587286985677,0.45133547568682336,0.1578465060234887,0.19639807256780184,0.4351487599527414,-177.20332818549133,-40.30842668057325,3.600262446875023
test,data\test\images\9597_jpg.rf.dd77c18b9f90c9de0a5b46b95b08a99b.jpg,0,0,0.3660649021255292,1.0096599232711159,0.6878624126983226,0.6435950211455866,0.3040981410679378,0.4420915221621607,175.69620011861159,-52.25827089116381,8.817865410637715
test,data\test\images\9598_jpg.rf.57f91b8e424de14dc260601099b40ff8.jpg,0,0,0.3897001330895068,0.4665305286851873,0.42811533088734705,0.0768303955956805,0.017414571925733445,0.04067729106929801,-170.9809004814652,-35.268252730100826,3.350281288129561
test,data\test\images\9605_jpg.rf.85863a553d5f9b692f8f24bc7d98f8e4.jpg,0,0,0.297260663865071,0.5229864374628156,0.4101235506639433,0.2257257735977446,0.017933718524457697,0.04372759987917068,-176.9178654460422,-36.62604309705183,5.263229890130945
test,data\test\images\9608_jpg.rf.70f642fe37d679e8ac9b06886c4f0f7e.jpg,0,0,0.3533676965502231,0.4151022113913498,0.38423495397078644,0.061734514841126686,0.0035711932826646654,0.009294295705684769,-176.14810839942433,-29.776747808338175,7.0724686693749605
test,data\test\images\9625_jpg.rf.f5323d63bf7c96f5002cdc3a8e10c9b0.jpg,0,0,0.2778984526875032,0.394480947062779,0.3361896998751411,0.11658249437527579,0.008552154118001006,0.02543847750593557,-161.9148251965655,-44.39231634793564,-17.906815553149542
test,data\test\images\9635_jpg.rf.3d4a66e5a7db371ce430c05f85c0663c.jpg,0,0,0.3607923747165029,0.39547928134445265,0.37813582803047774,0.034686906627949765,0.020305724178372134,0.053699550989745125,169.60735816610787,-19.83023688276177,1.6040558320570046
test,data\test\images\9702_jpg.rf.3f3d6a2e2be363a0fbcc337f6e9ba959.jpg,0,0,0.5214455722720664,0.44977718560688634,0.48561137893947637,0.0716683866651801,0.3315955239964265,0.6828413385217535,169.86475239829886,29.093690910515335,-0.6429450670625085
test,data\test\images\9717_jpg.rf.01717f43b5ec80023ee81ada0c73cda1.jpg,0,0,0.45134374780061826,0.8026566412249738,0.6270001945127961,0.35131289342435557,0.009164494682347098,0.014616414416694515,-177.17044141383707,-45.024270733681846,3.321537803954248
test,data\test\images\9737_jpg.rf.bcedbc0460d3c1b9160a9765715a8831.jpg,0,0,0.3968493386419909,0.489135050981126,0.44299219481155844,0.09228571233913507,0.2751857674166805,0.6211977787413161,-177.9467408025193,-32.845090975841366,3.9246543338038227
test,data\test\images\9750_jpg.rf.512ef447ca451fe5d8efeca2196c1f2c.jpg,0,0,0.3769091701659889,0.7058876044493987,0.5413983873076937,0.3289784342834098,0.08044419897012428,0.14858595972212477,-149.26925297546947,-65.04979750378325,149.28850618393838
test,data\test\images\9875_jpg.rf.a53ce262d3e3fbecd8fad0a90ffc761b.jpg,0,0,0.43375771582151346,0.5637674381655681,0.49876257699354076,0.1300097223440546,0.009743368949888444,0.019535084225083363,-178.17184731638014,-33.92411662902928,5.489403503925074
test,data\test\images\9886_jpg.rf.3c757019c2b1e6103185fd62836ea525.jpg,0,0,0.37902205100985215,0.5156176263054253,0.4473198386576387,0.13659557529557315,0.020158409102427534,0.04506486714946707,179.58803840769056,-35.971079055606545,8.514622394894298
test,data\test\images\9902_jpg.rf.d999906ddfc25f7a4ec79b86335da17b.jpg,0,0,0.3599637017186588,0.40924342631057,0.3846035640146144,0.049279724591911156,0.23558268727029133,0.6125338122486549,169.0037926974589,-24.675444214206387,9.412816304037623
test,data\test\images\9928_jpg.rf.717eb19675df5eafc31f1d7a0e8670f3.jpg,0,0,0.2632812418783916,0.26785585562429687,0.2655685487513442,0.004574613745905287,0.17461978718717214,0.6575318802177559,166.15688101168996,-12.755490277383268,4.48263294144799
test,data\test\images\9930_jpg.rf.892903f0862875ca438df29a0f8d3c9b.jpg,0,0,0.3365345734116949,0.39920981261038047,0.3678721930110377,0.06267523919868556,0.01241384803341788,0.03374500239284303,169.1133888841591,-22.370440385599277,7.980668569465131
test,data\test\images\9937_jpg.rf.68ee64de0c5b8d1e81ecc73d2cec5605.jpg,0,0,0.4371144564221556,0.5394248236935767,0.4882696400578661,0.10231036727142112,0.042329924365125546,0.0866937464309862,178.9069571244981,-35.434152190894906,2.9474501615506212
test,data\test\images\9938_jpg.rf.8f87e2a5a5c2326d45ed4f9b949a6442.jpg,0,0,0.4381495381424482,0.524718513402048,0.48143402577224814,0.08656897525959978,0.043312294514626634,0.08996517112630582,179.67485089966507,-35.32378866913291,3.878610801077827
test,data\test\images\9940_jpg.rf.5f309e6c8b96f59a0b4179f33c2bacf3.jpg,0,0,0.26026166049746563,0.7588975574014101,0.5095796089494379,0.49863589690394444,0.20598734346550118,0.4042299571016389,129.69786296052877,72.6607993370637,-50.98798977434938
test,data\test\images\9949_jpg.rf.acff9f50adf82de9ca2f75ef90892212.jpg,0,0,0.3648601917089785,0.402240392124102,0.3835502919165402,0.03738020041512352,0.1067984945196005,0.2784471730837312,-174.67510881204936,-34.20656959611616,0.013262716007017112
test,data\test\images\9951_jpg.rf.0b53151e35d5282d2a615447d9867c95.jpg,0,0,0.2644921357152878,0.3879447646212183,0.326218450168253,0.1234526289059305,0.17663989488956972,0.5414773284541832,-177.45424548945212,-32.06422239845231,3.479300007276655
test,data\test\images\9964_jpg.rf.a233ad7cc865858339e650ed8a21933f.jpg,0,0,0.3287335437377268,0.36621954406646956,0.34747654390209815,0.037486000328742775,0.14961795109230236,0.43058431919495943,-179.19945303442506,-24.243859444685643,3.063983591370714
test,data\test\images\9974_jpg.rf.c3583f63ba2f37e3714e97365967e9e5.jpg,0,0,0.25400442233725384,0.44798563778869305,0.35099503006297345,0.1939812154514392,0.016928079204880372,0.04822882877242802,-179.5401418938021,-35.0668204762961,0.8022463397006535
test,data\test\images\9982_jpg.rf.b44279c110bf07514c6925504c3b2955.jpg,0,0,0.4453105600820023,0.35106801651786734,0.39818928829993483,0.09424254356413497,0.015581885016404647,0.039131853804835755,-176.5363004122649,33.66436362891736,-2.916808212608197
test,data\test\images\9983_jpg.rf.9274fd015aeefe60a6ea56d798f06d91.jpg,0,0,0.24636388005792237,0.40258736988616145,0.3244756249720419,0.15622348982823908,0.3540898989491002,1.0912681005841656,-175.11292119845425,-32.299073416786875,0.4302024436052257
test,data\test\images\9996_jpg.rf.ad315c2a1091284efeee54fd18064e73.jpg,0,0,0.49275237369353886,0.9810746962648985,0.7369135349792186,0.48832232257135966,0.08447477174051157,0.11463322049430644,175.0446858820255,-47.78870184694501,12.706948206874245
